<?xml version="1.0" encoding="UTF-8"?>
<sbml xmlns="http://www.sbml.org/sbml/level2" metaid="metaid_0000001" level="2" version="1">
  <model metaid="metaid_0000002" id="Vilar2006_TGFbeta" name="Vilar2006_TGFbeta">
    <notes>
      <body xmlns="http://www.w3.org/1999/xhtml">
        <p>The model reproduces Fig 5A of the paper. The ligand concentration is increased from 3E-5 to 0.01 at time t=2500 to ensure that the system  reaches steady state. Hence, the time t=0 of the paper corresponds to t=2500 in the model. The peak value of the active ligand receptor complex is off by a value of 1.25, the authors have stated that this discrepancy is due to the fact that the figure in the paper corresponds to a slightly different parameter set. The model was successfully tested on MathSBML.</p>
        <br/>
        <p>To the extent possible under law, all copyright and related or neighbouring rights to this encoded model have been dedicated to the public domain worldwide. Please refer to      <a href="http://creativecommons.org/publicdomain/zero/1.0/" title="Creative Commons CC0">CC0 Public Domain Dedication</a>
          for more information.      </p>
        <p>In summary, you are entitled to use this encoded model in absolutely any manner you deem suitable, verbatim, or with modification, alone or embedded it in a larger context, redistribute it, commercially or not, in a restricted way or not.</p>
        <br/>
        <p>To cite BioModels Database, please use:      <a href="http://www.ncbi.nlm.nih.gov/pubmed/20587024" target="_blank">Li C, Donizelli M, Rodriguez N, Dharuri H, Endler L, Chelliah V, Li L, He E, Henry A, Stefan MI, Snoep JL, Hucka M, Le Novère N, Laibe C (2010) BioModels Database: An enhanced, curated and annotated resource for published quantitative kinetic models. BMC Syst Biol., 4:92.</a></p>
      </body>
    </notes>
    <annotation>
      <rdf:RDF xmlns:rdf="http://www.w3.org/1999/02/22-rdf-syntax-ns#" xmlns:bqmodel="http://biomodels.net/model-qualifiers/" xmlns:vCard="http://www.w3.org/2001/vcard-rdf/3.0#" xmlns:dc="http://purl.org/dc/elements/1.1/" xmlns:dcterms="http://purl.org/dc/terms/" xmlns:bqbiol="http://biomodels.net/biology-qualifiers/">
        <rdf:Description rdf:about="#metaid_0000002">
          <dc:creator>
            <rdf:Bag>
              <rdf:li rdf:parseType="Resource">
                <vCard:N rdf:parseType="Resource">
                  <vCard:Family>Dharuri</vCard:Family>
                  <vCard:Given>Harish</vCard:Given>
                </vCard:N>
                <vCard:EMAIL>hdharuri@cds.caltech.edu</vCard:EMAIL>
                <vCard:ORG rdf:parseType="Resource">
                  <vCard:Orgname>California Institute of Technology</vCard:Orgname>
                </vCard:ORG>
              </rdf:li>
            </rdf:Bag>
          </dc:creator>
          <dcterms:created rdf:parseType="Resource">
            <dcterms:W3CDTF>2006-11-28T18:39:38Z</dcterms:W3CDTF>
          </dcterms:created>
          <dcterms:modified rdf:parseType="Resource">
            <dcterms:W3CDTF>2012-07-05T14:45:52Z</dcterms:W3CDTF>
          </dcterms:modified>
          <bqmodel:is>
            <rdf:Bag>
              <rdf:li rdf:resource="http://identifiers.org/biomodels.db/MODEL4023382414"/>
            </rdf:Bag>
          </bqmodel:is>
          <bqmodel:is>
            <rdf:Bag>
              <rdf:li rdf:resource="http://identifiers.org/biomodels.db/BIOMD0000000101"/>
            </rdf:Bag>
          </bqmodel:is>
          <bqmodel:isDescribedBy>
            <rdf:Bag>
              <rdf:li rdf:resource="http://identifiers.org/pubmed/16446785"/>
            </rdf:Bag>
          </bqmodel:isDescribedBy>
          <bqbiol:hasTaxon>
            <rdf:Bag>
              <rdf:li rdf:resource="http://identifiers.org/taxonomy/131567"/>
            </rdf:Bag>
          </bqbiol:hasTaxon>
          <bqbiol:hasPart>
            <rdf:Bag>
              <rdf:li rdf:resource="http://identifiers.org/reactome/REACT_6844.3"/>
            </rdf:Bag>
          </bqbiol:hasPart>
          <bqbiol:isVersionOf>
            <rdf:Bag>
              <rdf:li rdf:resource="http://identifiers.org/obo.go/GO:0007179"/>
            </rdf:Bag>
          </bqbiol:isVersionOf>
          <bqbiol:hasPart>
            <rdf:Bag>
              <rdf:li rdf:resource="http://identifiers.org/kegg.pathway/hsa04350"/>
            </rdf:Bag>
          </bqbiol:hasPart>
        </rdf:Description>
      </rdf:RDF>
    </annotation>
    <listOfUnitDefinitions>
      <unitDefinition metaid="metaid_0000036" id="substance" name="substance">
        <listOfUnits>
          <unit metaid="_943572" kind="item"/>
        </listOfUnits>
      </unitDefinition>
      <unitDefinition metaid="metaid_0000037" id="time" name="minutes">
        <listOfUnits>
          <unit metaid="_943584" kind="second" multiplier="3600"/>
        </listOfUnits>
      </unitDefinition>
      <unitDefinition metaid="metaid_0000038" id="min_inv" name="min_inv">
        <listOfUnits>
          <unit metaid="_943596" kind="second" exponent="-1" multiplier="3600"/>
        </listOfUnits>
      </unitDefinition>
    </listOfUnitDefinitions>
    <listOfCompartments>
      <compartment metaid="metaid_0000012" id="PM" name="Plasma membrane" size="1">
        <annotation>
          <rdf:RDF xmlns:rdf="http://www.w3.org/1999/02/22-rdf-syntax-ns#" xmlns:bqmodel="http://biomodels.net/model-qualifiers/" xmlns:bqbiol="http://biomodels.net/biology-qualifiers/">
            <rdf:Description rdf:about="#metaid_0000012">
              <bqbiol:is>
                <rdf:Bag>
                  <rdf:li rdf:resource="http://identifiers.org/obo.go/GO:0005886"/>
                </rdf:Bag>
              </bqbiol:is>
            </rdf:Description>
          </rdf:RDF>
        </annotation>
      </compartment>
      <compartment metaid="metaid_0000034" id="Endosome" name="Endosome" size="1" outside="PM">
        <annotation>
          <rdf:RDF xmlns:rdf="http://www.w3.org/1999/02/22-rdf-syntax-ns#" xmlns:bqmodel="http://biomodels.net/model-qualifiers/" xmlns:bqbiol="http://biomodels.net/biology-qualifiers/">
            <rdf:Description rdf:about="#metaid_0000034">
              <bqbiol:is>
                <rdf:Bag>
                  <rdf:li rdf:resource="http://identifiers.org/obo.go/GO:0005768"/>
                </rdf:Bag>
              </bqbiol:is>
            </rdf:Description>
          </rdf:RDF>
        </annotation>
      </compartment>
    </listOfCompartments>
    <listOfSpecies>
      <species metaid="metaid_0000013" id="RI" name="Receptor 1" compartment="PM" initialAmount="20" hasOnlySubstanceUnits="true">
        <annotation>
          <rdf:RDF xmlns:rdf="http://www.w3.org/1999/02/22-rdf-syntax-ns#" xmlns:bqmodel="http://biomodels.net/model-qualifiers/" xmlns:bqbiol="http://biomodels.net/biology-qualifiers/">
            <rdf:Description rdf:about="#metaid_0000013">
              <bqbiol:isVersionOf>
                <rdf:Bag>
                  <rdf:li rdf:resource="http://identifiers.org/uniprot/P36897"/>
                </rdf:Bag>
              </bqbiol:isVersionOf>
            </rdf:Description>
          </rdf:RDF>
        </annotation>
      </species>
      <species metaid="metaid_0000014" id="RII" name="Receptor 2" compartment="PM" initialAmount="20" hasOnlySubstanceUnits="true">
        <annotation>
          <rdf:RDF xmlns:rdf="http://www.w3.org/1999/02/22-rdf-syntax-ns#" xmlns:bqmodel="http://biomodels.net/model-qualifiers/" xmlns:bqbiol="http://biomodels.net/biology-qualifiers/">
            <rdf:Description rdf:about="#metaid_0000014">
              <bqbiol:isVersionOf>
                <rdf:Bag>
                  <rdf:li rdf:resource="http://identifiers.org/uniprot/P37173"/>
                </rdf:Bag>
              </bqbiol:isVersionOf>
            </rdf:Description>
          </rdf:RDF>
        </annotation>
      </species>
      <species metaid="metaid_0000015" id="lRIRII" name="ligand receptor complex-plasma membrane" compartment="PM" initialAmount="0" hasOnlySubstanceUnits="true">
        <annotation>
          <rdf:RDF xmlns:rdf="http://www.w3.org/1999/02/22-rdf-syntax-ns#" xmlns:bqmodel="http://biomodels.net/model-qualifiers/" xmlns:bqbiol="http://biomodels.net/biology-qualifiers/">
            <rdf:Description rdf:about="#metaid_0000015">
              <bqbiol:hasPart>
                <rdf:Bag>
                  <rdf:li rdf:resource="http://identifiers.org/uniprot/P01137"/>
                  <rdf:li rdf:resource="http://identifiers.org/uniprot/P36897"/>
                  <rdf:li rdf:resource="http://identifiers.org/uniprot/P37173"/>
                </rdf:Bag>
              </bqbiol:hasPart>
            </rdf:Description>
          </rdf:RDF>
        </annotation>
      </species>
      <species metaid="metaid_0000017" id="lRIRII_endo" name="ligand receptor complex-endosome" compartment="Endosome" initialAmount="40" hasOnlySubstanceUnits="true">
        <annotation>
          <rdf:RDF xmlns:rdf="http://www.w3.org/1999/02/22-rdf-syntax-ns#" xmlns:bqmodel="http://biomodels.net/model-qualifiers/" xmlns:bqbiol="http://biomodels.net/biology-qualifiers/">
            <rdf:Description rdf:about="#metaid_0000017">
              <bqbiol:hasPart>
                <rdf:Bag>
                  <rdf:li rdf:resource="http://identifiers.org/uniprot/P01137"/>
                  <rdf:li rdf:resource="http://identifiers.org/uniprot/P36897"/>
                  <rdf:li rdf:resource="http://identifiers.org/uniprot/P37173"/>
                </rdf:Bag>
              </bqbiol:hasPart>
            </rdf:Description>
          </rdf:RDF>
        </annotation>
      </species>
      <species metaid="metaid_0000019" id="RI_endo" name="Receptor 1-endosome" compartment="Endosome" initialAmount="0" hasOnlySubstanceUnits="true">
        <annotation>
          <rdf:RDF xmlns:rdf="http://www.w3.org/1999/02/22-rdf-syntax-ns#" xmlns:bqmodel="http://biomodels.net/model-qualifiers/" xmlns:bqbiol="http://biomodels.net/biology-qualifiers/">
            <rdf:Description rdf:about="#metaid_0000019">
              <bqbiol:isVersionOf>
                <rdf:Bag>
                  <rdf:li rdf:resource="http://identifiers.org/uniprot/P36897"/>
                </rdf:Bag>
              </bqbiol:isVersionOf>
            </rdf:Description>
          </rdf:RDF>
        </annotation>
      </species>
      <species metaid="metaid_0000020" id="RII_endo" name="Receptor 2 endosome" compartment="Endosome" initialAmount="0" hasOnlySubstanceUnits="true">
        <annotation>
          <rdf:RDF xmlns:rdf="http://www.w3.org/1999/02/22-rdf-syntax-ns#" xmlns:bqmodel="http://biomodels.net/model-qualifiers/" xmlns:bqbiol="http://biomodels.net/biology-qualifiers/">
            <rdf:Description rdf:about="#metaid_0000020">
              <bqbiol:isVersionOf>
                <rdf:Bag>
                  <rdf:li rdf:resource="http://identifiers.org/uniprot/P37173"/>
                </rdf:Bag>
              </bqbiol:isVersionOf>
            </rdf:Description>
          </rdf:RDF>
        </annotation>
      </species>
    </listOfSpecies>
    <listOfParameters>
      <parameter metaid="metaid_0000003" id="ka" value="1"/>
      <parameter metaid="metaid_0000004" id="ligand" value="3e-05" constant="false"/>
      <parameter metaid="metaid_0000005" id="kcd" value="0.0277777778"/>
      <parameter metaid="metaid_0000006" id="klid" value="0.25"/>
      <parameter metaid="metaid_0000007" id="ki" value="0.3333333333333"/>
      <parameter metaid="metaid_0000008" id="pRI" value="8"/>
      <parameter metaid="metaid_0000009" id="kr" value="0.0333333333333333"/>
      <parameter metaid="metaid_0000010" id="alpha" value="1"/>
      <parameter metaid="metaid_0000011" id="pRII" value="4"/>
    </listOfParameters>
    <listOfReactions>
      <reaction metaid="metaid_0000021" id="v1" name="Ligand receptor complex formation" reversible="false">
        <annotation>
          <rdf:RDF xmlns:rdf="http://www.w3.org/1999/02/22-rdf-syntax-ns#" xmlns:bqmodel="http://biomodels.net/model-qualifiers/" xmlns:bqbiol="http://biomodels.net/biology-qualifiers/">
            <rdf:Description rdf:about="#metaid_0000021">
              <bqbiol:is>
                <rdf:Bag>
                  <rdf:li rdf:resource="http://identifiers.org/obo.go/GO:0050431"/>
                  <rdf:li rdf:resource="http://identifiers.org/obo.go/GO:0007181"/>
                </rdf:Bag>
              </bqbiol:is>
            </rdf:Description>
          </rdf:RDF>
        </annotation>
        <listOfReactants>
          <speciesReference metaid="_943609" species="RII"/>
          <speciesReference metaid="_943621" species="RI"/>
        </listOfReactants>
        <listOfProducts>
          <speciesReference metaid="_943633" species="lRIRII"/>
        </listOfProducts>
        <kineticLaw metaid="_943645">
          <math xmlns="http://www.w3.org/1998/Math/MathML">
            <apply>
              <times/>
              <ci> ka </ci>
              <ci> ligand </ci>
              <ci> RI </ci>
              <ci> RII </ci>
            </apply>
          </math>
        </kineticLaw>
      </reaction>
      <reaction metaid="metaid_0000022" id="v2" name="Ligand receptor complex constitutive degradation" reversible="false">
        <annotation>
          <rdf:RDF xmlns:rdf="http://www.w3.org/1999/02/22-rdf-syntax-ns#" xmlns:bqmodel="http://biomodels.net/model-qualifiers/" xmlns:bqbiol="http://biomodels.net/biology-qualifiers/">
            <rdf:Description rdf:about="#metaid_0000022">
              <bqbiol:isVersionOf>
                <rdf:Bag>
                  <rdf:li rdf:resource="http://identifiers.org/obo.go/GO:0030512"/>
                </rdf:Bag>
              </bqbiol:isVersionOf>
            </rdf:Description>
          </rdf:RDF>
        </annotation>
        <listOfReactants>
          <speciesReference metaid="_943657" species="lRIRII"/>
        </listOfReactants>
        <kineticLaw metaid="_943669">
          <math xmlns="http://www.w3.org/1998/Math/MathML">
            <apply>
              <times/>
              <ci> kcd </ci>
              <ci> lRIRII </ci>
            </apply>
          </math>
        </kineticLaw>
      </reaction>
      <reaction metaid="metaid_0000023" id="v3" name="Ligand independent complex degradation" reversible="false">
        <annotation>
          <rdf:RDF xmlns:rdf="http://www.w3.org/1999/02/22-rdf-syntax-ns#" xmlns:bqmodel="http://biomodels.net/model-qualifiers/" xmlns:bqbiol="http://biomodels.net/biology-qualifiers/">
            <rdf:Description rdf:about="#metaid_0000023">
              <bqbiol:isVersionOf>
                <rdf:Bag>
                  <rdf:li rdf:resource="http://identifiers.org/obo.go/GO:0030512"/>
                </rdf:Bag>
              </bqbiol:isVersionOf>
            </rdf:Description>
          </rdf:RDF>
        </annotation>
        <listOfReactants>
          <speciesReference metaid="_943681" species="lRIRII"/>
        </listOfReactants>
        <kineticLaw metaid="_943693">
          <math xmlns="http://www.w3.org/1998/Math/MathML">
            <apply>
              <times/>
              <ci> klid </ci>
              <ci> lRIRII </ci>
            </apply>
          </math>
        </kineticLaw>
      </reaction>
      <reaction metaid="metaid_0000024" id="v4" name="Ligand receptor complex internalization" reversible="false">
        <annotation>
          <rdf:RDF xmlns:rdf="http://www.w3.org/1999/02/22-rdf-syntax-ns#" xmlns:bqmodel="http://biomodels.net/model-qualifiers/" xmlns:bqbiol="http://biomodels.net/biology-qualifiers/">
            <rdf:Description rdf:about="#metaid_0000024">
              <bqbiol:isVersionOf>
                <rdf:Bag>
                  <rdf:li rdf:resource="http://identifiers.org/obo.go/GO:0030511"/>
                </rdf:Bag>
              </bqbiol:isVersionOf>
            </rdf:Description>
          </rdf:RDF>
        </annotation>
        <listOfReactants>
          <speciesReference metaid="_943705" species="lRIRII"/>
        </listOfReactants>
        <listOfProducts>
          <speciesReference metaid="_943717" species="lRIRII_endo"/>
        </listOfProducts>
        <kineticLaw metaid="_943729">
          <math xmlns="http://www.w3.org/1998/Math/MathML">
            <apply>
              <times/>
              <ci> ki </ci>
              <ci> lRIRII </ci>
            </apply>
          </math>
        </kineticLaw>
      </reaction>
      <reaction metaid="metaid_0000025" id="v5" name="RI synthesis" reversible="false">
        <annotation>
          <rdf:RDF xmlns:rdf="http://www.w3.org/1999/02/22-rdf-syntax-ns#" xmlns:bqmodel="http://biomodels.net/model-qualifiers/" xmlns:bqbiol="http://biomodels.net/biology-qualifiers/">
            <rdf:Description rdf:about="#metaid_0000025">
              <bqbiol:isVersionOf>
                <rdf:Bag>
                  <rdf:li rdf:resource="http://identifiers.org/obo.go/GO:0006412"/>
                </rdf:Bag>
              </bqbiol:isVersionOf>
            </rdf:Description>
          </rdf:RDF>
        </annotation>
        <listOfProducts>
          <speciesReference metaid="_943741" species="RI"/>
        </listOfProducts>
        <kineticLaw metaid="_943754">
          <math xmlns="http://www.w3.org/1998/Math/MathML">
            <ci> pRI </ci>
          </math>
        </kineticLaw>
      </reaction>
      <reaction metaid="metaid_0000026" id="v6" name="RI constitutive degradation" reversible="false">
        <annotation>
          <rdf:RDF xmlns:rdf="http://www.w3.org/1999/02/22-rdf-syntax-ns#" xmlns:bqmodel="http://biomodels.net/model-qualifiers/" xmlns:bqbiol="http://biomodels.net/biology-qualifiers/">
            <rdf:Description rdf:about="#metaid_0000026">
              <bqbiol:isVersionOf>
                <rdf:Bag>
                  <rdf:li rdf:resource="http://identifiers.org/obo.go/GO:0032801"/>
                </rdf:Bag>
              </bqbiol:isVersionOf>
            </rdf:Description>
          </rdf:RDF>
        </annotation>
        <listOfReactants>
          <speciesReference metaid="_943769" species="RI"/>
        </listOfReactants>
        <kineticLaw metaid="_943781">
          <math xmlns="http://www.w3.org/1998/Math/MathML">
            <apply>
              <times/>
              <ci> kcd </ci>
              <ci> RI </ci>
            </apply>
          </math>
        </kineticLaw>
      </reaction>
      <reaction metaid="metaid_0000027" id="v7" name="RI internalization" reversible="false">
        <annotation>
          <rdf:RDF xmlns:rdf="http://www.w3.org/1999/02/22-rdf-syntax-ns#" xmlns:bqmodel="http://biomodels.net/model-qualifiers/" xmlns:bqbiol="http://biomodels.net/biology-qualifiers/">
            <rdf:Description rdf:about="#metaid_0000027">
              <bqbiol:isVersionOf>
                <rdf:Bag>
                  <rdf:li rdf:resource="http://identifiers.org/obo.go/GO:0031623"/>
                </rdf:Bag>
              </bqbiol:isVersionOf>
            </rdf:Description>
          </rdf:RDF>
        </annotation>
        <listOfReactants>
          <speciesReference metaid="_943793" species="RI"/>
        </listOfReactants>
        <listOfProducts>
          <speciesReference metaid="_943805" species="RI_endo"/>
        </listOfProducts>
        <kineticLaw metaid="_943817">
          <math xmlns="http://www.w3.org/1998/Math/MathML">
            <apply>
              <times/>
              <ci> ki </ci>
              <ci> RI </ci>
            </apply>
          </math>
        </kineticLaw>
      </reaction>
      <reaction metaid="metaid_0000028" id="v8" name="RI recycling" reversible="false">
        <annotation>
          <rdf:RDF xmlns:rdf="http://www.w3.org/1999/02/22-rdf-syntax-ns#" xmlns:bqmodel="http://biomodels.net/model-qualifiers/" xmlns:bqbiol="http://biomodels.net/biology-qualifiers/">
            <rdf:Description rdf:about="#metaid_0000028">
              <bqbiol:isVersionOf>
                <rdf:Bag>
                  <rdf:li rdf:resource="http://identifiers.org/obo.go/GO:0001881"/>
                </rdf:Bag>
              </bqbiol:isVersionOf>
            </rdf:Description>
          </rdf:RDF>
        </annotation>
        <listOfReactants>
          <speciesReference metaid="_943829" species="RI_endo"/>
        </listOfReactants>
        <listOfProducts>
          <speciesReference metaid="_943842" species="RI"/>
        </listOfProducts>
        <kineticLaw metaid="_943854">
          <math xmlns="http://www.w3.org/1998/Math/MathML">
            <apply>
              <times/>
              <ci> kr </ci>
              <ci> RI_endo </ci>
            </apply>
          </math>
        </kineticLaw>
      </reaction>
      <reaction metaid="metaid_0000029" id="v9" name="Ligand Receptor complex recycling" reversible="false">
        <annotation>
          <rdf:RDF xmlns:rdf="http://www.w3.org/1999/02/22-rdf-syntax-ns#" xmlns:bqmodel="http://biomodels.net/model-qualifiers/" xmlns:bqbiol="http://biomodels.net/biology-qualifiers/">
            <rdf:Description rdf:about="#metaid_0000029">
              <bqbiol:isVersionOf>
                <rdf:Bag>
                  <rdf:li rdf:resource="http://identifiers.org/obo.go/GO:0001881"/>
                </rdf:Bag>
              </bqbiol:isVersionOf>
            </rdf:Description>
          </rdf:RDF>
        </annotation>
        <listOfReactants>
          <speciesReference metaid="_943866" species="lRIRII_endo"/>
        </listOfReactants>
        <listOfProducts>
          <speciesReference metaid="_943878" species="RI"/>
          <speciesReference metaid="_943891" species="RII"/>
        </listOfProducts>
        <kineticLaw metaid="_943903">
          <math xmlns="http://www.w3.org/1998/Math/MathML">
            <apply>
              <times/>
              <ci> kr </ci>
              <ci> lRIRII_endo </ci>
            </apply>
          </math>
        </kineticLaw>
      </reaction>
      <reaction metaid="metaid_0000030" id="v10" name="RII synthesis" reversible="false">
        <annotation>
          <rdf:RDF xmlns:rdf="http://www.w3.org/1999/02/22-rdf-syntax-ns#" xmlns:bqmodel="http://biomodels.net/model-qualifiers/" xmlns:bqbiol="http://biomodels.net/biology-qualifiers/">
            <rdf:Description rdf:about="#metaid_0000030">
              <bqbiol:isVersionOf>
                <rdf:Bag>
                  <rdf:li rdf:resource="http://identifiers.org/obo.go/GO:0006412"/>
                </rdf:Bag>
              </bqbiol:isVersionOf>
            </rdf:Description>
          </rdf:RDF>
        </annotation>
        <listOfProducts>
          <speciesReference metaid="_943915" species="RII"/>
        </listOfProducts>
        <kineticLaw metaid="_943927">
          <math xmlns="http://www.w3.org/1998/Math/MathML">
            <ci> pRII </ci>
          </math>
        </kineticLaw>
      </reaction>
      <reaction metaid="metaid_0000031" id="v11" name="RII constitutive degradation" reversible="false">
        <annotation>
          <rdf:RDF xmlns:rdf="http://www.w3.org/1999/02/22-rdf-syntax-ns#" xmlns:bqmodel="http://biomodels.net/model-qualifiers/" xmlns:bqbiol="http://biomodels.net/biology-qualifiers/">
            <rdf:Description rdf:about="#metaid_0000031">
              <bqbiol:isVersionOf>
                <rdf:Bag>
                  <rdf:li rdf:resource="http://identifiers.org/obo.go/GO:0032801"/>
                </rdf:Bag>
              </bqbiol:isVersionOf>
            </rdf:Description>
          </rdf:RDF>
        </annotation>
        <listOfReactants>
          <speciesReference metaid="_943939" species="RII"/>
        </listOfReactants>
        <kineticLaw metaid="_943952">
          <math xmlns="http://www.w3.org/1998/Math/MathML">
            <apply>
              <times/>
              <ci> kcd </ci>
              <ci> RII </ci>
            </apply>
          </math>
        </kineticLaw>
      </reaction>
      <reaction metaid="metaid_0000032" id="v12" name="RII internalization" reversible="false">
        <annotation>
          <rdf:RDF xmlns:rdf="http://www.w3.org/1999/02/22-rdf-syntax-ns#" xmlns:bqmodel="http://biomodels.net/model-qualifiers/" xmlns:bqbiol="http://biomodels.net/biology-qualifiers/">
            <rdf:Description rdf:about="#metaid_0000032">
              <bqbiol:isVersionOf>
                <rdf:Bag>
                  <rdf:li rdf:resource="http://identifiers.org/obo.go/GO:0031623"/>
                </rdf:Bag>
              </bqbiol:isVersionOf>
            </rdf:Description>
          </rdf:RDF>
        </annotation>
        <listOfReactants>
          <speciesReference metaid="_943965" species="RII"/>
        </listOfReactants>
        <listOfProducts>
          <speciesReference metaid="_943977" species="RII_endo"/>
        </listOfProducts>
        <kineticLaw metaid="_943990">
          <math xmlns="http://www.w3.org/1998/Math/MathML">
            <apply>
              <times/>
              <ci> ki </ci>
              <ci> RII </ci>
            </apply>
          </math>
        </kineticLaw>
      </reaction>
      <reaction metaid="metaid_0000033" id="v13" name="RII recycling" reversible="false">
        <annotation>
          <rdf:RDF xmlns:rdf="http://www.w3.org/1999/02/22-rdf-syntax-ns#" xmlns:bqmodel="http://biomodels.net/model-qualifiers/" xmlns:bqbiol="http://biomodels.net/biology-qualifiers/">
            <rdf:Description rdf:about="#metaid_0000033">
              <bqbiol:isVersionOf>
                <rdf:Bag>
                  <rdf:li rdf:resource="http://identifiers.org/obo.go/GO:0001881"/>
                </rdf:Bag>
              </bqbiol:isVersionOf>
            </rdf:Description>
          </rdf:RDF>
        </annotation>
        <listOfReactants>
          <speciesReference metaid="_944004" species="RII_endo"/>
        </listOfReactants>
        <listOfProducts>
          <speciesReference metaid="_944016" species="RII"/>
        </listOfProducts>
        <kineticLaw metaid="_944028">
          <math xmlns="http://www.w3.org/1998/Math/MathML">
            <apply>
              <times/>
              <ci> kr </ci>
              <ci> RII_endo </ci>
            </apply>
          </math>
        </kineticLaw>
      </reaction>
    </listOfReactions>
    <listOfEvents>
      <event metaid="metaid_0000035" id="event_0000001">
        <trigger metaid="_944041">
          <math xmlns="http://www.w3.org/1998/Math/MathML">
            <apply>
              <geq/>
              <csymbol encoding="text" definitionURL="http://www.sbml.org/sbml/symbols/time"> t </csymbol>
              <cn> 2500 </cn>
            </apply>
          </math>
        </trigger>
        <listOfEventAssignments>
          <eventAssignment metaid="_944054" variable="ligand">
            <math xmlns="http://www.w3.org/1998/Math/MathML">
              <cn> 0.01 </cn>
            </math>
          </eventAssignment>
        </listOfEventAssignments>
      </event>
    </listOfEvents>
  </model>
</sbml>
