<?xml version='1.0' encoding='UTF-8' standalone='no'?>
<sbml xmlns="http://www.sbml.org/sbml/level2/version4" level="2" metaid="b53352cc-e09f-4846-b0ad-7317d410b208" version="4">
  <model id="Wang2008___Mimicking_the_inhibitory_effect_of_riluzole_on_membrane_conductance_in_skeletal_fibres" metaid="COPASI0" name="Wang2008 - Mimicking the inhibitory effect of riluzole on membrane conductance in skeletal fibres">
    <notes>
      <body xmlns="http://www.w3.org/1999/xhtml">
        <div class="dc:title">Wang2008 - Mimicking the inhibitory effect of
riluzole on membrane conductance in skeletal fibres</div>
<div class="dc:bibliographicCitation">
  <p>This model is described in the article:</p>
  <div class="bibo:title">
    <a href="http://identifiers.org/pubmed/18068197" title="Access to this publication">Riluzole-induced block of
    voltage-gated Na+ current and activation of BKCa channels in
    cultured differentiated human skeletal muscle cells.</a>
  </div>
  <div class="bibo:authorList">Wang YJ, Lin MW, Lin AA, Wu
  SN.</div>
  <div class="bibo:Journal">Life Sci. 2008 Jan; 82(1-2):
  11-20</div>
  <p>Abstract:</p>
  <div class="bibo:abstract">
    <p>Riluzole is known to be of therapeutic use in the management
    of amyotrophic lateral sclerosis. In this study, we
    investigated the effects of riluzole on ion currents in
    cultured differentiated human skeletal muscle cells (dHSkMCs).
    Western blotting revealed the protein expression of
    alpha-subunits for both large-conductance Ca2+-activated K+
    (BK(Ca)) channel and Na+ channel (Na(v)1.5) in these cells.
    Riluzole could reduce the frequency of spontaneous beating in
    dHSkMCs. In whole-cell configuration, riluzole suppressed
    voltage-gated Na+ current (I(Na)) in a concentration-dependent
    manner with an IC50 value of 2.3 microM. Riluzole (10 microM)
    also effectively increased Ca2+-activated K+ current (I(K(Ca)))
    which could be reversed by iberiotoxin (200 nM) and paxilline
    (1 microM), but not by apamin (200 nM). In inside-out patches,
    when applied to the inside of the cell membrane, riluzole (10
    microM) increased BK(Ca)-channel activity with a decrease in
    mean closed time. Simulation studies also unraveled that both
    decreased conductance of I(Na) and increased conductance of
    I(K(Ca)) utilized to mimic riluzole actions in skeletal muscle
    cells could combine to decrease the amplitude of action
    potentials and increase the repolarization of action
    potentials. Taken together, inhibition of I(Na) and stimulation
    of BK(Ca)-channel activity caused by this drug are partly, if
    not entirely, responsible for its muscle relaxant actions in
    clinical setting.</p>
  </div>
</div>
<div class="dc:publisher">
  <p>This model is hosted on 
  <a href="http://www.ebi.ac.uk/biomodels/">BioModels Database</a>
  and identified by: 
  <a href="http://identifiers.org/biomodels.db/BIOMD0000000693">BIOMD0000000693</a>.</p>
  <p>To cite BioModels Database, please use: 
  <a href="http://identifiers.org/pubmed/25414348" target="_blank">Chelliah V et al. BioModels: ten-year
  anniversary. Nucl. Acids Res. 2015, 43(Database
  issue):D542-8</a>.</p>
</div>
<div class="dc:license">
  <p>To the extent possible under law, all copyright and related or
  neighbouring rights to this encoded model have been dedicated to
  the public domain worldwide. Please refer to 
  <a href="http://creativecommons.org/publicdomain/zero/1.0/" title="Access to: CC0 1.0 Universal (CC0 1.0), Public Domain Dedication">CC0
  Public Domain Dedication</a> for more information.</p>
</div>
</body>
    </notes>
    <annotation>
      <rdf:RDF xmlns:rdf="http://www.w3.org/1999/02/22-rdf-syntax-ns#" xmlns:dc="http://purl.org/dc/elements/1.1/" xmlns:dcterms="http://purl.org/dc/terms/" xmlns:vCard="http://www.w3.org/2001/vcard-rdf/3.0#" xmlns:bqbiol="http://biomodels.net/biology-qualifiers/" xmlns:bqmodel="http://biomodels.net/model-qualifiers/">
        <rdf:Description rdf:about="#COPASI0">
	<dc:creator>
	<rdf:Bag>
	<rdf:li rdf:parseType="Resource">
	<vCard:N rdf:parseType="Resource">
	<vCard:Family>Roberts</vCard:Family>
	<vCard:Given>Matthew Grant</vCard:Given>
	</vCard:N>
	<vCard:EMAIL>mroberts@ebi.ac.uk</vCard:EMAIL>
	<vCard:ORG rdf:parseType="Resource">
	<vCard:Orgname>EMBL-EBI</vCard:Orgname>
	</vCard:ORG>
	</rdf:li>
	</rdf:Bag>
	</dc:creator>
	<dcterms:created rdf:parseType="Resource">
	<dcterms:W3CDTF>2018-03-21T14:33:17Z</dcterms:W3CDTF>
	</dcterms:created>
	<dcterms:modified rdf:parseType="Resource">
	<dcterms:W3CDTF>2018-03-21T16:32:29Z</dcterms:W3CDTF>
	</dcterms:modified>
	<dcterms:modified rdf:parseType="Resource">
	<dcterms:W3CDTF>2018-03-21T16:32:29Z</dcterms:W3CDTF>
	</dcterms:modified>
	<bqmodel:is>
	<rdf:Bag>
	<rdf:li rdf:resource="http://identifiers.org/biomodels.db/MODEL7817907010"/>
	</rdf:Bag>
	</bqmodel:is>
	<bqmodel:hasInstance>
	<rdf:Bag>
	<rdf:li rdf:resource="http://identifiers.org/kegg.drug/D00775"/>
	<rdf:li rdf:resource="http://identifiers.org/biomodels.db/MODEL7817907010"/>
	<rdf:li rdf:resource="http://identifiers.org/modeldb/105528"/>
	<rdf:li rdf:resource="http://identifiers.org/go/GO:0022832"/>
	<rdf:li rdf:resource="http://identifiers.org/go/GO:0042493"/>
	<rdf:li rdf:resource="http://identifiers.org/doid/DOID:332"/>
	<rdf:li rdf:resource="http://identifiers.org/bto/BTO:0001103"/>
	<rdf:li rdf:resource="http://identifiers.org/taxonomy/9606"/>
	<rdf:li rdf:resource="http://identifiers.org/go/GO:0001508"/>
	</rdf:Bag>
	</bqmodel:hasInstance>
	<bqmodel:isDescribedBy>
	<rdf:Bag>
	<rdf:li rdf:resource="http://identifiers.org/pubmed/18068197"/>
	</rdf:Bag>
	</bqmodel:isDescribedBy>
	<bqmodel:is>
	<rdf:Bag>
	<rdf:li rdf:resource="http://identifiers.org/biomodels.db/BIOMD0000000693"/>
	</rdf:Bag>
	</bqmodel:is>
	<bqbiol:hasPart>
	<rdf:Bag>
	<rdf:li rdf:resource="http://identifiers.org/kegg.drug/D00775"/>
	</rdf:Bag>
	</bqbiol:hasPart>
	<bqbiol:is>
	<rdf:Bag>
	<rdf:li rdf:resource="http://identifiers.org/modeldb/105528"/>
	</rdf:Bag>
	</bqbiol:is>
	<bqbiol:isVersionOf>
	<rdf:Bag>
	<rdf:li rdf:resource="http://identifiers.org/go/GO:0022832"/>
	</rdf:Bag>
	</bqbiol:isVersionOf>
	<bqbiol:isVersionOf>
	<rdf:Bag>
	<rdf:li rdf:resource="http://identifiers.org/go/GO:0042493"/>
	</rdf:Bag>
	</bqbiol:isVersionOf>
	<bqbiol:isVersionOf>
	<rdf:Bag>
	<rdf:li rdf:resource="http://identifiers.org/doid/DOID:332"/>
	</rdf:Bag>
	</bqbiol:isVersionOf>
	<bqbiol:occursIn>
	<rdf:Bag>
	<rdf:li rdf:resource="http://identifiers.org/bto/BTO:0001103"/>
	</rdf:Bag>
	</bqbiol:occursIn>
	<bqbiol:hasTaxon>
	<rdf:Bag>
	<rdf:li rdf:resource="http://identifiers.org/taxonomy/9606"/>
	</rdf:Bag>
	</bqbiol:hasTaxon>
	<bqbiol:isDescribedBy>
	<rdf:Bag>
	<rdf:li rdf:resource="http://identifiers.org/go/GO:0001508"/>
	<rdf:li rdf:resource="http://identifiers.org/pubmed/18068197"/>
	</rdf:Bag>
	</bqbiol:isDescribedBy>
	</rdf:Description>
	
	
	
	
      </rdf:RDF>
      <COPASI xmlns="http://www.copasi.org/static/sbml">
        <rdf:RDF xmlns:rdf="http://www.w3.org/1999/02/22-rdf-syntax-ns#" xmlns:CopasiMT="http://www.copasi.org/RDF/MiriamTerms#" xmlns:bqbiol="http://biomodels.net/biology-qualifiers/" xmlns:bqmodel="http://biomodels.net/model-qualifiers/" xmlns:dcterms="http://purl.org/dc/terms/" xmlns:vCard="http://www.w3.org/2001/vcard-rdf/3.0#">
          <rdf:Description rdf:about="#COPASI0">
            <bqbiol:hasTaxon rdf:resource="urn:miriam:taxonomy:9606"/>
            <bqmodel:isDescribedBy rdf:resource="urn:miriam:go:GO:0001508"/>
            <dcterms:bibliographicCitation>
              <rdf:Description>
                <CopasiMT:isDescribedBy rdf:resource="urn:miriam:pubmed:18068197"/>
              </rdf:Description>
            </dcterms:bibliographicCitation>
            <dcterms:created>
              <rdf:Description>
                <dcterms:W3CDTF>2018-03-21T14:33:17Z</dcterms:W3CDTF>
              </rdf:Description>
            </dcterms:created>
            <dcterms:creator>
              <rdf:Description>
                <vCard:EMAIL>mroberts@ebi.ac.uk</vCard:EMAIL>
                <vCard:N>
                  <rdf:Description>
                    <vCard:Family>Roberts</vCard:Family>
                    <vCard:Given>Matthew Grant</vCard:Given>
                  </rdf:Description>
                </vCard:N>
                <vCard:ORG>
                  <rdf:Description>
                    <vCard:Orgname>EMBL-EBI</vCard:Orgname>
                  </rdf:Description>
                </vCard:ORG>
              </rdf:Description>
            </dcterms:creator>
            <CopasiMT:hasPart rdf:resource="urn:miriam:kegg.drug:D00775"/>
            <CopasiMT:is rdf:resource="urn:miriam:biomodels.db:MODEL7817907010"/>
            <CopasiMT:is rdf:resource="urn:miriam:modeldb:105528"/>
            <CopasiMT:isVersionOf rdf:resource="urn:miriam:doid:DOID:332"/>
            <CopasiMT:isVersionOf rdf:resource="urn:miriam:go:GO:0022832"/>
            <CopasiMT:isVersionOf rdf:resource="urn:miriam:go:GO:0042493"/>
            <CopasiMT:occursIn rdf:resource="urn:miriam:bto:BTO:0001103"/>
          </rdf:Description>
        </rdf:RDF>
      </COPASI>
    </annotation>
      <listOfUnitDefinitions>
      <unitDefinition id="volume" metaid="_8e4a040a-b73d-4be8-b34f-90db26668f29" name="volume">
        <listOfUnits>
          <unit exponent="1" kind="litre" metaid="_50033d33-6995-428b-bd85-28540434dcc0" multiplier="1" scale="-3"/>
        </listOfUnits>
      </unitDefinition>
      <unitDefinition id="time" metaid="_2edf0762-658d-4178-b5c4-8649b49ce7bf" name="time">
        <listOfUnits>
          <unit exponent="1" kind="second" metaid="_4df04b13-7677-4914-be05-a6868dd2cfdd" multiplier="1" scale="-3"/>
        </listOfUnits>
      </unitDefinition>
      <unitDefinition id="substance" metaid="a066b17c-c281-4d5e-bb1f-6be6283a33fb" name="substance">
        <listOfUnits>
          <unit exponent="1" kind="mole" metaid="_8311d6e0-d7b2-4543-befc-f0eec8c01877" multiplier="1" scale="-3"/>
        </listOfUnits>
      </unitDefinition>
    </listOfUnitDefinitions>
    <listOfCompartments>
      <compartment constant="true" id="Skeletal_Muscle_Cells" metaid="COPASI1" name="Skeletal Muscle Cells" size="1" spatialDimensions="3">
        <annotation>
          <rdf:RDF xmlns:rdf="http://www.w3.org/1999/02/22-rdf-syntax-ns#" xmlns:dc="http://purl.org/dc/elements/1.1/" xmlns:dcterms="http://purl.org/dc/terms/" xmlns:vCard="http://www.w3.org/2001/vcard-rdf/3.0#" xmlns:bqbiol="http://biomodels.net/biology-qualifiers/" xmlns:bqmodel="http://biomodels.net/model-qualifiers/">
            <rdf:Description rdf:about="#COPASI1">
	<bqbiol:isVersionOf>
	<rdf:Bag>
	<rdf:li rdf:resource="http://identifiers.org/bto/BTO:0001103"/>
	</rdf:Bag>
	</bqbiol:isVersionOf>
	</rdf:Description>
	
	
	
	
          </rdf:RDF>
          <COPASI xmlns="http://www.copasi.org/static/sbml">
            <rdf:RDF xmlns:rdf="http://www.w3.org/1999/02/22-rdf-syntax-ns#" xmlns:CopasiMT="http://www.copasi.org/RDF/MiriamTerms#" xmlns:dcterms="http://purl.org/dc/terms/">
              <rdf:Description rdf:about="#COPASI1">
                <dcterms:created>
                  <rdf:Description>
                    <dcterms:W3CDTF>2018-03-21T14:54:38Z</dcterms:W3CDTF>
                  </rdf:Description>
                </dcterms:created>
                <CopasiMT:isVersionOf rdf:resource="urn:miriam:bto:BTO:0001103"/>
              </rdf:Description>
            </rdf:RDF>
          </COPASI>
        </annotation>
            </compartment>
    </listOfCompartments>
    <listOfSpecies>
      <species boundaryCondition="true" compartment="Skeletal_Muscle_Cells" constant="false" id="Vm" initialConcentration="-75" metaid="COPASI2" name="Vm">
        <annotation>
          <rdf:RDF xmlns:rdf="http://www.w3.org/1999/02/22-rdf-syntax-ns#" xmlns:dc="http://purl.org/dc/elements/1.1/" xmlns:dcterms="http://purl.org/dc/terms/" xmlns:vCard="http://www.w3.org/2001/vcard-rdf/3.0#" xmlns:bqbiol="http://biomodels.net/biology-qualifiers/" xmlns:bqmodel="http://biomodels.net/model-qualifiers/">
            <rdf:Description rdf:about="#COPASI2">
	<bqbiol:isVersionOf>
	<rdf:Bag>
	<rdf:li rdf:resource="http://identifiers.org/ncit/C82324"/>
	</rdf:Bag>
	</bqbiol:isVersionOf>
	</rdf:Description>
	
	
	
	
          </rdf:RDF>
          <COPASI xmlns="http://www.copasi.org/static/sbml">
            <rdf:RDF xmlns:rdf="http://www.w3.org/1999/02/22-rdf-syntax-ns#" xmlns:CopasiMT="http://www.copasi.org/RDF/MiriamTerms#" xmlns:dcterms="http://purl.org/dc/terms/">
              <rdf:Description rdf:about="#COPASI2">
                <dcterms:created>
                  <rdf:Description>
                    <dcterms:W3CDTF>2018-03-21T14:55:14Z</dcterms:W3CDTF>
                  </rdf:Description>
                </dcterms:created>
                <CopasiMT:isVersionOf rdf:resource="urn:miriam:ncit:C82324"/>
              </rdf:Description>
            </rdf:RDF>
          </COPASI>
        </annotation>
            </species>
      <species boundaryCondition="true" compartment="Skeletal_Muscle_Cells" constant="false" id="m" initialConcentration="0" metaid="COPASI3" name="m">
        <annotation>
          <COPASI xmlns="http://www.copasi.org/static/sbml">
            <rdf:RDF xmlns:rdf="http://www.w3.org/1999/02/22-rdf-syntax-ns#" xmlns:dcterms="http://purl.org/dc/terms/">
              <rdf:Description rdf:about="#COPASI3">
                <dcterms:created>
                  <rdf:Description>
                    <dcterms:W3CDTF>2018-03-21T15:41:47Z</dcterms:W3CDTF>
                  </rdf:Description>
                </dcterms:created>
              </rdf:Description>
            </rdf:RDF>
          </COPASI>
        </annotation>
            </species>
      <species boundaryCondition="true" compartment="Skeletal_Muscle_Cells" constant="false" id="h" initialConcentration="1" metaid="COPASI4" name="h">
        <annotation>
          <COPASI xmlns="http://www.copasi.org/static/sbml">
            <rdf:RDF xmlns:rdf="http://www.w3.org/1999/02/22-rdf-syntax-ns#" xmlns:dcterms="http://purl.org/dc/terms/">
              <rdf:Description rdf:about="#COPASI4">
                <dcterms:created>
                  <rdf:Description>
                    <dcterms:W3CDTF>2018-03-21T15:42:45Z</dcterms:W3CDTF>
                  </rdf:Description>
                </dcterms:created>
              </rdf:Description>
            </rdf:RDF>
          </COPASI>
        </annotation>
            </species>
      <species boundaryCondition="true" compartment="Skeletal_Muscle_Cells" constant="false" id="n" initialConcentration="0.1" metaid="COPASI5" name="n">
        <annotation>
          <COPASI xmlns="http://www.copasi.org/static/sbml">
            <rdf:RDF xmlns:rdf="http://www.w3.org/1999/02/22-rdf-syntax-ns#" xmlns:dcterms="http://purl.org/dc/terms/">
              <rdf:Description rdf:about="#COPASI5">
                <dcterms:created>
                  <rdf:Description>
                    <dcterms:W3CDTF>2018-03-21T15:43:51Z</dcterms:W3CDTF>
                  </rdf:Description>
                </dcterms:created>
              </rdf:Description>
            </rdf:RDF>
          </COPASI>
        </annotation>
            </species>
      <species boundaryCondition="true" compartment="Skeletal_Muscle_Cells" constant="false" id="Vt" initialConcentration="-70" metaid="COPASI6" name="Vt">
        <annotation>
          <COPASI xmlns="http://www.copasi.org/static/sbml">
            <rdf:RDF xmlns:rdf="http://www.w3.org/1999/02/22-rdf-syntax-ns#" xmlns:dcterms="http://purl.org/dc/terms/">
              <rdf:Description rdf:about="#COPASI6">
                <dcterms:created>
                  <rdf:Description>
                    <dcterms:W3CDTF>2018-03-21T15:44:56Z</dcterms:W3CDTF>
                  </rdf:Description>
                </dcterms:created>
              </rdf:Description>
            </rdf:RDF>
          </COPASI>
        </annotation>
            </species>
      <species boundaryCondition="true" compartment="Skeletal_Muscle_Cells" constant="false" id="d" initialConcentration="0" metaid="COPASI7" name="d">
        <annotation>
          <COPASI xmlns="http://www.copasi.org/static/sbml">
            <rdf:RDF xmlns:rdf="http://www.w3.org/1999/02/22-rdf-syntax-ns#" xmlns:dcterms="http://purl.org/dc/terms/">
              <rdf:Description rdf:about="#COPASI7">
                <dcterms:created>
                  <rdf:Description>
                    <dcterms:W3CDTF>2018-03-21T15:45:48Z</dcterms:W3CDTF>
                  </rdf:Description>
                </dcterms:created>
              </rdf:Description>
            </rdf:RDF>
          </COPASI>
        </annotation>
            </species>
      <species boundaryCondition="true" compartment="Skeletal_Muscle_Cells" constant="false" id="o" initialConcentration="0.1" metaid="COPASI8" name="o">
        <annotation>
          <COPASI xmlns="http://www.copasi.org/static/sbml">
            <rdf:RDF xmlns:rdf="http://www.w3.org/1999/02/22-rdf-syntax-ns#" xmlns:dcterms="http://purl.org/dc/terms/">
              <rdf:Description rdf:about="#COPASI8">
                <dcterms:created>
                  <rdf:Description>
                    <dcterms:W3CDTF>2018-03-21T15:46:45Z</dcterms:W3CDTF>
                  </rdf:Description>
                </dcterms:created>
              </rdf:Description>
            </rdf:RDF>
          </COPASI>
        </annotation>
            </species>
      <species boundaryCondition="true" compartment="Skeletal_Muscle_Cells" constant="false" id="c" initialConcentration="0.15" metaid="COPASI9" name="c">
        <annotation>
          <COPASI xmlns="http://www.copasi.org/static/sbml">
            <rdf:RDF xmlns:rdf="http://www.w3.org/1999/02/22-rdf-syntax-ns#" xmlns:dcterms="http://purl.org/dc/terms/">
              <rdf:Description rdf:about="#COPASI9">
                <dcterms:created>
                  <rdf:Description>
                    <dcterms:W3CDTF>2018-03-21T15:47:25Z</dcterms:W3CDTF>
                  </rdf:Description>
                </dcterms:created>
              </rdf:Description>
            </rdf:RDF>
          </COPASI>
        </annotation>
            </species>
      <species boundaryCondition="true" compartment="Skeletal_Muscle_Cells" constant="false" id="cer" initialConcentration="200" metaid="COPASI10" name="cer">
        <annotation>
          <COPASI xmlns="http://www.copasi.org/static/sbml">
            <rdf:RDF xmlns:rdf="http://www.w3.org/1999/02/22-rdf-syntax-ns#" xmlns:dcterms="http://purl.org/dc/terms/">
              <rdf:Description rdf:about="#COPASI10">
                <dcterms:created>
                  <rdf:Description>
                    <dcterms:W3CDTF>2018-03-21T15:29:17Z</dcterms:W3CDTF>
                  </rdf:Description>
                </dcterms:created>
              </rdf:Description>
            </rdf:RDF>
          </COPASI>
        </annotation>
            </species>
      <species boundaryCondition="true" compartment="Skeletal_Muscle_Cells" constant="false" id="INa" initialConcentration="0" metaid="COPASI11" name="INa">
        <annotation>
          <COPASI xmlns="http://www.copasi.org/static/sbml">
            <rdf:RDF xmlns:rdf="http://www.w3.org/1999/02/22-rdf-syntax-ns#" xmlns:dcterms="http://purl.org/dc/terms/">
              <rdf:Description rdf:about="#COPASI11">
                <dcterms:created>
                  <rdf:Description>
                    <dcterms:W3CDTF>2018-03-21T15:37:16Z</dcterms:W3CDTF>
                  </rdf:Description>
                </dcterms:created>
              </rdf:Description>
            </rdf:RDF>
          </COPASI>
        </annotation>
            </species>
      <species boundaryCondition="true" compartment="Skeletal_Muscle_Cells" constant="false" id="IT" initialConcentration="-0.333333333333333" metaid="COPASI12" name="IT">
        <annotation>
          <COPASI xmlns="http://www.copasi.org/static/sbml">
            <rdf:RDF xmlns:rdf="http://www.w3.org/1999/02/22-rdf-syntax-ns#" xmlns:dcterms="http://purl.org/dc/terms/">
              <rdf:Description rdf:about="#COPASI12">
                <dcterms:created>
                  <rdf:Description>
                    <dcterms:W3CDTF>2018-03-21T15:38:35Z</dcterms:W3CDTF>
                  </rdf:Description>
                </dcterms:created>
              </rdf:Description>
            </rdf:RDF>
          </COPASI>
        </annotation>
            </species>
      <species boundaryCondition="true" compartment="Skeletal_Muscle_Cells" constant="false" id="IKCa" initialConcentration="-0.0716677369048711" metaid="COPASI13" name="IKCa">
        <annotation>
          <rdf:RDF xmlns:rdf="http://www.w3.org/1999/02/22-rdf-syntax-ns#" xmlns:dc="http://purl.org/dc/elements/1.1/" xmlns:dcterms="http://purl.org/dc/terms/" xmlns:vCard="http://www.w3.org/2001/vcard-rdf/3.0#" xmlns:bqbiol="http://biomodels.net/biology-qualifiers/" xmlns:bqmodel="http://biomodels.net/model-qualifiers/">
            <rdf:Description rdf:about="#COPASI13">
	<bqbiol:isVersionOf>
	<rdf:Bag>
	<rdf:li rdf:resource="http://identifiers.org/go/GO:0015269"/>
	</rdf:Bag>
	</bqbiol:isVersionOf>
	</rdf:Description>
	
	
	
	
          </rdf:RDF>
          <COPASI xmlns="http://www.copasi.org/static/sbml">
            <rdf:RDF xmlns:rdf="http://www.w3.org/1999/02/22-rdf-syntax-ns#" xmlns:CopasiMT="http://www.copasi.org/RDF/MiriamTerms#" xmlns:dcterms="http://purl.org/dc/terms/">
              <rdf:Description rdf:about="#COPASI13">
                <dcterms:created>
                  <rdf:Description>
                    <dcterms:W3CDTF>2018-03-21T15:39:14Z</dcterms:W3CDTF>
                  </rdf:Description>
                </dcterms:created>
                <CopasiMT:isVersionOf rdf:resource="urn:miriam:go:GO:0015269"/>
              </rdf:Description>
            </rdf:RDF>
          </COPASI>
        </annotation>
            </species>
      <species boundaryCondition="true" compartment="Skeletal_Muscle_Cells" constant="false" id="ICa" initialConcentration="0" metaid="COPASI14" name="ICa">
        <annotation>
          <COPASI xmlns="http://www.copasi.org/static/sbml">
            <rdf:RDF xmlns:rdf="http://www.w3.org/1999/02/22-rdf-syntax-ns#" xmlns:dcterms="http://purl.org/dc/terms/">
              <rdf:Description rdf:about="#COPASI14">
                <dcterms:created>
                  <rdf:Description>
                    <dcterms:W3CDTF>2018-03-21T15:49:25Z</dcterms:W3CDTF>
                  </rdf:Description>
                </dcterms:created>
              </rdf:Description>
            </rdf:RDF>
          </COPASI>
        </annotation>
            </species>
      <species boundaryCondition="true" compartment="Skeletal_Muscle_Cells" constant="false" id="IL" initialConcentration="0" metaid="COPASI15" name="IL">
        <annotation>
          <COPASI xmlns="http://www.copasi.org/static/sbml">
            <rdf:RDF xmlns:rdf="http://www.w3.org/1999/02/22-rdf-syntax-ns#" xmlns:dcterms="http://purl.org/dc/terms/">
              <rdf:Description rdf:about="#COPASI15">
                <dcterms:created>
                  <rdf:Description>
                    <dcterms:W3CDTF>2018-03-21T15:50:28Z</dcterms:W3CDTF>
                  </rdf:Description>
                </dcterms:created>
              </rdf:Description>
            </rdf:RDF>
          </COPASI>
        </annotation>
            </species>
      <species boundaryCondition="true" compartment="Skeletal_Muscle_Cells" constant="false" id="IK" initialConcentration="-0.00021" metaid="COPASI16" name="IK">
        <annotation>
          <COPASI xmlns="http://www.copasi.org/static/sbml">
            <rdf:RDF xmlns:rdf="http://www.w3.org/1999/02/22-rdf-syntax-ns#" xmlns:dcterms="http://purl.org/dc/terms/">
              <rdf:Description rdf:about="#COPASI16">
                <dcterms:created>
                  <rdf:Description>
                    <dcterms:W3CDTF>2018-03-21T15:51:07Z</dcterms:W3CDTF>
                  </rdf:Description>
                </dcterms:created>
              </rdf:Description>
            </rdf:RDF>
          </COPASI>
        </annotation>
            </species>
      <species boundaryCondition="true" compartment="Skeletal_Muscle_Cells" constant="false" id="Stimulus" initialConcentration="0" metaid="COPASI17" name="Stimulus">
        <annotation>
          <rdf:RDF xmlns:rdf="http://www.w3.org/1999/02/22-rdf-syntax-ns#" xmlns:dc="http://purl.org/dc/elements/1.1/" xmlns:dcterms="http://purl.org/dc/terms/" xmlns:vCard="http://www.w3.org/2001/vcard-rdf/3.0#" xmlns:bqbiol="http://biomodels.net/biology-qualifiers/" xmlns:bqmodel="http://biomodels.net/model-qualifiers/">
            <rdf:Description rdf:about="#COPASI17">
	<bqbiol:isVersionOf>
	<rdf:Bag>
	<rdf:li rdf:resource="http://identifiers.org/ncit/C41210"/>
	</rdf:Bag>
	</bqbiol:isVersionOf>
	</rdf:Description>
	
	
	
	
          </rdf:RDF>
          <COPASI xmlns="http://www.copasi.org/static/sbml">
            <rdf:RDF xmlns:rdf="http://www.w3.org/1999/02/22-rdf-syntax-ns#" xmlns:CopasiMT="http://www.copasi.org/RDF/MiriamTerms#" xmlns:dcterms="http://purl.org/dc/terms/">
              <rdf:Description rdf:about="#COPASI17">
                <dcterms:created>
                  <rdf:Description>
                    <dcterms:W3CDTF>2018-03-21T15:52:40Z</dcterms:W3CDTF>
                  </rdf:Description>
                </dcterms:created>
                <CopasiMT:isVersionOf rdf:resource="urn:miriam:ncit:C41210"/>
              </rdf:Description>
            </rdf:RDF>
          </COPASI>
        </annotation>
            </species>
      <species boundaryCondition="true" compartment="Skeletal_Muscle_Cells" constant="false" id="beta_n" initialConcentration="0.230675848267876" metaid="COPASI18" name="beta_n">
        <annotation>
          <COPASI xmlns="http://www.copasi.org/static/sbml">
            <rdf:RDF xmlns:rdf="http://www.w3.org/1999/02/22-rdf-syntax-ns#" xmlns:dcterms="http://purl.org/dc/terms/">
              <rdf:Description rdf:about="#COPASI18">
                <dcterms:created>
                  <rdf:Description>
                    <dcterms:W3CDTF>2018-03-21T15:24:50Z</dcterms:W3CDTF>
                  </rdf:Description>
                </dcterms:created>
              </rdf:Description>
            </rdf:RDF>
          </COPASI>
        </annotation>
            </species>
      <species boundaryCondition="true" compartment="Skeletal_Muscle_Cells" constant="false" id="beta_m" initialConcentration="13.0160326809795" metaid="COPASI19" name="beta_m">
        <annotation>
          <COPASI xmlns="http://www.copasi.org/static/sbml">
            <rdf:RDF xmlns:rdf="http://www.w3.org/1999/02/22-rdf-syntax-ns#" xmlns:dcterms="http://purl.org/dc/terms/">
              <rdf:Description rdf:about="#COPASI19">
                <dcterms:created>
                  <rdf:Description>
                    <dcterms:W3CDTF>2018-03-21T15:26:06Z</dcterms:W3CDTF>
                  </rdf:Description>
                </dcterms:created>
              </rdf:Description>
            </rdf:RDF>
          </COPASI>
        </annotation>
            </species>
      <species boundaryCondition="true" compartment="Skeletal_Muscle_Cells" constant="false" id="beta_h" initialConcentration="0.038137484704699" metaid="COPASI20" name="beta_h">
        <annotation>
          <COPASI xmlns="http://www.copasi.org/static/sbml">
            <rdf:RDF xmlns:rdf="http://www.w3.org/1999/02/22-rdf-syntax-ns#" xmlns:dcterms="http://purl.org/dc/terms/">
              <rdf:Description rdf:about="#COPASI20">
                <dcterms:created>
                  <rdf:Description>
                    <dcterms:W3CDTF>2018-03-21T15:27:36Z</dcterms:W3CDTF>
                  </rdf:Description>
                </dcterms:created>
              </rdf:Description>
            </rdf:RDF>
          </COPASI>
        </annotation>
            </species>
      <species boundaryCondition="true" compartment="Skeletal_Muscle_Cells" constant="false" id="alpha_n" initialConcentration="0.00543709940740284" metaid="COPASI21" name="alpha_n">
        <annotation>
          <COPASI xmlns="http://www.copasi.org/static/sbml">
            <rdf:RDF xmlns:rdf="http://www.w3.org/1999/02/22-rdf-syntax-ns#" xmlns:dcterms="http://purl.org/dc/terms/">
              <rdf:Description rdf:about="#COPASI21">
                <dcterms:created>
                  <rdf:Description>
                    <dcterms:W3CDTF>2018-03-21T15:29:18Z</dcterms:W3CDTF>
                  </rdf:Description>
                </dcterms:created>
              </rdf:Description>
            </rdf:RDF>
          </COPASI>
        </annotation>
            </species>
      <species boundaryCondition="true" compartment="Skeletal_Muscle_Cells" constant="false" id="alpha_m" initialConcentration="0.262861215247374" metaid="COPASI22" name="alpha_m">
        <annotation>
          <COPASI xmlns="http://www.copasi.org/static/sbml">
            <rdf:RDF xmlns:rdf="http://www.w3.org/1999/02/22-rdf-syntax-ns#" xmlns:dcterms="http://purl.org/dc/terms/">
              <rdf:Description rdf:about="#COPASI22">
                <dcterms:created>
                  <rdf:Description>
                    <dcterms:W3CDTF>2018-03-21T15:30:56Z</dcterms:W3CDTF>
                  </rdf:Description>
                </dcterms:created>
              </rdf:Description>
            </rdf:RDF>
          </COPASI>
        </annotation>
            </species>
      <species boundaryCondition="true" compartment="Skeletal_Muscle_Cells" constant="false" id="alpha_h" initialConcentration="0.467439960739393" metaid="COPASI23" name="alpha_h">
        <annotation>
          <COPASI xmlns="http://www.copasi.org/static/sbml">
            <rdf:RDF xmlns:rdf="http://www.w3.org/1999/02/22-rdf-syntax-ns#" xmlns:dcterms="http://purl.org/dc/terms/">
              <rdf:Description rdf:about="#COPASI23">
                <dcterms:created>
                  <rdf:Description>
                    <dcterms:W3CDTF>2018-03-21T15:08:33Z</dcterms:W3CDTF>
                  </rdf:Description>
                </dcterms:created>
              </rdf:Description>
            </rdf:RDF>
          </COPASI>
        </annotation>
            </species>
      <species boundaryCondition="true" compartment="Skeletal_Muscle_Cells" constant="false" id="w" initialConcentration="0.286670947619484" metaid="COPASI24" name="w">
        <annotation>
          <COPASI xmlns="http://www.copasi.org/static/sbml">
            <rdf:RDF xmlns:rdf="http://www.w3.org/1999/02/22-rdf-syntax-ns#" xmlns:dcterms="http://purl.org/dc/terms/">
              <rdf:Description rdf:about="#COPASI24">
                <dcterms:created>
                  <rdf:Description>
                    <dcterms:W3CDTF>2018-03-21T15:33:18Z</dcterms:W3CDTF>
                  </rdf:Description>
                </dcterms:created>
              </rdf:Description>
            </rdf:RDF>
          </COPASI>
        </annotation>
            </species>
      <species boundaryCondition="true" compartment="Skeletal_Muscle_Cells" constant="false" id="jmem" initialConcentration="-0.03" metaid="COPASI25" name="jmem">
        <annotation>
          <COPASI xmlns="http://www.copasi.org/static/sbml">
            <rdf:RDF xmlns:rdf="http://www.w3.org/1999/02/22-rdf-syntax-ns#" xmlns:dcterms="http://purl.org/dc/terms/">
              <rdf:Description rdf:about="#COPASI25">
                <dcterms:created>
                  <rdf:Description>
                    <dcterms:W3CDTF>2018-03-21T15:34:13Z</dcterms:W3CDTF>
                  </rdf:Description>
                </dcterms:created>
              </rdf:Description>
            </rdf:RDF>
          </COPASI>
        </annotation>
            </species>
      <species boundaryCondition="true" compartment="Skeletal_Muscle_Cells" constant="false" id="jleak" initialConcentration="0.099925" metaid="COPASI26" name="jleak">
        <annotation>
          <COPASI xmlns="http://www.copasi.org/static/sbml">
            <rdf:RDF xmlns:rdf="http://www.w3.org/1999/02/22-rdf-syntax-ns#" xmlns:dcterms="http://purl.org/dc/terms/">
              <rdf:Description rdf:about="#COPASI26">
                <dcterms:created>
                  <rdf:Description>
                    <dcterms:W3CDTF>2018-03-21T15:35:20Z</dcterms:W3CDTF>
                  </rdf:Description>
                </dcterms:created>
              </rdf:Description>
            </rdf:RDF>
          </COPASI>
        </annotation>
            </species>
      <species boundaryCondition="true" compartment="Skeletal_Muscle_Cells" constant="false" id="jserca" initialConcentration="0.06" metaid="COPASI27" name="jserca">
        <annotation>
          <COPASI xmlns="http://www.copasi.org/static/sbml">
            <rdf:RDF xmlns:rdf="http://www.w3.org/1999/02/22-rdf-syntax-ns#" xmlns:dcterms="http://purl.org/dc/terms/">
              <rdf:Description rdf:about="#COPASI27">
                <dcterms:created>
                  <rdf:Description>
                    <dcterms:W3CDTF>2018-03-21T15:36:01Z</dcterms:W3CDTF>
                  </rdf:Description>
                </dcterms:created>
              </rdf:Description>
            </rdf:RDF>
          </COPASI>
        </annotation>
            </species>
      <species boundaryCondition="true" compartment="Skeletal_Muscle_Cells" constant="false" id="jer" initialConcentration="0.039925" metaid="COPASI28" name="jer">
        <annotation>
          <COPASI xmlns="http://www.copasi.org/static/sbml">
            <rdf:RDF xmlns:rdf="http://www.w3.org/1999/02/22-rdf-syntax-ns#" xmlns:dcterms="http://purl.org/dc/terms/">
              <rdf:Description rdf:about="#COPASI28">
                <dcterms:created>
                  <rdf:Description>
                    <dcterms:W3CDTF>2018-03-21T15:07:05Z</dcterms:W3CDTF>
                  </rdf:Description>
                </dcterms:created>
              </rdf:Description>
            </rdf:RDF>
          </COPASI>
        </annotation>
            </species>
    </listOfSpecies>
    <listOfParameters>
      <parameter constant="true" id="gNa_max" metaid="COPASI29" name="gNa_max" value="0.9">
        <annotation>
          <COPASI xmlns="http://www.copasi.org/static/sbml">
            <rdf:RDF xmlns:rdf="http://www.w3.org/1999/02/22-rdf-syntax-ns#" xmlns:dcterms="http://purl.org/dc/terms/">
              <rdf:Description rdf:about="#COPASI29">
                <dcterms:created>
                  <rdf:Description>
                    <dcterms:W3CDTF>2018-03-21T16:14:59Z</dcterms:W3CDTF>
                  </rdf:Description>
                </dcterms:created>
              </rdf:Description>
            </rdf:RDF>
          </COPASI>
        </annotation>
            </parameter>
      <parameter constant="true" id="gcabar" metaid="COPASI30" name="gcabar" value="0.05">
        <annotation>
          <COPASI xmlns="http://www.copasi.org/static/sbml">
            <rdf:RDF xmlns:rdf="http://www.w3.org/1999/02/22-rdf-syntax-ns#" xmlns:dcterms="http://purl.org/dc/terms/">
              <rdf:Description rdf:about="#COPASI30">
                <dcterms:created>
                  <rdf:Description>
                    <dcterms:W3CDTF>2018-03-21T16:01:35Z</dcterms:W3CDTF>
                  </rdf:Description>
                </dcterms:created>
              </rdf:Description>
            </rdf:RDF>
          </COPASI>
        </annotation>
            </parameter>
      <parameter constant="true" id="gk_max" metaid="COPASI31" name="gk_max" value="0.42">
        <annotation>
          <COPASI xmlns="http://www.copasi.org/static/sbml">
            <rdf:RDF xmlns:rdf="http://www.w3.org/1999/02/22-rdf-syntax-ns#" xmlns:dcterms="http://purl.org/dc/terms/">
              <rdf:Description rdf:about="#COPASI31">
                <dcterms:created>
                  <rdf:Description>
                    <dcterms:W3CDTF>2018-03-21T16:01:15Z</dcterms:W3CDTF>
                  </rdf:Description>
                </dcterms:created>
              </rdf:Description>
            </rdf:RDF>
          </COPASI>
        </annotation>
            </parameter>
      <parameter constant="true" id="gL_max" metaid="_7f628ea3-b053-4c08-9fc5-77358136a7bd" name="gL_max" value="0.0024"/>
      <parameter constant="true" id="gKca" metaid="COPASI32" name="gKca" value="0.5">
        <annotation>
          <COPASI xmlns="http://www.copasi.org/static/sbml">
            <rdf:RDF xmlns:rdf="http://www.w3.org/1999/02/22-rdf-syntax-ns#" xmlns:dcterms="http://purl.org/dc/terms/">
              <rdf:Description rdf:about="#COPASI32">
                <dcterms:created>
                  <rdf:Description>
                    <dcterms:W3CDTF>2018-03-21T16:01:23Z</dcterms:W3CDTF>
                  </rdf:Description>
                </dcterms:created>
              </rdf:Description>
            </rdf:RDF>
          </COPASI>
        </annotation>
            </parameter>
      <parameter constant="true" id="ENa" metaid="COPASI33" name="ENa" value="50">
        <annotation>
          <COPASI xmlns="http://www.copasi.org/static/sbml">
            <rdf:RDF xmlns:rdf="http://www.w3.org/1999/02/22-rdf-syntax-ns#" xmlns:dcterms="http://purl.org/dc/terms/">
              <rdf:Description rdf:about="#COPASI33">
                <dcterms:created>
                  <rdf:Description>
                    <dcterms:W3CDTF>2018-03-21T16:16:39Z</dcterms:W3CDTF>
                  </rdf:Description>
                </dcterms:created>
              </rdf:Description>
            </rdf:RDF>
          </COPASI>
        </annotation>
            </parameter>
      <parameter constant="true" id="EK" metaid="COPASI34" name="EK" value="-70">
        <annotation>
          <COPASI xmlns="http://www.copasi.org/static/sbml">
            <rdf:RDF xmlns:rdf="http://www.w3.org/1999/02/22-rdf-syntax-ns#" xmlns:dcterms="http://purl.org/dc/terms/">
              <rdf:Description rdf:about="#COPASI34">
                <dcterms:created>
                  <rdf:Description>
                    <dcterms:W3CDTF>2018-03-21T16:16:47Z</dcterms:W3CDTF>
                  </rdf:Description>
                </dcterms:created>
              </rdf:Description>
            </rdf:RDF>
          </COPASI>
        </annotation>
            </parameter>
      <parameter constant="true" id="EL" metaid="_9dc4eae0-d1b5-4493-a54b-2e67b5016649" name="EL" value="-75"/>
      <parameter constant="true" id="ECa" metaid="COPASI35" name="ECa" value="50">
        <annotation>
          <COPASI xmlns="http://www.copasi.org/static/sbml">
            <rdf:RDF xmlns:rdf="http://www.w3.org/1999/02/22-rdf-syntax-ns#" xmlns:dcterms="http://purl.org/dc/terms/">
              <rdf:Description rdf:about="#COPASI35">
                <dcterms:created>
                  <rdf:Description>
                    <dcterms:W3CDTF>2018-03-21T16:16:43Z</dcterms:W3CDTF>
                  </rdf:Description>
                </dcterms:created>
              </rdf:Description>
            </rdf:RDF>
          </COPASI>
        </annotation>
            </parameter>
      <parameter constant="true" id="En" metaid="_0d49aaf3-ef00-4540-85e3-a8451518632b" name="En" value="-40"/>
      <parameter constant="true" id="Em" metaid="f6b929bd-c5fe-4953-bfe2-4d3c2ea0908b" name="Em" value="-42"/>
      <parameter constant="true" id="Eh" metaid="_28e6786c-9368-4481-96d6-4e8a832c6c5b" name="Eh" value="-41"/>
      <parameter constant="true" id="Ct" metaid="_0f738c01-74a3-4c20-b562-5dd9fa7a2639" name="Ct" value="0.04"/>
      <parameter constant="true" id="Cm" metaid="COPASI36" name="Cm" value="0.009">
        <annotation>
          <COPASI xmlns="http://www.copasi.org/static/sbml">
            <rdf:RDF xmlns:rdf="http://www.w3.org/1999/02/22-rdf-syntax-ns#" xmlns:dcterms="http://purl.org/dc/terms/">
              <rdf:Description rdf:about="#COPASI36">
                <dcterms:created>
                  <rdf:Description>
                    <dcterms:W3CDTF>2018-03-21T16:00:58Z</dcterms:W3CDTF>
                  </rdf:Description>
                </dcterms:created>
              </rdf:Description>
            </rdf:RDF>
          </COPASI>
        </annotation>
            </parameter>
      <parameter constant="true" id="Rs" metaid="_58ff1628-8cb9-4ca5-a148-bbfaa5791cf0" name="Rs" value="15"/>
      <parameter constant="true" id="Am" metaid="d40862e0-6b8f-47f1-9016-79ba28ea142e" name="Am" value="200"/>
      <parameter constant="true" id="alpha_n_max" metaid="f0714781-a968-4c64-8875-1a125f489a75" name="alpha_n_max" value="0.0229"/>
      <parameter constant="true" id="beta_n_max" metaid="dd057183-4715-4e3d-9bb4-58a4aaa75238" name="beta_n_max" value="0.09616"/>
      <parameter constant="true" id="v_alpha_m" metaid="COPASI37" name="v_alpha_m" value="10">
        <annotation>
          <COPASI xmlns="http://www.copasi.org/static/sbml">
            <rdf:RDF xmlns:rdf="http://www.w3.org/1999/02/22-rdf-syntax-ns#" xmlns:dcterms="http://purl.org/dc/terms/">
              <rdf:Description rdf:about="#COPASI37">
                <dcterms:created>
                  <rdf:Description>
                    <dcterms:W3CDTF>2018-03-21T16:16:04Z</dcterms:W3CDTF>
                  </rdf:Description>
                </dcterms:created>
              </rdf:Description>
            </rdf:RDF>
          </COPASI>
        </annotation>
            </parameter>
      <parameter constant="true" id="v_alpha_n" metaid="_006485a4-131d-44e3-ac08-99c52b861b02" name="v_alpha_n" value="7"/>
      <parameter constant="true" id="v_alpha_h" metaid="COPASI38" name="v_alpha_h" value="14.7">
        <annotation>
          <COPASI xmlns="http://www.copasi.org/static/sbml">
            <rdf:RDF xmlns:rdf="http://www.w3.org/1999/02/22-rdf-syntax-ns#" xmlns:dcterms="http://purl.org/dc/terms/">
              <rdf:Description rdf:about="#COPASI38">
                <dcterms:created>
                  <rdf:Description>
                    <dcterms:W3CDTF>2018-03-21T16:16:03Z</dcterms:W3CDTF>
                  </rdf:Description>
                </dcterms:created>
              </rdf:Description>
            </rdf:RDF>
          </COPASI>
        </annotation>
            </parameter>
      <parameter constant="true" id="alpha_m_max" metaid="COPASI39" name="alpha_m_max" value="0.208">
        <annotation>
          <COPASI xmlns="http://www.copasi.org/static/sbml">
            <rdf:RDF xmlns:rdf="http://www.w3.org/1999/02/22-rdf-syntax-ns#" xmlns:dcterms="http://purl.org/dc/terms/">
              <rdf:Description rdf:about="#COPASI39">
                <dcterms:created>
                  <rdf:Description>
                    <dcterms:W3CDTF>2018-03-21T15:24:41Z</dcterms:W3CDTF>
                  </rdf:Description>
                </dcterms:created>
              </rdf:Description>
            </rdf:RDF>
          </COPASI>
        </annotation>
            </parameter>
      <parameter constant="true" id="beta_m_max" metaid="_230eb426-39e8-44bb-9e38-08baa2645c67" name="beta_m_max" value="2.081"/>
      <parameter constant="true" id="v_beta_n" metaid="COPASI40" name="v_beta_n" value="40">
        <annotation>
          <COPASI xmlns="http://www.copasi.org/static/sbml">
            <rdf:RDF xmlns:rdf="http://www.w3.org/1999/02/22-rdf-syntax-ns#" xmlns:dcterms="http://purl.org/dc/terms/">
              <rdf:Description rdf:about="#COPASI40">
                <dcterms:created>
                  <rdf:Description>
                    <dcterms:W3CDTF>2018-03-21T16:16:21Z</dcterms:W3CDTF>
                  </rdf:Description>
                </dcterms:created>
              </rdf:Description>
            </rdf:RDF>
          </COPASI>
        </annotation>
            </parameter>
      <parameter constant="true" id="v_beta_m" metaid="COPASI41" name="v_beta_m" value="18">
        <annotation>
          <COPASI xmlns="http://www.copasi.org/static/sbml">
            <rdf:RDF xmlns:rdf="http://www.w3.org/1999/02/22-rdf-syntax-ns#" xmlns:dcterms="http://purl.org/dc/terms/">
              <rdf:Description rdf:about="#COPASI41">
                <dcterms:created>
                  <rdf:Description>
                    <dcterms:W3CDTF>2018-03-21T16:16:20Z</dcterms:W3CDTF>
                  </rdf:Description>
                </dcterms:created>
              </rdf:Description>
            </rdf:RDF>
          </COPASI>
        </annotation>
            </parameter>
      <parameter constant="true" id="v_beta_h" metaid="COPASI42" name="v_beta_h" value="7.6">
        <annotation>
          <COPASI xmlns="http://www.copasi.org/static/sbml">
            <rdf:RDF xmlns:rdf="http://www.w3.org/1999/02/22-rdf-syntax-ns#" xmlns:dcterms="http://purl.org/dc/terms/">
              <rdf:Description rdf:about="#COPASI42">
                <dcterms:created>
                  <rdf:Description>
                    <dcterms:W3CDTF>2018-03-21T16:16:04Z</dcterms:W3CDTF>
                  </rdf:Description>
                </dcterms:created>
              </rdf:Description>
            </rdf:RDF>
          </COPASI>
        </annotation>
            </parameter>
      <parameter constant="true" id="alpha_h_max" metaid="_4ec2bf8c-a9cc-4e6c-92e9-f53976107ef5" name="alpha_h_max" value="0.0156"/>
      <parameter constant="true" id="beta_h_max" metaid="_0a1bdc6f-dcdc-4690-a7e4-64154bfb6fc1" name="beta_h_max" value="3.382"/>
      <parameter constant="true" id="kd" metaid="_76585cca-bcfb-49e4-9d82-bb03b5f5817e" name="kd" value="0.18"/>
      <parameter constant="true" id="alpha" metaid="_9519cdf5-5a37-48f5-aa2b-44aff3d11084" name="alpha" value="4.5E-6"/>
      <parameter constant="true" id="kpmca" metaid="_53725aee-8b8c-44dc-b870-b7ae7dd8d360" name="kpmca" value="0.2"/>
      <parameter constant="true" id="pleak" metaid="_194c9cc8-58f3-4bcc-86ec-50d282f4dfbc" name="pleak" value="0.0005"/>
      <parameter constant="true" id="kserca" metaid="b75df6d6-a2c4-4449-ab5c-0563ea760c16" name="kserca" value="0.4"/>
      <parameter constant="true" id="d1" metaid="_8eb1e47f-92b2-4bfc-a182-7365d0f5f1d2" name="d1" value="0.84"/>
      <parameter constant="true" id="d2" metaid="_57de1a68-647c-44f4-a55c-eab96ce81631" name="d2" value="1"/>
      <parameter constant="true" id="k1" metaid="_9b91d784-b16d-4d44-8ab9-2cb4ed492185" name="k1" value="0.18"/>
      <parameter constant="true" id="k2" metaid="_1c3fb91e-77d6-46f9-8517-06112e092e5c" name="k2" value="0.011"/>
      <parameter constant="true" id="bbar" metaid="_70f440a4-865d-49ab-a2ec-f7fcab4a5b57" name="bbar" value="0.28"/>
      <parameter constant="true" id="abar" metaid="fe727a33-9c49-4abe-80b1-357b65324ae8" name="abar" value="0.48"/>
      <parameter constant="true" id="fer" metaid="_2fcc5aaf-7a31-4158-9a79-529c55065b8b" name="fer" value="0.01"/>
      <parameter constant="true" id="vcytver" metaid="b80125b3-9b99-4ba7-8aec-9dc77aa73388" name="vcytver" value="5"/>
      <parameter constant="true" id="fcyt" metaid="a23a35cd-4b64-4f97-b376-fce70d9d89b2" name="fcyt" value="0.01"/>
      <parameter constant="true" id="Stimulus_Period" metaid="_9bed3a65-04bb-4782-a839-601d763aff1e" name="Stimulus_Period" value="50"/>
      <parameter constant="true" id="Stimulus_Magnitude" metaid="COPASI43" name="Stimulus_Magnitude" value="2">
        <annotation>
          <COPASI xmlns="http://www.copasi.org/static/sbml">
            <rdf:RDF xmlns:rdf="http://www.w3.org/1999/02/22-rdf-syntax-ns#" xmlns:dcterms="http://purl.org/dc/terms/">
              <rdf:Description rdf:about="#COPASI43">
                <dcterms:created>
                  <rdf:Description>
                    <dcterms:W3CDTF>2018-03-21T16:02:47Z</dcterms:W3CDTF>
                  </rdf:Description>
                </dcterms:created>
              </rdf:Description>
            </rdf:RDF>
          </COPASI>
        </annotation>
            </parameter>
      <parameter constant="true" id="Stimulus_Start" metaid="e74e841d-3550-4fff-a101-7b18c48b83e3" name="Stimulus_Start" value="5"/>
      <parameter constant="true" id="Stimulus_Duration" metaid="_167e31fb-b3af-49c3-ada1-a2fdda21a6e9" name="Stimulus_Duration" value="1"/>
      <parameter constant="false" id="alp" metaid="COPASI44" name="alp" value="0.00354945558456175">
        <annotation>
          <COPASI xmlns="http://www.copasi.org/static/sbml">
            <rdf:RDF xmlns:rdf="http://www.w3.org/1999/02/22-rdf-syntax-ns#" xmlns:dcterms="http://purl.org/dc/terms/">
              <rdf:Description rdf:about="#COPASI44">
                <dcterms:created>
                  <rdf:Description>
                    <dcterms:W3CDTF>2018-03-21T15:13:25Z</dcterms:W3CDTF>
                  </rdf:Description>
                </dcterms:created>
              </rdf:Description>
            </rdf:RDF>
          </COPASI>
        </annotation>
            </parameter>
      <parameter constant="false" id="beta" metaid="COPASI45" name="beta" value="0.266759050672767">
        <annotation>
          <COPASI xmlns="http://www.copasi.org/static/sbml">
            <rdf:RDF xmlns:rdf="http://www.w3.org/1999/02/22-rdf-syntax-ns#" xmlns:dcterms="http://purl.org/dc/terms/">
              <rdf:Description rdf:about="#COPASI45">
                <dcterms:created>
                  <rdf:Description>
                    <dcterms:W3CDTF>2018-03-21T15:17:04Z</dcterms:W3CDTF>
                  </rdf:Description>
                </dcterms:created>
              </rdf:Description>
            </rdf:RDF>
          </COPASI>
        </annotation>
            </parameter>
      <parameter constant="false" id="tau" metaid="COPASI46" name="tau" value="3.69947662338091">
        <annotation>
          <COPASI xmlns="http://www.copasi.org/static/sbml">
            <rdf:RDF xmlns:rdf="http://www.w3.org/1999/02/22-rdf-syntax-ns#" xmlns:dcterms="http://purl.org/dc/terms/">
              <rdf:Description rdf:about="#COPASI46">
                <dcterms:created>
                  <rdf:Description>
                    <dcterms:W3CDTF>2018-03-21T15:18:41Z</dcterms:W3CDTF>
                  </rdf:Description>
                </dcterms:created>
              </rdf:Description>
            </rdf:RDF>
          </COPASI>
        </annotation>
            </parameter>
      <parameter constant="false" id="ooinf" metaid="COPASI47" name="ooinf" value="0.013131127960815">
        <annotation>
          <COPASI xmlns="http://www.copasi.org/static/sbml">
            <rdf:RDF xmlns:rdf="http://www.w3.org/1999/02/22-rdf-syntax-ns#" xmlns:dcterms="http://purl.org/dc/terms/">
              <rdf:Description rdf:about="#COPASI47">
                <dcterms:created>
                  <rdf:Description>
                    <dcterms:W3CDTF>2018-03-21T15:20:10Z</dcterms:W3CDTF>
                  </rdf:Description>
                </dcterms:created>
              </rdf:Description>
            </rdf:RDF>
          </COPASI>
        </annotation>
            </parameter>
      <parameter constant="false" id="dinf" metaid="COPASI48" name="dinf" value="0.0114282033784111">
        <annotation>
          <COPASI xmlns="http://www.copasi.org/static/sbml">
            <rdf:RDF xmlns:rdf="http://www.w3.org/1999/02/22-rdf-syntax-ns#" xmlns:dcterms="http://purl.org/dc/terms/">
              <rdf:Description rdf:about="#COPASI48">
                <dcterms:created>
                  <rdf:Description>
                    <dcterms:W3CDTF>2018-03-21T15:20:39Z</dcterms:W3CDTF>
                  </rdf:Description>
                </dcterms:created>
              </rdf:Description>
            </rdf:RDF>
          </COPASI>
        </annotation>
            </parameter>
      <parameter constant="false" id="taud" metaid="COPASI49" name="taud" value="141.866760354555">
        <annotation>
          <COPASI xmlns="http://www.copasi.org/static/sbml">
            <rdf:RDF xmlns:rdf="http://www.w3.org/1999/02/22-rdf-syntax-ns#" xmlns:dcterms="http://purl.org/dc/terms/">
              <rdf:Description rdf:about="#COPASI49">
                <dcterms:created>
                  <rdf:Description>
                    <dcterms:W3CDTF>2018-03-21T15:21:28Z</dcterms:W3CDTF>
                  </rdf:Description>
                </dcterms:created>
              </rdf:Description>
            </rdf:RDF>
          </COPASI>
        </annotation>
            </parameter>
      <parameter constant="false" id="alphad" metaid="COPASI50" name="alphad" value="8.05558916679958E-5">
        <annotation>
          <COPASI xmlns="http://www.copasi.org/static/sbml">
            <rdf:RDF xmlns:rdf="http://www.w3.org/1999/02/22-rdf-syntax-ns#" xmlns:dcterms="http://purl.org/dc/terms/">
              <rdf:Description rdf:about="#COPASI50">
                <dcterms:created>
                  <rdf:Description>
                    <dcterms:W3CDTF>2018-03-21T15:22:16Z</dcterms:W3CDTF>
                  </rdf:Description>
                </dcterms:created>
              </rdf:Description>
            </rdf:RDF>
          </COPASI>
        </annotation>
            </parameter>
      <parameter constant="false" id="betad" metaid="COPASI51" name="betad" value="0.00696831163375364">
        <annotation>
          <COPASI xmlns="http://www.copasi.org/static/sbml">
            <rdf:RDF xmlns:rdf="http://www.w3.org/1999/02/22-rdf-syntax-ns#" xmlns:dcterms="http://purl.org/dc/terms/">
              <rdf:Description rdf:about="#COPASI51">
                <dcterms:created>
                  <rdf:Description>
                    <dcterms:W3CDTF>2018-03-21T15:22:56Z</dcterms:W3CDTF>
                  </rdf:Description>
                </dcterms:created>
              </rdf:Description>
            </rdf:RDF>
          </COPASI>
        </annotation>
            </parameter>
      <parameter constant="false" id="gca" metaid="COPASI52" name="gca" value="-3.75057964796293">
        <annotation>
          <COPASI xmlns="http://www.copasi.org/static/sbml">
            <rdf:RDF xmlns:rdf="http://www.w3.org/1999/02/22-rdf-syntax-ns#" xmlns:dcterms="http://purl.org/dc/terms/">
              <rdf:Description rdf:about="#COPASI52">
                <dcterms:created>
                  <rdf:Description>
                    <dcterms:W3CDTF>2018-03-21T15:23:28Z</dcterms:W3CDTF>
                  </rdf:Description>
                </dcterms:created>
              </rdf:Description>
            </rdf:RDF>
          </COPASI>
        </annotation>
            </parameter>
    </listOfParameters>
    <listOfRules>
      <assignmentRule metaid="_46ffbf10-9d53-4131-8ed8-c6942e2c474f" variable="IK">
        <math xmlns="http://www.w3.org/1998/Math/MathML">        
          <apply>
            <times/>
            <ci> gk_max </ci>
            <apply>
              <power/>
              <ci> n </ci>
              <cn> 4 </cn>
            </apply>
            <apply>
              <minus/>
              <ci> Vm </ci>
              <ci> EK </ci>
            </apply>
          </apply>
        </math>
            </assignmentRule>
      <assignmentRule metaid="_2dacf890-0889-45f1-be94-d9b00586c250" variable="INa">
        <math xmlns="http://www.w3.org/1998/Math/MathML">        
          <apply>
            <times/>
            <ci> gNa_max </ci>
            <apply>
              <power/>
              <ci> m </ci>
              <cn> 3 </cn>
            </apply>
            <ci> h </ci>
            <apply>
              <minus/>
              <ci> Vm </ci>
              <ci> ENa </ci>
            </apply>
          </apply>
        </math>
            </assignmentRule>
      <assignmentRule metaid="af083bfb-c4e0-4442-a52c-112588a756e8" variable="Stimulus">
        <math xmlns="http://www.w3.org/1998/Math/MathML">        
          <piecewise>
            <piece>
              <ci> Stimulus_Magnitude </ci>
              <apply>
                <and/>
                <apply>
                  <geq/>
                  <csymbol encoding="text" definitionURL="http://www.sbml.org/sbml/symbols/time"> time </csymbol>
                  <ci> Stimulus_Start </ci>
                </apply>
                <apply>
                  <lt/>
                  <apply>
                    <minus/>
                    <apply>
                      <minus/>
                      <csymbol encoding="text" definitionURL="http://www.sbml.org/sbml/symbols/time"> time </csymbol>
                      <ci> Stimulus_Start </ci>
                    </apply>
                    <apply>
                      <times/>
                      <apply>
                        <floor/>
                        <apply>
                          <divide/>
                          <apply>
                            <minus/>
                            <csymbol encoding="text" definitionURL="http://www.sbml.org/sbml/symbols/time"> time </csymbol>
                            <ci> Stimulus_Start </ci>
                          </apply>
                          <ci> Stimulus_Period </ci>
                        </apply>
                      </apply>
                      <ci> Stimulus_Period </ci>
                    </apply>
                  </apply>
                  <ci> Stimulus_Duration </ci>
                </apply>
              </apply>
            </piece>
            <otherwise>
              <cn> 0 </cn>
            </otherwise>
          </piecewise>
        </math>
            </assignmentRule>
      <assignmentRule metaid="_2ab6593d-129a-423f-b764-f8d8ee713b7d" variable="IL">
        <math xmlns="http://www.w3.org/1998/Math/MathML">        
          <apply>
            <times/>
            <ci> gL_max </ci>
            <apply>
              <minus/>
              <ci> Vm </ci>
              <ci> EL </ci>
            </apply>
          </apply>
        </math>
            </assignmentRule>
      <assignmentRule metaid="_69c356b9-66a6-453c-8b54-1cd73e5559a3" variable="IT">
        <math xmlns="http://www.w3.org/1998/Math/MathML">        
          <apply>
            <divide/>
            <apply>
              <minus/>
              <ci> Vm </ci>
              <ci> Vt </ci>
            </apply>
            <ci> Rs </ci>
          </apply>
        </math>
            </assignmentRule>
      <assignmentRule metaid="_71305bb4-a6c7-4985-a292-a865e902e04b" variable="beta_n">
        <math xmlns="http://www.w3.org/1998/Math/MathML">        
          <apply>
            <times/>
            <ci> beta_n_max </ci>
            <apply>
              <exp/>
              <apply>
                <divide/>
                <apply>
                  <minus/>
                  <ci> En </ci>
                  <ci> Vm </ci>
                </apply>
                <ci> v_beta_n </ci>
              </apply>
            </apply>
          </apply>
        </math>
            </assignmentRule>
      <assignmentRule metaid="_7a52499b-e481-4d28-b183-327e9c93187b" variable="alpha_n">
        <math xmlns="http://www.w3.org/1998/Math/MathML">        
          <apply>
            <divide/>
            <apply>
              <times/>
              <ci> alpha_n_max </ci>
              <apply>
                <minus/>
                <ci> Vm </ci>
                <ci> En </ci>
              </apply>
            </apply>
            <apply>
              <minus/>
              <cn> 1 </cn>
              <apply>
                <exp/>
                <apply>
                  <divide/>
                  <apply>
                    <minus/>
                    <ci> En </ci>
                    <ci> Vm </ci>
                  </apply>
                  <ci> v_alpha_n </ci>
                </apply>
              </apply>
            </apply>
          </apply>
        </math>
            </assignmentRule>
      <assignmentRule metaid="_77a77133-29f2-4233-b2df-7e88fce1c26b" variable="beta_h">
        <math xmlns="http://www.w3.org/1998/Math/MathML">        
          <apply>
            <divide/>
            <ci> beta_h_max </ci>
            <apply>
              <plus/>
              <cn> 1 </cn>
              <apply>
                <exp/>
                <apply>
                  <divide/>
                  <apply>
                    <minus/>
                    <ci> Eh </ci>
                    <ci> Vm </ci>
                  </apply>
                  <ci> v_beta_h </ci>
                </apply>
              </apply>
            </apply>
          </apply>
        </math>
            </assignmentRule>
      <assignmentRule metaid="_3d03be08-d2a8-4fdf-933a-eebe22d419ac" variable="beta_m">
        <math xmlns="http://www.w3.org/1998/Math/MathML">        
          <apply>
            <times/>
            <ci> beta_m_max </ci>
            <apply>
              <exp/>
              <apply>
                <divide/>
                <apply>
                  <minus/>
                  <ci> Em </ci>
                  <ci> Vm </ci>
                </apply>
                <ci> v_beta_m </ci>
              </apply>
            </apply>
          </apply>
        </math>
            </assignmentRule>
      <assignmentRule metaid="bbf4fa63-5989-47a9-b55b-e1c74fbec1c8" variable="alpha_m">
        <math xmlns="http://www.w3.org/1998/Math/MathML">        
          <apply>
            <divide/>
            <apply>
              <times/>
              <ci> alpha_m_max </ci>
              <apply>
                <minus/>
                <ci> Vm </ci>
                <ci> Em </ci>
              </apply>
            </apply>
            <apply>
              <minus/>
              <cn> 1 </cn>
              <apply>
                <exp/>
                <apply>
                  <divide/>
                  <apply>
                    <minus/>
                    <ci> Em </ci>
                    <ci> Vm </ci>
                  </apply>
                  <ci> v_alpha_m </ci>
                </apply>
              </apply>
            </apply>
          </apply>
        </math>
            </assignmentRule>
      <assignmentRule metaid="b36f154d-0967-4887-9b8c-9ed487e6edf3" variable="alpha_h">
        <math xmlns="http://www.w3.org/1998/Math/MathML">        
          <apply>
            <times/>
            <ci> alpha_h_max </ci>
            <apply>
              <exp/>
              <apply>
                <divide/>
                <apply>
                  <minus/>
                  <ci> Eh </ci>
                  <ci> Vm </ci>
                </apply>
                <ci> v_alpha_m </ci>
              </apply>
            </apply>
          </apply>
        </math>
            </assignmentRule>
      <assignmentRule metaid="f9714323-7f39-4450-a61e-bbd3a1b9f6f9" variable="w">
        <math xmlns="http://www.w3.org/1998/Math/MathML">        
          <apply>
            <divide/>
            <apply>
              <power/>
              <ci> c </ci>
              <cn> 5 </cn>
            </apply>
            <apply>
              <plus/>
              <apply>
                <power/>
                <ci> c </ci>
                <cn> 5 </cn>
              </apply>
              <apply>
                <power/>
                <ci> kd </ci>
                <cn> 5 </cn>
              </apply>
            </apply>
          </apply>
        </math>
            </assignmentRule>
      <assignmentRule metaid="cee9b1cb-27f3-469e-be9e-6e73dc8b58e0" variable="IKCa">
        <math xmlns="http://www.w3.org/1998/Math/MathML">        
          <apply>
            <times/>
            <ci> gKca </ci>
            <ci> o </ci>
            <ci> w </ci>
            <apply>
              <minus/>
              <ci> Vm </ci>
              <ci> EK </ci>
            </apply>
          </apply>
        </math>
            </assignmentRule>
      <assignmentRule metaid="_1a9667f2-e606-4634-a567-d605c257210f" variable="jleak">
        <math xmlns="http://www.w3.org/1998/Math/MathML">        
          <apply>
            <times/>
            <ci> pleak </ci>
            <apply>
              <minus/>
              <ci> cer </ci>
              <ci> c </ci>
            </apply>
          </apply>
        </math>
            </assignmentRule>
      <assignmentRule metaid="_19b95784-4564-459f-a0e2-6708c119d8cd" variable="jserca">
        <math xmlns="http://www.w3.org/1998/Math/MathML">        
          <apply>
            <times/>
            <ci> kserca </ci>
            <ci> c </ci>
          </apply>
        </math>
            </assignmentRule>
      <assignmentRule metaid="_2bb65b0a-0af0-47e0-81aa-eabfb0eb0fbb" variable="jer">
        <math xmlns="http://www.w3.org/1998/Math/MathML">        
          <apply>
            <minus/>
            <ci> jleak </ci>
            <ci> jserca </ci>
          </apply>
        </math>
            </assignmentRule>
      <assignmentRule metaid="_1e35cf2b-11d4-4790-b77a-10cb54db5c7c" variable="alp">
        <math xmlns="http://www.w3.org/1998/Math/MathML">        
          <apply>
            <divide/>
            <ci> abar </ci>
            <apply>
              <plus/>
              <cn> 1 </cn>
              <apply>
                <divide/>
                <apply>
                  <times/>
                  <ci> k1 </ci>
                  <apply>
                    <exp/>
                    <apply>
                      <divide/>
                      <apply>
                        <divide/>
                        <apply>
                          <times/>
                          <apply>
                            <minus/>
                            <cn> 2 </cn>
                          </apply>
                          <ci> d1 </ci>
                          <cn> 96.485 </cn>
                          <ci> Vm </ci>
                        </apply>
                        <cn> 8.313424 </cn>
                      </apply>
                      <cn> 310 </cn>
                    </apply>
                  </apply>
                </apply>
                <ci> c </ci>
              </apply>
            </apply>
          </apply>
        </math>
            </assignmentRule>
      <assignmentRule metaid="_8141c371-8af3-41a8-a734-95e0085d1df7" variable="beta">
        <math xmlns="http://www.w3.org/1998/Math/MathML">        
          <apply>
            <divide/>
            <ci> bbar </ci>
            <apply>
              <plus/>
              <cn> 1 </cn>
              <apply>
                <divide/>
                <ci> c </ci>
                <apply>
                  <times/>
                  <ci> k2 </ci>
                  <apply>
                    <exp/>
                    <apply>
                      <divide/>
                      <apply>
                        <divide/>
                        <apply>
                          <times/>
                          <apply>
                            <minus/>
                            <cn> 2 </cn>
                          </apply>
                          <ci> d2 </ci>
                          <cn> 96.485 </cn>
                          <ci> Vm </ci>
                        </apply>
                        <cn> 8.313424 </cn>
                      </apply>
                      <cn> 310 </cn>
                    </apply>
                  </apply>
                </apply>
              </apply>
            </apply>
          </apply>
        </math>
            </assignmentRule>
      <assignmentRule metaid="d4eec294-0fb2-4e2e-8617-a8da32f7cec1" variable="tau">
        <math xmlns="http://www.w3.org/1998/Math/MathML">        
          <apply>
            <divide/>
            <cn> 1 </cn>
            <apply>
              <plus/>
              <ci> alp </ci>
              <ci> beta </ci>
            </apply>
          </apply>
        </math>
            </assignmentRule>
      <assignmentRule metaid="cd21c776-57e1-4d75-b3ee-2a71896e07e2" variable="ooinf">
        <math xmlns="http://www.w3.org/1998/Math/MathML">        
          <apply>
            <times/>
            <ci> alp </ci>
            <ci> tau </ci>
          </apply>
        </math>
            </assignmentRule>
      <assignmentRule metaid="aa5fcd66-b6be-479c-bb11-794680506b84" variable="dinf">
        <math xmlns="http://www.w3.org/1998/Math/MathML">        
          <apply>
            <divide/>
            <cn> 1 </cn>
            <apply>
              <plus/>
              <cn> 1 </cn>
              <apply>
                <exp/>
                <apply>
                  <divide/>
                  <apply>
                    <minus/>
                    <apply>
                      <minus/>
                      <cn> 24.6 </cn>
                    </apply>
                    <ci> Vm </ci>
                  </apply>
                  <cn> 11.3 </cn>
                </apply>
              </apply>
            </apply>
          </apply>
        </math>
            </assignmentRule>
      <assignmentRule metaid="e1ea321c-e13f-4f91-81ad-555528cf6e96" variable="taud">
        <math xmlns="http://www.w3.org/1998/Math/MathML">        
          <apply>
            <divide/>
            <cn> 80 </cn>
            <apply>
              <divide/>
              <cn> 1 </cn>
              <apply>
                <cosh/>
                <apply>
                  <times/>
                  <apply>
                    <minus/>
                    <cn> 0.031 </cn>
                  </apply>
                  <apply>
                    <plus/>
                    <ci> Vm </ci>
                    <cn> 37.1 </cn>
                  </apply>
                </apply>
              </apply>
            </apply>
          </apply>
        </math>
            </assignmentRule>
      <assignmentRule metaid="d8e3db9d-06fe-43a3-bb98-cc9a90f3d467" variable="alphad">
        <math xmlns="http://www.w3.org/1998/Math/MathML">        
          <apply>
            <divide/>
            <ci> dinf </ci>
            <ci> taud </ci>
          </apply>
        </math>
            </assignmentRule>
      <assignmentRule metaid="_2d0ce8d7-ad68-4b57-8ac0-8ef6004dfd71" variable="betad">
        <math xmlns="http://www.w3.org/1998/Math/MathML">        
          <apply>
            <divide/>
            <apply>
              <minus/>
              <cn> 1 </cn>
              <ci> dinf </ci>
            </apply>
            <ci> taud </ci>
          </apply>
        </math>
            </assignmentRule>
      <assignmentRule metaid="_3da527e1-b59e-4c9b-9eda-ecf54e4edcb0" variable="gca">
        <math xmlns="http://www.w3.org/1998/Math/MathML">        
          <apply>
            <divide/>
            <apply>
              <times/>
              <apply>
                <minus/>
                <ci> gcabar </ci>
              </apply>
              <ci> Vm </ci>
            </apply>
            <apply>
              <minus/>
              <apply>
                <exp/>
                <apply>
                  <times/>
                  <cn> 0.117 </cn>
                  <ci> Vm </ci>
                </apply>
              </apply>
              <cn> 1 </cn>
            </apply>
          </apply>
        </math>
            </assignmentRule>
      <assignmentRule metaid="b05ea893-5d7e-4a0b-9e62-82605db8e92c" variable="ICa">
        <math xmlns="http://www.w3.org/1998/Math/MathML">        
          <apply>
            <times/>
            <ci> gca </ci>
            <apply>
              <power/>
              <ci> d </ci>
              <cn> 2 </cn>
            </apply>
          </apply>
        </math>
            </assignmentRule>
      <assignmentRule metaid="_55742cd4-41ca-4b68-ab02-39e526f24337" variable="jmem">
        <math xmlns="http://www.w3.org/1998/Math/MathML">        
          <apply>
            <minus/>
            <apply>
              <plus/>
              <apply>
                <times/>
                <ci> alpha </ci>
                <ci> ICa </ci>
              </apply>
              <apply>
                <times/>
                <ci> kpmca </ci>
                <ci> c </ci>
              </apply>
            </apply>
          </apply>
        </math>
            </assignmentRule>
      <rateRule metaid="a9b7cf68-b392-49d7-8ce6-acf6bf317ff7" variable="Vm">
        <math xmlns="http://www.w3.org/1998/Math/MathML">        
          <apply>
            <divide/>
            <apply>
              <minus/>
              <ci> Stimulus </ci>
              <apply>
                <plus/>
                <ci> INa </ci>
                <ci> ICa </ci>
                <ci> IK </ci>
                <ci> IL </ci>
                <ci> IT </ci>
                <ci> IKCa </ci>
              </apply>
            </apply>
            <ci> Cm </ci>
          </apply>
        </math>
            </rateRule>
      <rateRule metaid="f80d1ead-0183-4c61-be44-3f6f154ab7f6" variable="m">
        <math xmlns="http://www.w3.org/1998/Math/MathML">        
          <apply>
            <minus/>
            <apply>
              <times/>
              <ci> alpha_m </ci>
              <apply>
                <minus/>
                <cn> 1 </cn>
                <ci> m </ci>
              </apply>
            </apply>
            <apply>
              <times/>
              <ci> beta_m </ci>
              <ci> m </ci>
            </apply>
          </apply>
        </math>
            </rateRule>
      <rateRule metaid="e4134b60-a9d0-424f-a899-d27dc3cd177a" variable="h">
        <math xmlns="http://www.w3.org/1998/Math/MathML">        
          <apply>
            <minus/>
            <apply>
              <times/>
              <ci> alpha_h </ci>
              <apply>
                <minus/>
                <cn> 1 </cn>
                <ci> h </ci>
              </apply>
            </apply>
            <apply>
              <times/>
              <ci> beta_h </ci>
              <ci> h </ci>
            </apply>
          </apply>
        </math>
            </rateRule>
      <rateRule metaid="_58b18d42-7bd7-41e5-b668-b783217f0530" variable="n">
        <math xmlns="http://www.w3.org/1998/Math/MathML">        
          <apply>
            <minus/>
            <apply>
              <times/>
              <ci> alpha_n </ci>
              <apply>
                <minus/>
                <cn> 1 </cn>
                <ci> n </ci>
              </apply>
            </apply>
            <apply>
              <times/>
              <ci> beta_n </ci>
              <ci> n </ci>
            </apply>
          </apply>
        </math>
            </rateRule>
      <rateRule metaid="_346db689-f351-4b44-a0a4-6d1d8c37f456" variable="Vt">
        <math xmlns="http://www.w3.org/1998/Math/MathML">        
          <apply>
            <divide/>
            <apply>
              <minus/>
              <ci> Vm </ci>
              <ci> Vt </ci>
            </apply>
            <apply>
              <times/>
              <ci> Rs </ci>
              <ci> Ct </ci>
            </apply>
          </apply>
        </math>
            </rateRule>
      <rateRule metaid="_17e14ed6-2a29-4d31-9a98-1105c2612fae" variable="d">
        <math xmlns="http://www.w3.org/1998/Math/MathML">        
          <apply>
            <minus/>
            <apply>
              <times/>
              <apply>
                <minus/>
                <cn> 1 </cn>
                <ci> d </ci>
              </apply>
              <ci> alphad </ci>
            </apply>
            <apply>
              <times/>
              <ci> d </ci>
              <ci> betad </ci>
            </apply>
          </apply>
        </math>
            </rateRule>
      <rateRule metaid="_2604dbfa-d9ae-4598-aa2a-d4863fd27bcb" variable="o">
        <math xmlns="http://www.w3.org/1998/Math/MathML">        
          <apply>
            <divide/>
            <apply>
              <minus/>
              <ci> ooinf </ci>
              <ci> o </ci>
            </apply>
            <ci> tau </ci>
          </apply>
        </math>
            </rateRule>
      <rateRule metaid="_751dbd9d-e687-4051-aaa6-0a2eaead4ef5" variable="c">
        <math xmlns="http://www.w3.org/1998/Math/MathML">        
          <apply>
            <times/>
            <ci> fcyt </ci>
            <apply>
              <plus/>
              <ci> jmem </ci>
              <ci> jer </ci>
            </apply>
          </apply>
        </math>
            </rateRule>
      <rateRule metaid="dcf47364-a205-4454-8d81-c0df1762e05f" variable="cer">
        <math xmlns="http://www.w3.org/1998/Math/MathML">        
          <apply>
            <times/>
            <apply>
              <minus/>
              <ci> fer </ci>
            </apply>
            <ci> vcytver </ci>
            <ci> jer </ci>
          </apply>
        </math>
            </rateRule>
    </listOfRules>
  </model>
</sbml>