<?xml version='1.0' encoding='UTF-8' standalone='no'?>
<sbml xmlns="http://www.sbml.org/sbml/level2/version4" level="2" metaid="_481ddf6f-c68c-4cc5-850c-e669a43fac62" version="4">
  <model id="MODEL1410200000" metaid="COPASI0" name="Ehrenstein1997 - The choline-leakage hypothesis in Alzheimer's disease">
    <notes>
      <body xmlns="http://www.w3.org/1999/xhtml">
        <div class="dc:title">Ehrenstein1997 - The choline-leakage
hypothesis in Alzheimer's disease</div>
<div class="dc:bibliographicCitation">
  <p>This model is described in the article:</p>
  <div class="bibo:title">
    <a href="http://identifiers.org/pubmed/9284295" title="Access to this publication">The choline-leakage
    hypothesis for the loss of acetylcholine in Alzheimer's
    disease.</a>
  </div>
  <div class="bibo:authorList">Ehrenstein G, Galdzicki Z, Lange
  GD.</div>
  <div class="bibo:Journal">Biophys. J. 1997 Sep; 73(3):
  1276-1280</div>
  <p>Abstract:</p>
  <div class="bibo:abstract">
    <p>We present a hypothesis for the loss of acetylcholine in
    Alzheimer's disease that is based on two recent experimental
    results: that beta-amyloid causes leakage of choline across
    cell membranes and that decreased production of acetylcholine
    increases the production of beta-amyloid. According to the
    hypothesis, an increase in beta-amyloid concentration caused by
    proteolysis of the amyloid precursor protein results in an
    increase in the leakage of choline out of cells. This leads to
    a reduction in intracellular choline concentration and hence a
    reduction in acetylcholine production. The reduction in
    acetylcholine production, in turn, causes an increase in the
    concentration of beta-amyloid. The resultant positive feedback
    between decreased acetylcholine and increased beta-amyloid
    accelerates the loss of acetylcholine. We compare the
    predictions of the choline-leakage hypothesis with a number of
    experimental observations. We also approximate it with a pair
    of ordinary differential equations. The solutions of these
    equations indicate that the loss of acetylcholine is very
    sensitive to the initial rate of beta-amyloid production.</p>
  </div>
</div>
<div class="dc:publisher">
  <p>This model is hosted on 
  <a href="http://www.ebi.ac.uk/biomodels/">BioModels Database</a>
  and identified by: 
  <a href="http://identifiers.org/biomodels.db/BIOMD0000000553">BIOMD0000000553</a>.</p>
  <p>To cite BioModels Database, please use: 
  <a href="http://identifiers.org/pubmed/20587024" title="Latest BioModels Database publication">BioModels Database:
  An enhanced, curated and annotated resource for published
  quantitative kinetic models</a>.</p>
</div>
<div class="dc:license">
  <p>To the extent possible under law, all copyright and related or
  neighbouring rights to this encoded model have been dedicated to
  the public domain worldwide. Please refer to 
  <a href="http://creativecommons.org/publicdomain/zero/1.0/" title="Access to: CC0 1.0 Universal (CC0 1.0), Public Domain Dedication">CC0
  Public Domain Dedication</a> for more information.</p>
</div>
</body>
    </notes>
    <annotation>
      <COPASI xmlns="http://www.copasi.org/static/sbml">
        <rdf:RDF xmlns:dcterms="http://purl.org/dc/terms/" xmlns:rdf="http://www.w3.org/1999/02/22-rdf-syntax-ns#">
          <rdf:Description rdf:about="#COPASI0">
            <dcterms:created>
              <rdf:Description>
                <dcterms:W3CDTF>2014-10-18T11:43:49Z</dcterms:W3CDTF>
              </rdf:Description>
            </dcterms:created>
          </rdf:Description>
        </rdf:RDF>
      </COPASI>
	<rdf:RDF xmlns:rdf="http://www.w3.org/1999/02/22-rdf-syntax-ns#" xmlns:dc="http://purl.org/dc/elements/1.1/" xmlns:vCard="http://www.w3.org/2001/vcard-rdf/3.0#" xmlns:dcterms="http://purl.org/dc/terms/" xmlns:bqmodel="http://biomodels.net/model-qualifiers/" xmlns:bqbiol="http://biomodels.net/biology-qualifiers/">
        <rdf:Description rdf:about="#COPASI0">
	<dc:creator>
	<rdf:Bag>
	<rdf:li rdf:parseType="Resource">
	<vCard:N rdf:parseType="Resource">
	<vCard:Family>Lloret i Villas</vCard:Family>
	<vCard:Given>Audald</vCard:Given>
	</vCard:N>
	<vCard:EMAIL>lloret@ebi.ac.uk</vCard:EMAIL>
	<vCard:ORG rdf:parseType="Resource">
	<vCard:Orgname>EMBL-EBI</vCard:Orgname>
	</vCard:ORG>
	</rdf:li>
	</rdf:Bag>
	</dc:creator>
	<dcterms:created rdf:parseType="Resource">
	<dcterms:W3CDTF>2014-10-20T13:38:11Z</dcterms:W3CDTF>
	</dcterms:created>
	<dcterms:modified rdf:parseType="Resource">
	<dcterms:W3CDTF>2015-03-17T17:01:06Z</dcterms:W3CDTF>
	</dcterms:modified>
	<bqmodel:is>
	<rdf:Bag>
	<rdf:li rdf:resource="http://identifiers.org/biomodels.db/MODEL1410200000"/>
	</rdf:Bag>
	</bqmodel:is>
	<bqmodel:is>
	<rdf:Bag>
	<rdf:li rdf:resource="http://identifiers.org/biomodels.db/BIOMD0000000553"/>
	</rdf:Bag>
	</bqmodel:is>
	<bqmodel:isDescribedBy>
	<rdf:Bag>
	<rdf:li rdf:resource="http://identifiers.org/pubmed/9284295"/>
	</rdf:Bag>
	</bqmodel:isDescribedBy>
	<bqbiol:hasTaxon>
	<rdf:Bag>
	<rdf:li rdf:resource="http://identifiers.org/taxonomy/9606"/>
	</rdf:Bag>
	</bqbiol:hasTaxon>
	<bqbiol:isVersionOf>
	<rdf:Bag>
	<rdf:li rdf:resource="http://identifiers.org/go/GO:0008292"/>
	</rdf:Bag>
	</bqbiol:isVersionOf>
	<bqbiol:hasVersion>
	<rdf:Bag>
	<rdf:li rdf:resource="http://identifiers.org/doid/DOID:10652"/>
	</rdf:Bag>
	</bqbiol:hasVersion>
	</rdf:Description>
	
	</rdf:RDF>
	</annotation>
      <listOfFunctionDefinitions>
      <functionDefinition id="Constant_flux__irreversible" metaid="_3c06922d-c1d1-4feb-84f2-314512c46a81" name="Constant flux (irreversible)">
        <math xmlns="http://www.w3.org/1998/Math/MathML">        
          <lambda>
            <bvar>
              <ci> v </ci>
            </bvar>
            <ci> v </ci>
          </lambda>
        </math>
            </functionDefinition>
      <functionDefinition id="Loss_of_intracellular_choline_0" metaid="COPASI12" name="Loss of intracellular choline">
        <annotation>
          <COPASI xmlns="http://www.copasi.org/static/sbml">
            <rdf:RDF xmlns:dcterms="http://purl.org/dc/terms/" xmlns:rdf="http://www.w3.org/1999/02/22-rdf-syntax-ns#">
              <rdf:Description rdf:about="#COPASI12">
                <dcterms:created>
                  <rdf:Description>
                    <dcterms:W3CDTF>2014-10-18T13:03:55Z</dcterms:W3CDTF>
                  </rdf:Description>
                </dcterms:created>
              </rdf:Description>
            </rdf:RDF>
          </COPASI>
        </annotation>
        <math xmlns="http://www.w3.org/1998/Math/MathML">        
          <lambda>
            <bvar>
              <ci> k1 </ci>
            </bvar>
            <bvar>
              <ci> a </ci>
            </bvar>
            <bvar>
              <ci> b </ci>
            </bvar>
            <apply>
              <times/>
              <ci> k1 </ci>
              <ci> a </ci>
              <ci> b </ci>
            </apply>
          </lambda>
        </math>
            </functionDefinition>
      <functionDefinition id="Effect_of_extracellular_ACh_0" metaid="COPASI13" name="Effect of extracellular ACh">
        <annotation>
          <COPASI xmlns="http://www.copasi.org/static/sbml">
            <rdf:RDF xmlns:dcterms="http://purl.org/dc/terms/" xmlns:rdf="http://www.w3.org/1999/02/22-rdf-syntax-ns#">
              <rdf:Description rdf:about="#COPASI13">
                <dcterms:created>
                  <rdf:Description>
                    <dcterms:W3CDTF>2014-10-18T13:06:01Z</dcterms:W3CDTF>
                  </rdf:Description>
                </dcterms:created>
              </rdf:Description>
            </rdf:RDF>
          </COPASI>
        </annotation>
        <math xmlns="http://www.w3.org/1998/Math/MathML">        
          <lambda>
            <bvar>
              <ci> k3 </ci>
            </bvar>
            <bvar>
              <ci> a </ci>
            </bvar>
            <apply>
              <times/>
              <ci> k3 </ci>
              <ci> a </ci>
            </apply>
          </lambda>
        </math>
            </functionDefinition>
      <functionDefinition id="Decrease_in_the_extracellular_concentration_of_beta_amyloid_0" metaid="COPASI14" name="Decrease in the extracellular concentration of beta-amyloid">
        <annotation>
          <COPASI xmlns="http://www.copasi.org/static/sbml">
            <rdf:RDF xmlns:dcterms="http://purl.org/dc/terms/" xmlns:rdf="http://www.w3.org/1999/02/22-rdf-syntax-ns#">
              <rdf:Description rdf:about="#COPASI14">
                <dcterms:created>
                  <rdf:Description>
                    <dcterms:W3CDTF>2014-10-18T13:06:43Z</dcterms:W3CDTF>
                  </rdf:Description>
                </dcterms:created>
              </rdf:Description>
            </rdf:RDF>
          </COPASI>
        </annotation>
        <math xmlns="http://www.w3.org/1998/Math/MathML">        
          <lambda>
            <bvar>
              <ci> k4 </ci>
            </bvar>
            <bvar>
              <ci> b </ci>
            </bvar>
            <apply>
              <times/>
              <ci> k4 </ci>
              <ci> b </ci>
            </apply>
          </lambda>
        </math>
            </functionDefinition>
    </listOfFunctionDefinitions>
    <listOfUnitDefinitions>
      <unitDefinition id="volume" metaid="cea44e07-956d-4856-8a89-75457e15fe23" name="volume">
        <listOfUnits>
          <unit exponent="1" kind="litre" metaid="_24d83d0e-26f9-47d8-b9a4-1077a2646110" multiplier="1" scale="-3"/>
        </listOfUnits>
      </unitDefinition>
      <unitDefinition id="time" metaid="_307268d1-ba6c-4a75-80e2-a723899a3412" name="time">
        <listOfUnits>
          <unit exponent="1" kind="second" metaid="_292a025b-f7ef-485f-8d3b-b9f4682ddbae" multiplier="86400" scale="0"/>
        </listOfUnits>
      </unitDefinition>
      <unitDefinition id="substance" metaid="f2d7f340-4ae1-4b10-a70c-a0b8abf4c09a" name="substance">
        <listOfUnits>
          <unit exponent="1" kind="mole" metaid="_79ff91b6-96c0-468e-baf8-5483c1021dfe" multiplier="1" scale="-3"/>
        </listOfUnits>
      </unitDefinition>
    </listOfUnitDefinitions>
    <listOfCompartments>
      <compartment constant="true" id="Brain" metaid="d34e33c0-7940-4756-9434-bab55423a77d" name="Brain" size="1" spatialDimensions="3">
        <annotation>
	<rdf:RDF xmlns:rdf="http://www.w3.org/1999/02/22-rdf-syntax-ns#" xmlns:bqmodel="http://biomodels.net/model-qualifiers/" xmlns:bqbiol="http://biomodels.net/biology-qualifiers/">
            <rdf:Description rdf:about="#d34e33c0-7940-4756-9434-bab55423a77d">
	<bqbiol:is>
	<rdf:Bag>
	<rdf:li rdf:resource="http://identifiers.org/bto/BTO:0000142"/>
	</rdf:Bag>
	</bqbiol:is>
	</rdf:Description>
	
	</rdf:RDF>
	</annotation>
            </compartment>
    </listOfCompartments>
    <listOfSpecies>
      <species boundaryCondition="false" compartment="Brain" constant="false" hasOnlySubstanceUnits="false" id="a" initialConcentration="50" metaid="COPASI1" name="a">
        <notes>
          <body xmlns="http://www.w3.org/1999/xhtml">
            <pre>Extracellular concentration of Acetylcholine (ACh)</pre>
          </body>
        </notes>
        <annotation>
          <COPASI xmlns="http://www.copasi.org/static/sbml">
            <rdf:RDF xmlns:dcterms="http://purl.org/dc/terms/" xmlns:rdf="http://www.w3.org/1999/02/22-rdf-syntax-ns#">
              <rdf:Description rdf:about="#COPASI1">
                <dcterms:created>
                  <rdf:Description>
                    <dcterms:W3CDTF>2014-10-18T11:46:09Z</dcterms:W3CDTF>
                  </rdf:Description>
                </dcterms:created>
              </rdf:Description>
            </rdf:RDF>
          </COPASI>
	<rdf:RDF xmlns:rdf="http://www.w3.org/1999/02/22-rdf-syntax-ns#" xmlns:bqmodel="http://biomodels.net/model-qualifiers/" xmlns:bqbiol="http://biomodels.net/biology-qualifiers/">
            <rdf:Description rdf:about="#COPASI1">
	<bqbiol:is>
	<rdf:Bag>
	<rdf:li rdf:resource="http://identifiers.org/chebi/CHEBI:15355"/>
	</rdf:Bag>
	</bqbiol:is>
	</rdf:Description>
	
	</rdf:RDF>
	</annotation>
            </species>
      <species boundaryCondition="false" compartment="Brain" constant="false" hasOnlySubstanceUnits="false" id="b" initialConcentration="0" metaid="COPASI2" name="b">
        <notes>
          <body xmlns="http://www.w3.org/1999/xhtml">
            <pre>Extracellular concentration of β-amyloid</pre>
          </body>
        </notes>
        <annotation>
          <COPASI xmlns="http://www.copasi.org/static/sbml">
            <rdf:RDF xmlns:dcterms="http://purl.org/dc/terms/" xmlns:rdf="http://www.w3.org/1999/02/22-rdf-syntax-ns#">
              <rdf:Description rdf:about="#COPASI2">
                <dcterms:created>
                  <rdf:Description>
                    <dcterms:W3CDTF>2014-10-18T11:47:15Z</dcterms:W3CDTF>
                  </rdf:Description>
                </dcterms:created>
              </rdf:Description>
            </rdf:RDF>
          </COPASI>
	<rdf:RDF xmlns:rdf="http://www.w3.org/1999/02/22-rdf-syntax-ns#" xmlns:bqmodel="http://biomodels.net/model-qualifiers/" xmlns:bqbiol="http://biomodels.net/biology-qualifiers/">
            <rdf:Description rdf:about="#COPASI2">
	<bqbiol:is>
	<rdf:Bag>
	<rdf:li rdf:resource="http://identifiers.org/uniprot/P05067"/>
	</rdf:Bag>
	</bqbiol:is>
	</rdf:Description>
	
	</rdf:RDF>
	</annotation>
            </species>
      <species boundaryCondition="true" compartment="Brain" constant="false" hasOnlySubstanceUnits="false" id="aRel" initialConcentration="1" metaid="COPASI3" name="aRel">
        <notes>
          <body xmlns="http://www.w3.org/1999/xhtml">
            <pre>Relative concentration of Acetylcholine</pre>
          </body>
        </notes>
        <annotation>
          <COPASI xmlns="http://www.copasi.org/static/sbml">
            <rdf:RDF xmlns:dcterms="http://purl.org/dc/terms/" xmlns:rdf="http://www.w3.org/1999/02/22-rdf-syntax-ns#">
              <rdf:Description rdf:about="#COPASI3">
                <dcterms:created>
                  <rdf:Description>
                    <dcterms:W3CDTF>2014-10-18T11:57:59Z</dcterms:W3CDTF>
                  </rdf:Description>
                </dcterms:created>
              </rdf:Description>
            </rdf:RDF>
          </COPASI>
	<rdf:RDF xmlns:rdf="http://www.w3.org/1999/02/22-rdf-syntax-ns#" xmlns:bqmodel="http://biomodels.net/model-qualifiers/" xmlns:bqbiol="http://biomodels.net/biology-qualifiers/">
            <rdf:Description rdf:about="#COPASI3">
	<bqbiol:is>
	<rdf:Bag>
	<rdf:li rdf:resource="http://identifiers.org/chebi/CHEBI:15355"/>
	</rdf:Bag>
	</bqbiol:is>
	</rdf:Description>
	
	</rdf:RDF>
	</annotation>
            </species>
    </listOfSpecies>
    <listOfParameters>
      <parameter constant="true" id="k1" metaid="COPASI4" name="k1" value="0.007">
        <notes>
          <body xmlns="http://www.w3.org/1999/xhtml">
            <pre>Production rate of ACh</pre>
          </body>
        </notes>
        <annotation>
          <COPASI xmlns="http://www.copasi.org/static/sbml">
            <rdf:RDF xmlns:dcterms="http://purl.org/dc/terms/" xmlns:rdf="http://www.w3.org/1999/02/22-rdf-syntax-ns#">
              <rdf:Description rdf:about="#COPASI4">
                <dcterms:created>
                  <rdf:Description>
                    <dcterms:W3CDTF>2014-10-18T11:52:26Z</dcterms:W3CDTF>
                  </rdf:Description>
                </dcterms:created>
              </rdf:Description>
            </rdf:RDF>
          </COPASI>
        </annotation>
            </parameter>
      <parameter constant="true" id="k2" metaid="COPASI5" name="k2" value="0.33">
        <notes>
          <body xmlns="http://www.w3.org/1999/xhtml">
            <pre>Formation of β-amyloid from APP</pre>
          </body>
        </notes>
        <annotation>
          <COPASI xmlns="http://www.copasi.org/static/sbml">
            <rdf:RDF xmlns:dcterms="http://purl.org/dc/terms/" xmlns:rdf="http://www.w3.org/1999/02/22-rdf-syntax-ns#">
              <rdf:Description rdf:about="#COPASI5">
                <dcterms:created>
                  <rdf:Description>
                    <dcterms:W3CDTF>2014-10-18T11:53:05Z</dcterms:W3CDTF>
                  </rdf:Description>
                </dcterms:created>
              </rdf:Description>
            </rdf:RDF>
          </COPASI>
        </annotation>
            </parameter>
      <parameter constant="true" id="k3" metaid="COPASI6" name="k3" value="0.0042">
        <notes>
          <body xmlns="http://www.w3.org/1999/xhtml">
            <pre>Effect of extracellular ACh</pre>
          </body>
        </notes>
        <annotation>
          <COPASI xmlns="http://www.copasi.org/static/sbml">
            <rdf:RDF xmlns:dcterms="http://purl.org/dc/terms/" xmlns:rdf="http://www.w3.org/1999/02/22-rdf-syntax-ns#">
              <rdf:Description rdf:about="#COPASI6">
                <dcterms:created>
                  <rdf:Description>
                    <dcterms:W3CDTF>2014-10-18T11:53:44Z</dcterms:W3CDTF>
                  </rdf:Description>
                </dcterms:created>
              </rdf:Description>
            </rdf:RDF>
          </COPASI>
        </annotation>
            </parameter>
      <parameter constant="true" id="k4" metaid="COPASI7" name="k4" value="0.01">
        <notes>
          <body xmlns="http://www.w3.org/1999/xhtml">
            <pre>Intracellular concentration of β-amyloid rate</pre>
          </body>
        </notes>
        <annotation>
          <COPASI xmlns="http://www.copasi.org/static/sbml">
            <rdf:RDF xmlns:dcterms="http://purl.org/dc/terms/" xmlns:rdf="http://www.w3.org/1999/02/22-rdf-syntax-ns#">
              <rdf:Description rdf:about="#COPASI7">
                <dcterms:created>
                  <rdf:Description>
                    <dcterms:W3CDTF>2014-10-18T11:54:04Z</dcterms:W3CDTF>
                  </rdf:Description>
                </dcterms:created>
              </rdf:Description>
            </rdf:RDF>
          </COPASI>
        </annotation>
            </parameter>
    </listOfParameters>
    <listOfRules>
      <assignmentRule metaid="e993becc-9fa0-4170-804b-b0eb3ae463da" variable="aRel">
        <math xmlns="http://www.w3.org/1998/Math/MathML">        
          <apply>
            <divide/>
            <ci> a </ci>
            <cn> 50 </cn>
          </apply>
        </math>
            </assignmentRule>
    </listOfRules>
    <listOfReactions>
      <reaction id="Loss_of_intracellular_choline" metaid="COPASI8" name="Loss of intracellular choline" reversible="false">
        <annotation>
          <COPASI xmlns="http://www.copasi.org/static/sbml">
            <rdf:RDF xmlns:dcterms="http://purl.org/dc/terms/" xmlns:rdf="http://www.w3.org/1999/02/22-rdf-syntax-ns#">
              <rdf:Description rdf:about="#COPASI8">
                <dcterms:created>
                  <rdf:Description>
                    <dcterms:W3CDTF>2014-10-18T13:02:45Z</dcterms:W3CDTF>
                  </rdf:Description>
                </dcterms:created>
              </rdf:Description>
            </rdf:RDF>
          </COPASI>
        </annotation>
              <listOfReactants>
          <speciesReference metaid="b54ee76e-a4f4-44e1-87bd-db9908827fe2" species="a" stoichiometry="1"/>
        </listOfReactants>
        <listOfModifiers>
          <modifierSpeciesReference metaid="f7782d88-de4f-4728-b8ff-2cc49096c046" species="b"/>
          <modifierSpeciesReference metaid="_4ad9310a-3ff0-430c-a7d6-3b600c4d71ec" species="a"/>
          <modifierSpeciesReference metaid="a3803f60-e02f-44f6-86c6-cc37f1b342be" species="b"/>
        </listOfModifiers>
        <kineticLaw metaid="dcc15c5d-7a52-4849-bbbb-101e49f47669">
          <math xmlns="http://www.w3.org/1998/Math/MathML">          
            <apply>
              <times/>
              <ci> Brain </ci>
              <apply>
                <ci> Loss_of_intracellular_choline_0 </ci>
                <ci> k1 </ci>
                <ci> a </ci>
                <ci> b </ci>
              </apply>
            </apply>
          </math>
                </kineticLaw>
      </reaction>
      <reaction id="Abeta_formation_from_APP" metaid="COPASI9" name="Abeta formation from APP" reversible="false">
        <annotation>
          <COPASI xmlns="http://www.copasi.org/static/sbml">
            <rdf:RDF xmlns:dcterms="http://purl.org/dc/terms/" xmlns:rdf="http://www.w3.org/1999/02/22-rdf-syntax-ns#">
              <rdf:Description rdf:about="#COPASI9">
                <dcterms:created>
                  <rdf:Description>
                    <dcterms:W3CDTF>2014-10-18T13:04:59Z</dcterms:W3CDTF>
                  </rdf:Description>
                </dcterms:created>
              </rdf:Description>
            </rdf:RDF>
          </COPASI>
        </annotation>
              <listOfProducts>
          <speciesReference metaid="_2ee8571d-789b-4a09-8110-0b7be3a697b9" species="b" stoichiometry="1"/>
        </listOfProducts>
        <kineticLaw metaid="f7906d10-6579-4b95-bca1-873f452b2dbe">
          <math xmlns="http://www.w3.org/1998/Math/MathML">          
            <apply>
              <times/>
              <ci> Brain </ci>
              <apply>
                <ci> Constant_flux__irreversible </ci>
                <ci> k2 </ci>
              </apply>
            </apply>
          </math>
                </kineticLaw>
      </reaction>
      <reaction id="Effect_of_extracellular_ACh" metaid="COPASI10" name="Effect of extracellular ACh" reversible="false">
        <annotation>
          <COPASI xmlns="http://www.copasi.org/static/sbml">
            <rdf:RDF xmlns:dcterms="http://purl.org/dc/terms/" xmlns:rdf="http://www.w3.org/1999/02/22-rdf-syntax-ns#">
              <rdf:Description rdf:about="#COPASI10">
                <dcterms:created>
                  <rdf:Description>
                    <dcterms:W3CDTF>2014-10-18T13:07:18Z</dcterms:W3CDTF>
                  </rdf:Description>
                </dcterms:created>
              </rdf:Description>
            </rdf:RDF>
          </COPASI>
        </annotation>
              <listOfReactants>
          <speciesReference metaid="_24d6af50-5a93-4299-a529-e83e402546ba" species="b" stoichiometry="1"/>
        </listOfReactants>
        <listOfModifiers>
          <modifierSpeciesReference metaid="_34b27f9a-5e9e-4b15-b0ce-df7747e5f511" species="a"/>
          <modifierSpeciesReference metaid="_14f73e73-b577-46aa-82b8-ca72a05e16dd" species="a"/>
        </listOfModifiers>
        <kineticLaw metaid="_1b3eca1d-238c-4809-bd85-d27e44a905fa">
          <math xmlns="http://www.w3.org/1998/Math/MathML">          
            <apply>
              <times/>
              <ci> Brain </ci>
              <apply>
                <ci> Effect_of_extracellular_ACh_0 </ci>
                <ci> k3 </ci>
                <ci> a </ci>
              </apply>
            </apply>
          </math>
                </kineticLaw>
      </reaction>
      <reaction id="Decrease_in_the_extracellular_concentration_of_beta_amyloid" metaid="COPASI11" name="Decrease in the extracellular concentration of beta-amyloid" reversible="false">
        <annotation>
          <COPASI xmlns="http://www.copasi.org/static/sbml">
            <rdf:RDF xmlns:dcterms="http://purl.org/dc/terms/" xmlns:rdf="http://www.w3.org/1999/02/22-rdf-syntax-ns#">
              <rdf:Description rdf:about="#COPASI11">
                <dcterms:created>
                  <rdf:Description>
                    <dcterms:W3CDTF>2014-10-18T13:08:53Z</dcterms:W3CDTF>
                  </rdf:Description>
                </dcterms:created>
              </rdf:Description>
            </rdf:RDF>
          </COPASI>
        </annotation>
              <listOfReactants>
          <speciesReference metaid="_6b6cd3eb-7d74-40a7-89d0-226c5e3bf86f" species="b" stoichiometry="1"/>
        </listOfReactants>
        <listOfModifiers>
          <modifierSpeciesReference metaid="_5d115eb3-d9ae-4df6-864c-e959be20dfdc" species="b"/>
        </listOfModifiers>
        <kineticLaw metaid="ed9ae0b1-9cda-4d02-83ae-00338208fd4f">
          <math xmlns="http://www.w3.org/1998/Math/MathML">          
            <apply>
              <times/>
              <ci> Brain </ci>
              <apply>
                <ci> Decrease_in_the_extracellular_concentration_of_beta_amyloid_0 </ci>
                <ci> k4 </ci>
                <ci> b </ci>
              </apply>
            </apply>
          </math>
                </kineticLaw>
      </reaction>
    </listOfReactions>
  </model>
</sbml>