<?xml version='1.0' encoding='UTF-8' standalone='no'?>
<sbml xmlns="http://www.sbml.org/sbml/level2/version4" level="2" version="4">
  <model id="Bravo2012___Modelling_blood_coagulation_factor_Va_inactivation_by_APC" metaid="COPASI0" name="Bravo2012 - Modelling blood coagulation factor Va inactivation by APC">
    <annotation>
      <rdf:RDF xmlns:rdf="http://www.w3.org/1999/02/22-rdf-syntax-ns#" xmlns:dc="http://purl.org/dc/elements/1.1/" xmlns:dcterms="http://purl.org/dc/terms/" xmlns:vCard="http://www.w3.org/2001/vcard-rdf/3.0#" xmlns:bqbiol="http://biomodels.net/biology-qualifiers/" xmlns:bqmodel="http://biomodels.net/model-qualifiers/">
        <rdf:Description rdf:about="#COPASI0">
	<dc:creator>
	<rdf:Bag>
	<rdf:li rdf:parseType="Resource">
	<vCard:N rdf:parseType="Resource">
	<vCard:Family>Roberts</vCard:Family>
	<vCard:Given>Matthew Grant</vCard:Given>
	</vCard:N>
	<vCard:EMAIL>mroberts@ebi.ac.uk</vCard:EMAIL>
	<vCard:ORG rdf:parseType="Resource">
	<vCard:Orgname>EMBL-EBI</vCard:Orgname>
	</vCard:ORG>
	</rdf:li>
	<rdf:li rdf:parseType="Resource">
	<vCard:N rdf:parseType="Resource">
	<vCard:Family>Tiwari</vCard:Family>
	<vCard:Given>Krishna</vCard:Given>
	</vCard:N>
	<vCard:EMAIL>tiwarik@babraham.ac.uk</vCard:EMAIL>
	<vCard:ORG rdf:parseType="Resource">
	<vCard:Orgname>Babraham Institute</vCard:Orgname>
	</vCard:ORG>
	</rdf:li>
	</rdf:Bag>
	</dc:creator>
	<dcterms:created rdf:parseType="Resource">
	<dcterms:W3CDTF>2018-06-07T16:48:24Z</dcterms:W3CDTF>
	</dcterms:created>
	<dcterms:modified rdf:parseType="Resource">
	<dcterms:W3CDTF>2018-06-07T16:48:24Z</dcterms:W3CDTF>
	</dcterms:modified>
	<bqmodel:isDescribedBy>
	<rdf:Bag>
	<rdf:li rdf:resource="http://identifiers.org/pubmed/22607732"/>
	</rdf:Bag>
	</bqmodel:isDescribedBy>
	<bqbiol:isVersionOf>
	<rdf:Bag>
	<rdf:li rdf:resource="http://identifiers.org/go/GO:0007596"/>
	</rdf:Bag>
	</bqbiol:isVersionOf>
	<bqbiol:hasProperty>
	<rdf:Bag>
	<rdf:li rdf:resource="http://identifiers.org/mamo/MAMO_0000046"/>
	</rdf:Bag>
	</bqbiol:hasProperty>
	<bqbiol:hasTaxon>
	<rdf:Bag>
	<rdf:li rdf:resource="http://identifiers.org/taxonomy/9606"/>
	</rdf:Bag>
	</bqbiol:hasTaxon>
	<bqmodel:is>
	<rdf:Bag>
	<rdf:li rdf:resource="http://identifiers.org/biomodels.db/MODEL1807020001"/>
	<rdf:li rdf:resource="http://identifiers.org/biomodels.db/BIOMD0000000739"/>
	</rdf:Bag>
	</bqmodel:is>
	</rdf:Description>
	
      </rdf:RDF>
      <COPASI xmlns="http://www.copasi.org/static/sbml">
        <rdf:RDF xmlns:CopasiMT="http://www.copasi.org/RDF/MiriamTerms#" xmlns:bqbiol="http://biomodels.net/biology-qualifiers/" xmlns:dcterms="http://purl.org/dc/terms/" xmlns:rdf="http://www.w3.org/1999/02/22-rdf-syntax-ns#" xmlns:vCard="http://www.w3.org/2001/vcard-rdf/3.0#">
          <rdf:Description rdf:about="#COPASI0">
            <bqbiol:hasProperty rdf:resource="urn:miriam:mamo:MAMO_0000046"/>
            <bqbiol:hasTaxon rdf:resource="urn:miriam:taxonomy:9606"/>
            <dcterms:bibliographicCitation>
              <rdf:Description>
                <dcterms:description>model for APC regulation of factor V</dcterms:description>
                <CopasiMT:isDescribedBy rdf:resource="urn:miriam:pubmed:22607732"/>
              </rdf:Description>
            </dcterms:bibliographicCitation>
            <dcterms:created>
              <rdf:Description>
                <dcterms:W3CDTF>2018-06-07T16:48:24Z</dcterms:W3CDTF>
              </rdf:Description>
            </dcterms:created>
            <dcterms:creator>
              <rdf:Description>
                <vCard:EMAIL>mroberts@ebi.ac.uk</vCard:EMAIL>
                <vCard:N>
                  <rdf:Description>
                    <vCard:Family>Roberts</vCard:Family>
                    <vCard:Given>Matthew Grant</vCard:Given>
                  </rdf:Description>
                </vCard:N>
                <vCard:ORG>
                  <rdf:Description>
                    <vCard:Orgname>EMBL-EBI</vCard:Orgname>
                  </rdf:Description>
                </vCard:ORG>
              </rdf:Description>
            </dcterms:creator>
            <dcterms:creator>
              <rdf:Description>
                <vCard:EMAIL>tiwarik@babraham.ac.uk</vCard:EMAIL>
                <vCard:N>
                  <rdf:Description>
                    <vCard:Family>Tiwari</vCard:Family>
                    <vCard:Given>Krishna</vCard:Given>
                  </rdf:Description>
                </vCard:N>
                <vCard:ORG>
                  <rdf:Description>
                    <vCard:Orgname>Babraham Institute</vCard:Orgname>
                  </rdf:Description>
                </vCard:ORG>
              </rdf:Description>
            </dcterms:creator>
            <CopasiMT:isVersionOf rdf:resource="urn:miriam:go:GO:0007596"/>
          </rdf:Description>
        </rdf:RDF>
      </COPASI>
    </annotation>
      <listOfUnitDefinitions>
      <unitDefinition id="volume" name="volume">
        <listOfUnits>
          <unit exponent="1" kind="litre" multiplier="1" scale="-3"/>
        </listOfUnits>
      </unitDefinition>
    </listOfUnitDefinitions>
    <listOfCompartments>
      <compartment constant="true" id="compartment" metaid="COPASI1" name="compartment" size="1" spatialDimensions="3">
        <annotation>
          <COPASI xmlns="http://www.copasi.org/static/sbml">
            <rdf:RDF xmlns:dcterms="http://purl.org/dc/terms/" xmlns:rdf="http://www.w3.org/1999/02/22-rdf-syntax-ns#">
              <rdf:Description rdf:about="#COPASI1">
                <dcterms:created>
                  <rdf:Description>
                    <dcterms:W3CDTF>2019-06-28T15:32:06Z</dcterms:W3CDTF>
                  </rdf:Description>
                </dcterms:created>
              </rdf:Description>
            </rdf:RDF>
          </COPASI>
        </annotation>
            </compartment>
    </listOfCompartments>
    <listOfSpecies>
      <species boundaryCondition="false" compartment="compartment" constant="false" id="APC" initialConcentration="2E-9" metaid="COPASI2" name="APC">
        <annotation>
          <rdf:RDF xmlns:rdf="http://www.w3.org/1999/02/22-rdf-syntax-ns#" xmlns:dc="http://purl.org/dc/elements/1.1/" xmlns:dcterms="http://purl.org/dc/terms/" xmlns:vCard="http://www.w3.org/2001/vcard-rdf/3.0#" xmlns:bqbiol="http://biomodels.net/biology-qualifiers/" xmlns:bqmodel="http://biomodels.net/model-qualifiers/">
            <rdf:Description rdf:about="#COPASI2">
	<bqbiol:is>
	<rdf:Bag>
	<rdf:li rdf:resource="http://identifiers.org/ncit/C102826"/>
	</rdf:Bag>
	</bqbiol:is>
	</rdf:Description>
	
          </rdf:RDF>
          <COPASI xmlns="http://www.copasi.org/static/sbml">
            <rdf:RDF xmlns:CopasiMT="http://www.copasi.org/RDF/MiriamTerms#" xmlns:dcterms="http://purl.org/dc/terms/" xmlns:rdf="http://www.w3.org/1999/02/22-rdf-syntax-ns#">
              <rdf:Description rdf:about="#COPASI2">
                <dcterms:created>
                  <rdf:Description>
                    <dcterms:W3CDTF>2018-06-07T17:21:47Z</dcterms:W3CDTF>
                  </rdf:Description>
                </dcterms:created>
                <CopasiMT:is rdf:resource="urn:miriam:ncit:C102826"/>
              </rdf:Description>
            </rdf:RDF>
          </COPASI>
        </annotation>
            </species>
      <species boundaryCondition="false" compartment="compartment" constant="false" id="APC_Va" initialConcentration="0" metaid="COPASI3" name="APC:Va">
        <annotation>
          <rdf:RDF xmlns:rdf="http://www.w3.org/1999/02/22-rdf-syntax-ns#" xmlns:dc="http://purl.org/dc/elements/1.1/" xmlns:dcterms="http://purl.org/dc/terms/" xmlns:vCard="http://www.w3.org/2001/vcard-rdf/3.0#" xmlns:bqbiol="http://biomodels.net/biology-qualifiers/" xmlns:bqmodel="http://biomodels.net/model-qualifiers/">
            <rdf:Description rdf:about="#COPASI3">
              <bqbiol:hasPart>
	<rdf:Bag>
	<rdf:li rdf:resource="http://identifiers.org/ncit/C91335"/>
	</rdf:Bag>
	</bqbiol:hasPart>
	
	<bqbiol:hasPart>
	<rdf:Bag>
	<rdf:li rdf:resource="http://identifiers.org/ncit/C102826"/>
	</rdf:Bag>
	</bqbiol:hasPart>
	</rdf:Description>
	
          </rdf:RDF>
          <COPASI xmlns="http://www.copasi.org/static/sbml">
            <rdf:RDF xmlns:CopasiMT="http://www.copasi.org/RDF/MiriamTerms#" xmlns:dcterms="http://purl.org/dc/terms/" xmlns:rdf="http://www.w3.org/1999/02/22-rdf-syntax-ns#">
              <rdf:Description rdf:about="#COPASI3">
                <dcterms:created>
                  <rdf:Description>
                    <dcterms:W3CDTF>2018-06-08T11:51:04Z</dcterms:W3CDTF>
                  </rdf:Description>
                </dcterms:created>
                <CopasiMT:hasPart rdf:resource="urn:miriam:ncit:C102826"/>
                <CopasiMT:hasPart rdf:resource="urn:miriam:ncit:C91335"/>
              </rdf:Description>
            </rdf:RDF>
          </COPASI>
        </annotation>
            </species>
      <species boundaryCondition="false" compartment="compartment" constant="false" id="Va" initialConcentration="2E-8" metaid="COPASI4" name="Va">
        <annotation>
          <rdf:RDF xmlns:rdf="http://www.w3.org/1999/02/22-rdf-syntax-ns#" xmlns:dc="http://purl.org/dc/elements/1.1/" xmlns:dcterms="http://purl.org/dc/terms/" xmlns:vCard="http://www.w3.org/2001/vcard-rdf/3.0#" xmlns:bqbiol="http://biomodels.net/biology-qualifiers/" xmlns:bqmodel="http://biomodels.net/model-qualifiers/">
            <rdf:Description rdf:about="#COPASI4">
	<bqbiol:is>
	<rdf:Bag>
	<rdf:li rdf:resource="http://identifiers.org/ncit/C91335"/>
	</rdf:Bag>
	</bqbiol:is>
	</rdf:Description>
	
          </rdf:RDF>
          <COPASI xmlns="http://www.copasi.org/static/sbml">
            <rdf:RDF xmlns:CopasiMT="http://www.copasi.org/RDF/MiriamTerms#" xmlns:dcterms="http://purl.org/dc/terms/" xmlns:rdf="http://www.w3.org/1999/02/22-rdf-syntax-ns#">
              <rdf:Description rdf:about="#COPASI4">
                <dcterms:created>
                  <rdf:Description>
                    <dcterms:W3CDTF>2018-06-07T17:21:56Z</dcterms:W3CDTF>
                  </rdf:Description>
                </dcterms:created>
                <CopasiMT:is rdf:resource="urn:miriam:ncit:C91335"/>
              </rdf:Description>
            </rdf:RDF>
          </COPASI>
        </annotation>
            </species>
      <species boundaryCondition="false" compartment="compartment" constant="false" id="Va_i_506" initialConcentration="0" metaid="COPASI5" name="Va_i_506">
        <annotation>
          <rdf:RDF xmlns:rdf="http://www.w3.org/1999/02/22-rdf-syntax-ns#" xmlns:dc="http://purl.org/dc/elements/1.1/" xmlns:dcterms="http://purl.org/dc/terms/" xmlns:vCard="http://www.w3.org/2001/vcard-rdf/3.0#" xmlns:bqbiol="http://biomodels.net/biology-qualifiers/" xmlns:bqmodel="http://biomodels.net/model-qualifiers/">
            <rdf:Description rdf:about="#COPASI5">
	<bqbiol:hasVersion>
	<rdf:Bag>
	<rdf:li rdf:resource="http://identifiers.org/ncit/C91335"/>
	</rdf:Bag>
	</bqbiol:hasVersion>
	</rdf:Description>
	
          </rdf:RDF>
          <COPASI xmlns="http://www.copasi.org/static/sbml">
            <rdf:RDF xmlns:CopasiMT="http://www.copasi.org/RDF/MiriamTerms#" xmlns:dcterms="http://purl.org/dc/terms/" xmlns:rdf="http://www.w3.org/1999/02/22-rdf-syntax-ns#">
              <rdf:Description rdf:about="#COPASI5">
                <dcterms:created>
                  <rdf:Description>
                    <dcterms:W3CDTF>2018-06-08T11:52:14Z</dcterms:W3CDTF>
                  </rdf:Description>
                </dcterms:created>
                <CopasiMT:hasVersion rdf:resource="urn:miriam:ncit:C91335"/>
              </rdf:Description>
            </rdf:RDF>
          </COPASI>
        </annotation>
            </species>
      <species boundaryCondition="false" compartment="compartment" constant="false" id="Va_i_306" initialConcentration="0" metaid="COPASI6" name="Va_i_306">
        <annotation>
          <rdf:RDF xmlns:rdf="http://www.w3.org/1999/02/22-rdf-syntax-ns#" xmlns:dc="http://purl.org/dc/elements/1.1/" xmlns:dcterms="http://purl.org/dc/terms/" xmlns:vCard="http://www.w3.org/2001/vcard-rdf/3.0#" xmlns:bqbiol="http://biomodels.net/biology-qualifiers/" xmlns:bqmodel="http://biomodels.net/model-qualifiers/">
            <rdf:Description rdf:about="#COPASI6">
	<bqmodel:isDerivedFrom>
	<rdf:Bag>
	<rdf:li rdf:resource="http://identifiers.org/ncit/C91335"/>
	</rdf:Bag>
	</bqmodel:isDerivedFrom>
	</rdf:Description>
	
          </rdf:RDF>
          <COPASI xmlns="http://www.copasi.org/static/sbml">
            <rdf:RDF xmlns:bqmodel="http://biomodels.net/model-qualifiers/" xmlns:dcterms="http://purl.org/dc/terms/" xmlns:rdf="http://www.w3.org/1999/02/22-rdf-syntax-ns#">
              <rdf:Description rdf:about="#COPASI6">
                <bqmodel:isDerivedFrom rdf:resource="urn:miriam:ncit:C91335"/>
                <dcterms:created>
                  <rdf:Description>
                    <dcterms:W3CDTF>2018-06-08T11:52:10Z</dcterms:W3CDTF>
                  </rdf:Description>
                </dcterms:created>
              </rdf:Description>
            </rdf:RDF>
          </COPASI>
        </annotation>
            </species>
      <species boundaryCondition="false" compartment="compartment" constant="false" id="APC_Va_i_506" initialConcentration="0" metaid="COPASI7" name="APC:Va_i_506">
        <annotation>
          <rdf:RDF xmlns:rdf="http://www.w3.org/1999/02/22-rdf-syntax-ns#" xmlns:dc="http://purl.org/dc/elements/1.1/" xmlns:dcterms="http://purl.org/dc/terms/" xmlns:vCard="http://www.w3.org/2001/vcard-rdf/3.0#" xmlns:bqbiol="http://biomodels.net/biology-qualifiers/" xmlns:bqmodel="http://biomodels.net/model-qualifiers/">
            <rdf:Description rdf:about="#COPASI7">
              <bqbiol:hasPart>
	<rdf:Bag>
	<rdf:li rdf:resource="http://identifiers.org/ncit/C102826"/>
	</rdf:Bag>
	</bqbiol:hasPart>
	
	<bqbiol:hasPart>
	<rdf:Bag>
	<rdf:li rdf:resource="http://identifiers.org/ncit/C91335"/>
	</rdf:Bag>
	</bqbiol:hasPart>
	</rdf:Description>
	
          </rdf:RDF>
          <COPASI xmlns="http://www.copasi.org/static/sbml">
            <rdf:RDF xmlns:CopasiMT="http://www.copasi.org/RDF/MiriamTerms#" xmlns:dcterms="http://purl.org/dc/terms/" xmlns:rdf="http://www.w3.org/1999/02/22-rdf-syntax-ns#">
              <rdf:Description rdf:about="#COPASI7">
                <dcterms:created>
                  <rdf:Description>
                    <dcterms:W3CDTF>2018-06-08T11:51:05Z</dcterms:W3CDTF>
                  </rdf:Description>
                </dcterms:created>
                <CopasiMT:hasPart rdf:resource="urn:miriam:ncit:C102826"/>
                <CopasiMT:hasPart rdf:resource="urn:miriam:ncit:C91335"/>
              </rdf:Description>
            </rdf:RDF>
          </COPASI>
        </annotation>
            </species>
      <species boundaryCondition="false" compartment="compartment" constant="false" id="APC_Va_i_306" initialConcentration="0" metaid="COPASI8" name="APC:Va_i_306">
        <annotation>
          <rdf:RDF xmlns:rdf="http://www.w3.org/1999/02/22-rdf-syntax-ns#" xmlns:dc="http://purl.org/dc/elements/1.1/" xmlns:dcterms="http://purl.org/dc/terms/" xmlns:vCard="http://www.w3.org/2001/vcard-rdf/3.0#" xmlns:bqbiol="http://biomodels.net/biology-qualifiers/" xmlns:bqmodel="http://biomodels.net/model-qualifiers/">
            <rdf:Description rdf:about="#COPASI8">
              <bqbiol:hasPart>
	<rdf:Bag>
	<rdf:li rdf:resource="http://identifiers.org/ncit/C102826"/>
	</rdf:Bag>
	</bqbiol:hasPart>
	
	<bqbiol:hasPart>
	<rdf:Bag>
	<rdf:li rdf:resource="http://identifiers.org/ncit/C91335"/>
	</rdf:Bag>
	</bqbiol:hasPart>
	</rdf:Description>
	
          </rdf:RDF>
          <COPASI xmlns="http://www.copasi.org/static/sbml">
            <rdf:RDF xmlns:CopasiMT="http://www.copasi.org/RDF/MiriamTerms#" xmlns:dcterms="http://purl.org/dc/terms/" xmlns:rdf="http://www.w3.org/1999/02/22-rdf-syntax-ns#">
              <rdf:Description rdf:about="#COPASI8">
                <dcterms:created>
                  <rdf:Description>
                    <dcterms:W3CDTF>2018-06-08T11:51:05Z</dcterms:W3CDTF>
                  </rdf:Description>
                </dcterms:created>
                <CopasiMT:hasPart rdf:resource="urn:miriam:ncit:C102826"/>
                <CopasiMT:hasPart rdf:resource="urn:miriam:ncit:C91335"/>
              </rdf:Description>
            </rdf:RDF>
          </COPASI>
        </annotation>
            </species>
      <species boundaryCondition="false" compartment="compartment" constant="false" id="Va_i_306_506" initialConcentration="0" metaid="COPASI9" name="Va_i_306/506">
        <annotation>
          <rdf:RDF xmlns:rdf="http://www.w3.org/1999/02/22-rdf-syntax-ns#" xmlns:dc="http://purl.org/dc/elements/1.1/" xmlns:dcterms="http://purl.org/dc/terms/" xmlns:vCard="http://www.w3.org/2001/vcard-rdf/3.0#" xmlns:bqbiol="http://biomodels.net/biology-qualifiers/" xmlns:bqmodel="http://biomodels.net/model-qualifiers/">
            <rdf:Description rdf:about="#COPASI9">
	<bqbiol:hasVersion>
	<rdf:Bag>
	<rdf:li rdf:resource="http://identifiers.org/ncit/C91335"/>
	</rdf:Bag>
	</bqbiol:hasVersion>
	</rdf:Description>
	
          </rdf:RDF>
          <COPASI xmlns="http://www.copasi.org/static/sbml">
            <rdf:RDF xmlns:CopasiMT="http://www.copasi.org/RDF/MiriamTerms#" xmlns:dcterms="http://purl.org/dc/terms/" xmlns:rdf="http://www.w3.org/1999/02/22-rdf-syntax-ns#">
              <rdf:Description rdf:about="#COPASI9">
                <dcterms:created>
                  <rdf:Description>
                    <dcterms:W3CDTF>2018-06-08T11:52:13Z</dcterms:W3CDTF>
                  </rdf:Description>
                </dcterms:created>
                <CopasiMT:hasVersion rdf:resource="urn:miriam:ncit:C91335"/>
              </rdf:Description>
            </rdf:RDF>
          </COPASI>
        </annotation>
            </species>
      <species boundaryCondition="false" compartment="compartment" constant="false" id="Va_1_306_Va_LC" initialConcentration="0" metaid="COPASI10" name="Va_1-306:Va_LC">
        <annotation>
          <rdf:RDF xmlns:rdf="http://www.w3.org/1999/02/22-rdf-syntax-ns#" xmlns:dc="http://purl.org/dc/elements/1.1/" xmlns:dcterms="http://purl.org/dc/terms/" xmlns:vCard="http://www.w3.org/2001/vcard-rdf/3.0#" xmlns:bqbiol="http://biomodels.net/biology-qualifiers/" xmlns:bqmodel="http://biomodels.net/model-qualifiers/">
            <rdf:Description rdf:about="#COPASI10">
	<bqmodel:isDerivedFrom>
	<rdf:Bag>
	<rdf:li rdf:resource="http://identifiers.org/ncit/C91335"/>
	</rdf:Bag>
	</bqmodel:isDerivedFrom>
	</rdf:Description>
	
          </rdf:RDF>
          <COPASI xmlns="http://www.copasi.org/static/sbml">
            <rdf:RDF xmlns:bqmodel="http://biomodels.net/model-qualifiers/" xmlns:dcterms="http://purl.org/dc/terms/" xmlns:rdf="http://www.w3.org/1999/02/22-rdf-syntax-ns#">
              <rdf:Description rdf:about="#COPASI10">
                <bqmodel:isDerivedFrom rdf:resource="urn:miriam:ncit:C91335"/>
                <dcterms:created>
                  <rdf:Description>
                    <dcterms:W3CDTF>2018-06-07T17:21:58Z</dcterms:W3CDTF>
                  </rdf:Description>
                </dcterms:created>
              </rdf:Description>
            </rdf:RDF>
          </COPASI>
        </annotation>
            </species>
      <species boundaryCondition="false" compartment="compartment" constant="false" id="Va_307_506" initialConcentration="0" metaid="COPASI11" name="Va_307-506">
        <annotation>
          <rdf:RDF xmlns:rdf="http://www.w3.org/1999/02/22-rdf-syntax-ns#" xmlns:dc="http://purl.org/dc/elements/1.1/" xmlns:dcterms="http://purl.org/dc/terms/" xmlns:vCard="http://www.w3.org/2001/vcard-rdf/3.0#" xmlns:bqbiol="http://biomodels.net/biology-qualifiers/" xmlns:bqmodel="http://biomodels.net/model-qualifiers/">
            <rdf:Description rdf:about="#COPASI11">
	<bqmodel:isDerivedFrom>
	<rdf:Bag>
	<rdf:li rdf:resource="http://identifiers.org/ncit/C91335"/>
	</rdf:Bag>
	</bqmodel:isDerivedFrom>
	</rdf:Description>
	
          </rdf:RDF>
          <COPASI xmlns="http://www.copasi.org/static/sbml">
            <rdf:RDF xmlns:bqmodel="http://biomodels.net/model-qualifiers/" xmlns:dcterms="http://purl.org/dc/terms/" xmlns:rdf="http://www.w3.org/1999/02/22-rdf-syntax-ns#">
              <rdf:Description rdf:about="#COPASI11">
                <bqmodel:isDerivedFrom rdf:resource="urn:miriam:ncit:C91335"/>
                <dcterms:created>
                  <rdf:Description>
                    <dcterms:W3CDTF>2018-06-08T11:51:10Z</dcterms:W3CDTF>
                  </rdf:Description>
                </dcterms:created>
              </rdf:Description>
            </rdf:RDF>
          </COPASI>
        </annotation>
            </species>
      <species boundaryCondition="false" compartment="compartment" constant="false" id="Va_507_679_709" initialConcentration="0" metaid="COPASI12" name="Va_507-679/709">
        <annotation>
          <rdf:RDF xmlns:rdf="http://www.w3.org/1999/02/22-rdf-syntax-ns#" xmlns:dc="http://purl.org/dc/elements/1.1/" xmlns:dcterms="http://purl.org/dc/terms/" xmlns:vCard="http://www.w3.org/2001/vcard-rdf/3.0#" xmlns:bqbiol="http://biomodels.net/biology-qualifiers/" xmlns:bqmodel="http://biomodels.net/model-qualifiers/">
            <rdf:Description rdf:about="#COPASI12">
	<bqmodel:isDerivedFrom>
	<rdf:Bag>
	<rdf:li rdf:resource="http://identifiers.org/ncit/C91335"/>
	</rdf:Bag>
	</bqmodel:isDerivedFrom>
	</rdf:Description>
	
          </rdf:RDF>
          <COPASI xmlns="http://www.copasi.org/static/sbml">
            <rdf:RDF xmlns:bqmodel="http://biomodels.net/model-qualifiers/" xmlns:dcterms="http://purl.org/dc/terms/" xmlns:rdf="http://www.w3.org/1999/02/22-rdf-syntax-ns#">
              <rdf:Description rdf:about="#COPASI12">
                <bqmodel:isDerivedFrom rdf:resource="urn:miriam:ncit:C91335"/>
                <dcterms:created>
                  <rdf:Description>
                    <dcterms:W3CDTF>2018-06-07T17:19:45Z</dcterms:W3CDTF>
                  </rdf:Description>
                </dcterms:created>
              </rdf:Description>
            </rdf:RDF>
          </COPASI>
        </annotation>
            </species>
      <species boundaryCondition="false" compartment="compartment" constant="false" id="APC_Va_1_306_Va_LC" initialConcentration="0" metaid="COPASI13" name="APC:Va_1-306:Va_LC">
        <annotation>
          <rdf:RDF xmlns:rdf="http://www.w3.org/1999/02/22-rdf-syntax-ns#" xmlns:dc="http://purl.org/dc/elements/1.1/" xmlns:dcterms="http://purl.org/dc/terms/" xmlns:vCard="http://www.w3.org/2001/vcard-rdf/3.0#" xmlns:bqbiol="http://biomodels.net/biology-qualifiers/" xmlns:bqmodel="http://biomodels.net/model-qualifiers/">
            <rdf:Description rdf:about="#COPASI13">
              <bqbiol:hasPart>
	<rdf:Bag>
	<rdf:li rdf:resource="http://identifiers.org/ncit/C102826"/>
	</rdf:Bag>
	</bqbiol:hasPart>
	
	<bqbiol:hasPart>
	<rdf:Bag>
	<rdf:li rdf:resource="http://identifiers.org/ncit/C91335"/>
	</rdf:Bag>
	</bqbiol:hasPart>
	</rdf:Description>
	
          </rdf:RDF>
          <COPASI xmlns="http://www.copasi.org/static/sbml">
            <rdf:RDF xmlns:CopasiMT="http://www.copasi.org/RDF/MiriamTerms#" xmlns:dcterms="http://purl.org/dc/terms/" xmlns:rdf="http://www.w3.org/1999/02/22-rdf-syntax-ns#">
              <rdf:Description rdf:about="#COPASI13">
                <dcterms:created>
                  <rdf:Description>
                    <dcterms:W3CDTF>2018-06-08T11:51:04Z</dcterms:W3CDTF>
                  </rdf:Description>
                </dcterms:created>
                <CopasiMT:hasPart rdf:resource="urn:miriam:ncit:C102826"/>
                <CopasiMT:hasPart rdf:resource="urn:miriam:ncit:C91335"/>
              </rdf:Description>
            </rdf:RDF>
          </COPASI>
        </annotation>
            </species>
      <species boundaryCondition="false" compartment="compartment" constant="false" id="Xa" initialConcentration="0" metaid="COPASI14" name="Xa">
        <annotation>
          <rdf:RDF xmlns:rdf="http://www.w3.org/1999/02/22-rdf-syntax-ns#" xmlns:dc="http://purl.org/dc/elements/1.1/" xmlns:dcterms="http://purl.org/dc/terms/" xmlns:vCard="http://www.w3.org/2001/vcard-rdf/3.0#" xmlns:bqbiol="http://biomodels.net/biology-qualifiers/" xmlns:bqmodel="http://biomodels.net/model-qualifiers/">
            <rdf:Description rdf:about="#COPASI14">
	<bqbiol:is>
	<rdf:Bag>
	<rdf:li rdf:resource="http://identifiers.org/ncit/C98727"/>
	</rdf:Bag>
	</bqbiol:is>
	</rdf:Description>
	
          </rdf:RDF>
          <COPASI xmlns="http://www.copasi.org/static/sbml">
            <rdf:RDF xmlns:CopasiMT="http://www.copasi.org/RDF/MiriamTerms#" xmlns:dcterms="http://purl.org/dc/terms/" xmlns:rdf="http://www.w3.org/1999/02/22-rdf-syntax-ns#">
              <rdf:Description rdf:about="#COPASI14">
                <dcterms:created>
                  <rdf:Description>
                    <dcterms:W3CDTF>2018-06-08T11:52:14Z</dcterms:W3CDTF>
                  </rdf:Description>
                </dcterms:created>
                <CopasiMT:is rdf:resource="urn:miriam:ncit:C98727"/>
              </rdf:Description>
            </rdf:RDF>
          </COPASI>
        </annotation>
            </species>
      <species boundaryCondition="false" compartment="compartment" constant="false" id="Xa_Va" initialConcentration="0" metaid="COPASI15" name="Xa:Va">
        <annotation>
          <rdf:RDF xmlns:rdf="http://www.w3.org/1999/02/22-rdf-syntax-ns#" xmlns:dc="http://purl.org/dc/elements/1.1/" xmlns:dcterms="http://purl.org/dc/terms/" xmlns:vCard="http://www.w3.org/2001/vcard-rdf/3.0#" xmlns:bqbiol="http://biomodels.net/biology-qualifiers/" xmlns:bqmodel="http://biomodels.net/model-qualifiers/">
            <rdf:Description rdf:about="#COPASI15">
              <bqbiol:hasPart>
	<rdf:Bag>
	<rdf:li rdf:resource="http://identifiers.org/ncit/C91335"/>
	</rdf:Bag>
	</bqbiol:hasPart>
	
	<bqbiol:hasPart>
	<rdf:Bag>
	<rdf:li rdf:resource="http://identifiers.org/ncit/C98727"/>
	</rdf:Bag>
	</bqbiol:hasPart>
	</rdf:Description>
	
          </rdf:RDF>
          <COPASI xmlns="http://www.copasi.org/static/sbml">
            <rdf:RDF xmlns:CopasiMT="http://www.copasi.org/RDF/MiriamTerms#" xmlns:dcterms="http://purl.org/dc/terms/" xmlns:rdf="http://www.w3.org/1999/02/22-rdf-syntax-ns#">
              <rdf:Description rdf:about="#COPASI15">
                <dcterms:created>
                  <rdf:Description>
                    <dcterms:W3CDTF>2018-06-29T15:04:21Z</dcterms:W3CDTF>
                  </rdf:Description>
                </dcterms:created>
                <CopasiMT:hasPart rdf:resource="urn:miriam:ncit:C91335"/>
                <CopasiMT:hasPart rdf:resource="urn:miriam:ncit:C98727"/>
              </rdf:Description>
            </rdf:RDF>
          </COPASI>
        </annotation>
            </species>
      <species boundaryCondition="false" compartment="compartment" constant="false" id="Xa_Va_i_506" initialConcentration="0" metaid="COPASI16" name="Xa:Va_i_506">
        <annotation>
          <rdf:RDF xmlns:rdf="http://www.w3.org/1999/02/22-rdf-syntax-ns#" xmlns:dc="http://purl.org/dc/elements/1.1/" xmlns:dcterms="http://purl.org/dc/terms/" xmlns:vCard="http://www.w3.org/2001/vcard-rdf/3.0#" xmlns:bqbiol="http://biomodels.net/biology-qualifiers/" xmlns:bqmodel="http://biomodels.net/model-qualifiers/">
            <rdf:Description rdf:about="#COPASI16">
              <bqbiol:hasPart>
	<rdf:Bag>
	<rdf:li rdf:resource="http://identifiers.org/ncit/C98727"/>
	</rdf:Bag>
	</bqbiol:hasPart>
	
	<bqbiol:hasPart>
	<rdf:Bag>
	<rdf:li rdf:resource="http://identifiers.org/ncit/C91335"/>
	</rdf:Bag>
	</bqbiol:hasPart>
	</rdf:Description>
	
          </rdf:RDF>
          <COPASI xmlns="http://www.copasi.org/static/sbml">
            <rdf:RDF xmlns:CopasiMT="http://www.copasi.org/RDF/MiriamTerms#" xmlns:dcterms="http://purl.org/dc/terms/" xmlns:rdf="http://www.w3.org/1999/02/22-rdf-syntax-ns#">
              <rdf:Description rdf:about="#COPASI16">
                <dcterms:created>
                  <rdf:Description>
                    <dcterms:W3CDTF>2018-06-29T17:06:18Z</dcterms:W3CDTF>
                  </rdf:Description>
                </dcterms:created>
                <CopasiMT:hasPart rdf:resource="urn:miriam:ncit:C91335"/>
                <CopasiMT:hasPart rdf:resource="urn:miriam:ncit:C98727"/>
              </rdf:Description>
            </rdf:RDF>
          </COPASI>
        </annotation>
            </species>
      <species boundaryCondition="false" compartment="compartment" constant="false" id="Xa_Va_i_306_506" initialConcentration="0" metaid="COPASI17" name="Xa:Va_i_306/506">
        <annotation>
          <rdf:RDF xmlns:rdf="http://www.w3.org/1999/02/22-rdf-syntax-ns#" xmlns:dc="http://purl.org/dc/elements/1.1/" xmlns:dcterms="http://purl.org/dc/terms/" xmlns:vCard="http://www.w3.org/2001/vcard-rdf/3.0#" xmlns:bqbiol="http://biomodels.net/biology-qualifiers/" xmlns:bqmodel="http://biomodels.net/model-qualifiers/">
            <rdf:Description rdf:about="#COPASI17">
              <bqbiol:hasPart>
	<rdf:Bag>
	<rdf:li rdf:resource="http://identifiers.org/ncit/C98727"/>
	</rdf:Bag>
	</bqbiol:hasPart>
	
	<bqbiol:hasPart>
	<rdf:Bag>
	<rdf:li rdf:resource="http://identifiers.org/ncit/C91335"/>
	</rdf:Bag>
	</bqbiol:hasPart>
	</rdf:Description>
	
          </rdf:RDF>
          <COPASI xmlns="http://www.copasi.org/static/sbml">
            <rdf:RDF xmlns:CopasiMT="http://www.copasi.org/RDF/MiriamTerms#" xmlns:dcterms="http://purl.org/dc/terms/" xmlns:rdf="http://www.w3.org/1999/02/22-rdf-syntax-ns#">
              <rdf:Description rdf:about="#COPASI17">
                <dcterms:created>
                  <rdf:Description>
                    <dcterms:W3CDTF>2018-06-08T12:21:26Z</dcterms:W3CDTF>
                  </rdf:Description>
                </dcterms:created>
                <CopasiMT:hasPart rdf:resource="urn:miriam:ncit:C91335"/>
                <CopasiMT:hasPart rdf:resource="urn:miriam:ncit:C98727"/>
              </rdf:Description>
            </rdf:RDF>
          </COPASI>
        </annotation>
            </species>
      <species boundaryCondition="false" compartment="compartment" constant="false" id="Xa_Va_i_306" initialConcentration="0" metaid="COPASI18" name="Xa:Va_i_306">
        <annotation>
          <rdf:RDF xmlns:rdf="http://www.w3.org/1999/02/22-rdf-syntax-ns#" xmlns:dc="http://purl.org/dc/elements/1.1/" xmlns:dcterms="http://purl.org/dc/terms/" xmlns:vCard="http://www.w3.org/2001/vcard-rdf/3.0#" xmlns:bqbiol="http://biomodels.net/biology-qualifiers/" xmlns:bqmodel="http://biomodels.net/model-qualifiers/">
            <rdf:Description rdf:about="#COPASI18">
              <bqbiol:hasPart>
	<rdf:Bag>
	<rdf:li rdf:resource="http://identifiers.org/ncit/C91335"/>
	</rdf:Bag>
	</bqbiol:hasPart>
	
	<bqbiol:hasPart>
	<rdf:Bag>
	<rdf:li rdf:resource="http://identifiers.org/ncit/C98727"/>
	</rdf:Bag>
	</bqbiol:hasPart>
	</rdf:Description>
	
          </rdf:RDF>
          <COPASI xmlns="http://www.copasi.org/static/sbml">
            <rdf:RDF xmlns:CopasiMT="http://www.copasi.org/RDF/MiriamTerms#" xmlns:dcterms="http://purl.org/dc/terms/" xmlns:rdf="http://www.w3.org/1999/02/22-rdf-syntax-ns#">
              <rdf:Description rdf:about="#COPASI18">
                <dcterms:created>
                  <rdf:Description>
                    <dcterms:W3CDTF>2019-06-27T15:45:58Z</dcterms:W3CDTF>
                  </rdf:Description>
                </dcterms:created>
                <CopasiMT:hasPart rdf:resource="urn:miriam:ncit:C91335"/>
                <CopasiMT:hasPart rdf:resource="urn:miriam:ncit:C98727"/>
              </rdf:Description>
            </rdf:RDF>
          </COPASI>
        </annotation>
            </species>
      <species boundaryCondition="false" compartment="compartment" constant="false" id="Va_307_679_709" initialConcentration="0" metaid="COPASI19" name="Va_307-679/709">
        <annotation>
          <rdf:RDF xmlns:rdf="http://www.w3.org/1999/02/22-rdf-syntax-ns#" xmlns:dc="http://purl.org/dc/elements/1.1/" xmlns:dcterms="http://purl.org/dc/terms/" xmlns:vCard="http://www.w3.org/2001/vcard-rdf/3.0#" xmlns:bqbiol="http://biomodels.net/biology-qualifiers/" xmlns:bqmodel="http://biomodels.net/model-qualifiers/">
            <rdf:Description rdf:about="#COPASI19">
	<bqbiol:hasTaxon>
	<rdf:Bag>
	<rdf:li rdf:resource="http://identifiers.org/ncit/C91335"/>
	</rdf:Bag>
	</bqbiol:hasTaxon>
	</rdf:Description>
	
          </rdf:RDF>
          <COPASI xmlns="http://www.copasi.org/static/sbml">
            <rdf:RDF xmlns:bqbiol="http://biomodels.net/biology-qualifiers/" xmlns:dcterms="http://purl.org/dc/terms/" xmlns:rdf="http://www.w3.org/1999/02/22-rdf-syntax-ns#">
              <rdf:Description rdf:about="#COPASI19">
                <bqbiol:hasTaxon rdf:resource="urn:miriam:ncit:C91335"/>
                <dcterms:created>
                  <rdf:Description>
                    <dcterms:W3CDTF>2019-06-27T15:45:42Z</dcterms:W3CDTF>
                  </rdf:Description>
                </dcterms:created>
              </rdf:Description>
            </rdf:RDF>
          </COPASI>
        </annotation>
            </species>
      <species boundaryCondition="false" compartment="compartment" constant="false" id="PT" initialConcentration="0" metaid="COPASI20" name="PT">
        <annotation>
          <rdf:RDF xmlns:rdf="http://www.w3.org/1999/02/22-rdf-syntax-ns#" xmlns:dc="http://purl.org/dc/elements/1.1/" xmlns:dcterms="http://purl.org/dc/terms/" xmlns:vCard="http://www.w3.org/2001/vcard-rdf/3.0#" xmlns:bqbiol="http://biomodels.net/biology-qualifiers/" xmlns:bqmodel="http://biomodels.net/model-qualifiers/">
            <rdf:Description rdf:about="#COPASI20">
	<bqbiol:is>
	<rdf:Bag>
	<rdf:li rdf:resource="http://identifiers.org/ncit/C82273"/>
	</rdf:Bag>
	</bqbiol:is>
	</rdf:Description>
	
          </rdf:RDF>
          <COPASI xmlns="http://www.copasi.org/static/sbml">
            <rdf:RDF xmlns:CopasiMT="http://www.copasi.org/RDF/MiriamTerms#" xmlns:dcterms="http://purl.org/dc/terms/" xmlns:rdf="http://www.w3.org/1999/02/22-rdf-syntax-ns#">
              <rdf:Description rdf:about="#COPASI20">
                <dcterms:created>
                  <rdf:Description>
                    <dcterms:W3CDTF>2018-06-08T11:51:05Z</dcterms:W3CDTF>
                  </rdf:Description>
                </dcterms:created>
                <CopasiMT:is rdf:resource="urn:miriam:ncit:C82273"/>
              </rdf:Description>
            </rdf:RDF>
          </COPASI>
        </annotation>
            </species>
      <species boundaryCondition="false" compartment="compartment" constant="false" id="Va_PT" initialConcentration="0" metaid="COPASI21" name="Va:PT">
        <annotation>
          <rdf:RDF xmlns:rdf="http://www.w3.org/1999/02/22-rdf-syntax-ns#" xmlns:dc="http://purl.org/dc/elements/1.1/" xmlns:dcterms="http://purl.org/dc/terms/" xmlns:vCard="http://www.w3.org/2001/vcard-rdf/3.0#" xmlns:bqbiol="http://biomodels.net/biology-qualifiers/" xmlns:bqmodel="http://biomodels.net/model-qualifiers/">
            <rdf:Description rdf:about="#COPASI21">
              <bqbiol:hasPart>
	<rdf:Bag>
	<rdf:li rdf:resource="http://identifiers.org/ncit/C82273"/>
	</rdf:Bag>
	</bqbiol:hasPart>
	
	<bqbiol:hasPart>
	<rdf:Bag>
	<rdf:li rdf:resource="http://identifiers.org/ncit/C91335"/>
	</rdf:Bag>
	</bqbiol:hasPart>
	</rdf:Description>
	
          </rdf:RDF>
          <COPASI xmlns="http://www.copasi.org/static/sbml">
            <rdf:RDF xmlns:CopasiMT="http://www.copasi.org/RDF/MiriamTerms#" xmlns:dcterms="http://purl.org/dc/terms/" xmlns:rdf="http://www.w3.org/1999/02/22-rdf-syntax-ns#">
              <rdf:Description rdf:about="#COPASI21">
                <dcterms:created>
                  <rdf:Description>
                    <dcterms:W3CDTF>2018-06-08T11:51:06Z</dcterms:W3CDTF>
                  </rdf:Description>
                </dcterms:created>
                <CopasiMT:hasPart rdf:resource="urn:miriam:ncit:C82273"/>
                <CopasiMT:hasPart rdf:resource="urn:miriam:ncit:C91335"/>
              </rdf:Description>
            </rdf:RDF>
          </COPASI>
        </annotation>
            </species>
      <species boundaryCondition="false" compartment="compartment" constant="false" id="Xa_Va_PT" initialConcentration="0" metaid="COPASI22" name="Xa:Va:PT">
        <annotation>
          <rdf:RDF xmlns:rdf="http://www.w3.org/1999/02/22-rdf-syntax-ns#" xmlns:dc="http://purl.org/dc/elements/1.1/" xmlns:dcterms="http://purl.org/dc/terms/" xmlns:vCard="http://www.w3.org/2001/vcard-rdf/3.0#" xmlns:bqbiol="http://biomodels.net/biology-qualifiers/" xmlns:bqmodel="http://biomodels.net/model-qualifiers/">
            <rdf:Description rdf:about="#COPASI22">
              <bqbiol:hasPart>
	<rdf:Bag>
	<rdf:li rdf:resource="http://identifiers.org/ncit/C91335"/>
	</rdf:Bag>
	</bqbiol:hasPart>
	<bqbiol:hasPart>
	<rdf:Bag>
	<rdf:li rdf:resource="http://identifiers.org/ncit/C98727"/>
	</rdf:Bag>
	</bqbiol:hasPart>
	
	<bqbiol:hasPart>
	<rdf:Bag>
	<rdf:li rdf:resource="http://identifiers.org/ncit/C82273"/>
	</rdf:Bag>
	</bqbiol:hasPart>
	</rdf:Description>
	
          </rdf:RDF>
          <COPASI xmlns="http://www.copasi.org/static/sbml">
            <rdf:RDF xmlns:CopasiMT="http://www.copasi.org/RDF/MiriamTerms#" xmlns:dcterms="http://purl.org/dc/terms/" xmlns:rdf="http://www.w3.org/1999/02/22-rdf-syntax-ns#">
              <rdf:Description rdf:about="#COPASI22">
                <dcterms:created>
                  <rdf:Description>
                    <dcterms:W3CDTF>2019-06-27T15:45:58Z</dcterms:W3CDTF>
                  </rdf:Description>
                </dcterms:created>
                <CopasiMT:hasPart rdf:resource="urn:miriam:ncit:C82273"/>
                <CopasiMT:hasPart rdf:resource="urn:miriam:ncit:C91335"/>
                <CopasiMT:hasPart rdf:resource="urn:miriam:ncit:C98727"/>
              </rdf:Description>
            </rdf:RDF>
          </COPASI>
        </annotation>
            </species>
      <species boundaryCondition="false" compartment="compartment" constant="false" id="Xa_Va_i_506_PT" initialConcentration="0" metaid="COPASI23" name="Xa:Va_i_506:PT">
        <annotation>
          <rdf:RDF xmlns:rdf="http://www.w3.org/1999/02/22-rdf-syntax-ns#" xmlns:dc="http://purl.org/dc/elements/1.1/" xmlns:dcterms="http://purl.org/dc/terms/" xmlns:vCard="http://www.w3.org/2001/vcard-rdf/3.0#" xmlns:bqbiol="http://biomodels.net/biology-qualifiers/" xmlns:bqmodel="http://biomodels.net/model-qualifiers/">
            <rdf:Description rdf:about="#COPASI23">
              <bqbiol:hasPart>
	<rdf:Bag>
	<rdf:li rdf:resource="http://identifiers.org/ncit/C98727"/>
	</rdf:Bag>
	</bqbiol:hasPart>
	<bqbiol:hasPart>
	<rdf:Bag>
	<rdf:li rdf:resource="http://identifiers.org/ncit/C82273"/>
	</rdf:Bag>
	</bqbiol:hasPart>
	
	<bqbiol:hasPart>
	<rdf:Bag>
	<rdf:li rdf:resource="http://identifiers.org/ncit/C91335"/>
	</rdf:Bag>
	</bqbiol:hasPart>
	</rdf:Description>
	
          </rdf:RDF>
          <COPASI xmlns="http://www.copasi.org/static/sbml">
            <rdf:RDF xmlns:CopasiMT="http://www.copasi.org/RDF/MiriamTerms#" xmlns:dcterms="http://purl.org/dc/terms/" xmlns:rdf="http://www.w3.org/1999/02/22-rdf-syntax-ns#">
              <rdf:Description rdf:about="#COPASI23">
                <dcterms:created>
                  <rdf:Description>
                    <dcterms:W3CDTF>2019-06-27T15:46:01Z</dcterms:W3CDTF>
                  </rdf:Description>
                </dcterms:created>
                <CopasiMT:hasPart rdf:resource="urn:miriam:ncit:C82273"/>
                <CopasiMT:hasPart rdf:resource="urn:miriam:ncit:C91335"/>
                <CopasiMT:hasPart rdf:resource="urn:miriam:ncit:C98727"/>
              </rdf:Description>
            </rdf:RDF>
          </COPASI>
        </annotation>
            </species>
      <species boundaryCondition="false" compartment="compartment" constant="false" id="Xa_Va_i_306_PT" initialConcentration="0" metaid="COPASI24" name="Xa:Va_i_306:PT">
        <annotation>
          <rdf:RDF xmlns:rdf="http://www.w3.org/1999/02/22-rdf-syntax-ns#" xmlns:dc="http://purl.org/dc/elements/1.1/" xmlns:dcterms="http://purl.org/dc/terms/" xmlns:vCard="http://www.w3.org/2001/vcard-rdf/3.0#" xmlns:bqbiol="http://biomodels.net/biology-qualifiers/" xmlns:bqmodel="http://biomodels.net/model-qualifiers/">
            <rdf:Description rdf:about="#COPASI24">
              <bqbiol:hasPart>
	<rdf:Bag>
	<rdf:li rdf:resource="http://identifiers.org/ncit/C82273"/>
	</rdf:Bag>
	</bqbiol:hasPart>
	<bqbiol:hasPart>
	<rdf:Bag>
	<rdf:li rdf:resource="http://identifiers.org/ncit/C98727"/>
	</rdf:Bag>
	</bqbiol:hasPart>
	
	<bqbiol:hasPart>
	<rdf:Bag>
	<rdf:li rdf:resource="http://identifiers.org/ncit/C91335"/>
	</rdf:Bag>
	</bqbiol:hasPart>
	</rdf:Description>
	
          </rdf:RDF>
          <COPASI xmlns="http://www.copasi.org/static/sbml">
            <rdf:RDF xmlns:CopasiMT="http://www.copasi.org/RDF/MiriamTerms#" xmlns:dcterms="http://purl.org/dc/terms/" xmlns:rdf="http://www.w3.org/1999/02/22-rdf-syntax-ns#">
              <rdf:Description rdf:about="#COPASI24">
                <dcterms:created>
                  <rdf:Description>
                    <dcterms:W3CDTF>2019-06-27T15:46:00Z</dcterms:W3CDTF>
                  </rdf:Description>
                </dcterms:created>
                <CopasiMT:hasPart rdf:resource="urn:miriam:ncit:C82273"/>
                <CopasiMT:hasPart rdf:resource="urn:miriam:ncit:C91335"/>
                <CopasiMT:hasPart rdf:resource="urn:miriam:ncit:C98727"/>
              </rdf:Description>
            </rdf:RDF>
          </COPASI>
        </annotation>
            </species>
      <species boundaryCondition="false" compartment="compartment" constant="false" id="Xa_Va_i_306_506_PT" initialConcentration="0" metaid="COPASI25" name="Xa:Va_i_306/506:PT">
        <annotation>
          <rdf:RDF xmlns:rdf="http://www.w3.org/1999/02/22-rdf-syntax-ns#" xmlns:dc="http://purl.org/dc/elements/1.1/" xmlns:dcterms="http://purl.org/dc/terms/" xmlns:vCard="http://www.w3.org/2001/vcard-rdf/3.0#" xmlns:bqbiol="http://biomodels.net/biology-qualifiers/" xmlns:bqmodel="http://biomodels.net/model-qualifiers/">
            <rdf:Description rdf:about="#COPASI25">
              <bqbiol:hasPart>
	<rdf:Bag>
	<rdf:li rdf:resource="http://identifiers.org/ncit/C98727"/>
	</rdf:Bag>
	</bqbiol:hasPart>
	<bqbiol:hasPart>
	<rdf:Bag>
	<rdf:li rdf:resource="http://identifiers.org/ncit/C91335"/>
	</rdf:Bag>
	</bqbiol:hasPart>
	
	<bqbiol:hasPart>
	<rdf:Bag>
	<rdf:li rdf:resource="http://identifiers.org/ncit/C82273"/>
	</rdf:Bag>
	</bqbiol:hasPart>
	</rdf:Description>
	
          </rdf:RDF>
          <COPASI xmlns="http://www.copasi.org/static/sbml">
            <rdf:RDF xmlns:CopasiMT="http://www.copasi.org/RDF/MiriamTerms#" xmlns:dcterms="http://purl.org/dc/terms/" xmlns:rdf="http://www.w3.org/1999/02/22-rdf-syntax-ns#">
              <rdf:Description rdf:about="#COPASI25">
                <dcterms:created>
                  <rdf:Description>
                    <dcterms:W3CDTF>2019-06-27T15:46:00Z</dcterms:W3CDTF>
                  </rdf:Description>
                </dcterms:created>
                <CopasiMT:hasPart rdf:resource="urn:miriam:ncit:C82273"/>
                <CopasiMT:hasPart rdf:resource="urn:miriam:ncit:C91335"/>
                <CopasiMT:hasPart rdf:resource="urn:miriam:ncit:C98727"/>
              </rdf:Description>
            </rdf:RDF>
          </COPASI>
        </annotation>
            </species>
    </listOfSpecies>
    <listOfParameters>
      <parameter constant="true" id="R01_koff" metaid="COPASI26" name="R01_koff" value="0.7">
        <annotation>
          <COPASI xmlns="http://www.copasi.org/static/sbml">
            <rdf:RDF xmlns:dcterms="http://purl.org/dc/terms/" xmlns:rdf="http://www.w3.org/1999/02/22-rdf-syntax-ns#">
              <rdf:Description rdf:about="#COPASI26">
                <dcterms:created>
                  <rdf:Description>
                    <dcterms:W3CDTF>2019-06-27T15:44:06Z</dcterms:W3CDTF>
                  </rdf:Description>
                </dcterms:created>
              </rdf:Description>
            </rdf:RDF>
          </COPASI>
        </annotation>
            </parameter>
      <parameter constant="true" id="R01_kon" metaid="COPASI27" name="R01_kon" value="100000000">
        <annotation>
          <COPASI xmlns="http://www.copasi.org/static/sbml">
            <rdf:RDF xmlns:dcterms="http://purl.org/dc/terms/" xmlns:rdf="http://www.w3.org/1999/02/22-rdf-syntax-ns#">
              <rdf:Description rdf:about="#COPASI27">
                <dcterms:created>
                  <rdf:Description>
                    <dcterms:W3CDTF>2019-06-27T15:44:07Z</dcterms:W3CDTF>
                  </rdf:Description>
                </dcterms:created>
              </rdf:Description>
            </rdf:RDF>
          </COPASI>
        </annotation>
            </parameter>
      <parameter constant="true" id="R02_kcat" name="R02_kcat" value="1"/>
      <parameter constant="true" id="R03_kcat" name="R03_kcat" value="0.192"/>
      <parameter constant="true" id="R04_koff" name="R04_koff" value="0.7"/>
      <parameter constant="true" id="R04_kon" name="R04_kon" value="100000000"/>
      <parameter constant="true" id="R05_koff" name="R05_koff" value="0.7"/>
      <parameter constant="true" id="R05_kon" name="R05_kon" value="100000000"/>
      <parameter constant="true" id="R06_kcat" name="R06_kcat" value="0.192"/>
      <parameter constant="true" id="R07_kcat" name="R07_kcat" value="1"/>
      <parameter constant="true" id="R08_kdis" name="R08_kdis" value="0.028"/>
      <parameter constant="true" id="R09_kdis" name="R09_kdis" value="0.028"/>
      <parameter constant="true" id="R10_koff" name="R10_koff" value="0.7"/>
      <parameter constant="true" id="R10_kon" name="R10_kon" value="100000000"/>
      <parameter constant="true" id="R11_koff" name="R11_koff" value="0.075"/>
      <parameter constant="true" id="R11_kon" name="R11_kon" value="150000000"/>
      <parameter constant="true" id="R12_koff" name="R12_koff" value="0.15"/>
      <parameter constant="true" id="R12_kon" metaid="COPASI28" name="R12_kon" value="150000000">
        <annotation>
          <COPASI xmlns="http://www.copasi.org/static/sbml">
            <rdf:RDF xmlns:dcterms="http://purl.org/dc/terms/" xmlns:rdf="http://www.w3.org/1999/02/22-rdf-syntax-ns#">
              <rdf:Description rdf:about="#COPASI28">
                <dcterms:created>
                  <rdf:Description>
                    <dcterms:W3CDTF>2019-06-27T17:16:13Z</dcterms:W3CDTF>
                  </rdf:Description>
                </dcterms:created>
              </rdf:Description>
            </rdf:RDF>
          </COPASI>
        </annotation>
            </parameter>
      <parameter constant="true" id="R13_koff" name="R13_koff" value="0.15"/>
      <parameter constant="true" id="R13_kon" name="R13_kon" value="150000000"/>
      <parameter constant="true" id="R14_koff" name="R14_koff" value="0.15"/>
      <parameter constant="true" id="R14_kon" name="R14_kon" value="150000000"/>
      <parameter constant="true" id="R15_kdis" name="R15_kdis" value="0.0035"/>
      <parameter constant="true" id="R16_kdis" name="R16_kdis" value="0.0035"/>
      <parameter constant="true" id="R17_koff" name="R17_koff" value="70"/>
      <parameter constant="true" id="R17_kon" name="R17_kon" value="100000000"/>
      <parameter constant="true" id="R19_koff" name="R19_koff" value="103"/>
      <parameter constant="true" id="R19_kon" name="R19_kon" value="100000000"/>
      <parameter constant="true" id="R20_koff" name="R20_koff" value="103"/>
      <parameter constant="true" id="R20_kon" name="R20_kon" value="100000000"/>
      <parameter constant="true" id="R21_koff" name="R21_koff" value="103"/>
      <parameter constant="true" id="R21_kon" name="R21_kon" value="100000000"/>
      <parameter constant="true" id="R22_koff" name="R22_koff" value="103"/>
      <parameter constant="true" id="R22_kon" name="R22_kon" value="100000000"/>
      <parameter constant="true" id="R23_dis" name="R23_dis" value="0.0035"/>
      <parameter constant="true" id="R24_dis" name="R24_dis" value="0.0035"/>
      <parameter constant="false" id="time_minutes" metaid="COPASI29" name="time_minutes" value="0">
        <annotation>
          <COPASI xmlns="http://www.copasi.org/static/sbml">
            <rdf:RDF xmlns:dcterms="http://purl.org/dc/terms/" xmlns:rdf="http://www.w3.org/1999/02/22-rdf-syntax-ns#">
              <rdf:Description rdf:about="#COPASI29">
                <dcterms:created>
                  <rdf:Description>
                    <dcterms:W3CDTF>2018-06-29T11:54:16Z</dcterms:W3CDTF>
                  </rdf:Description>
                </dcterms:created>
              </rdf:Description>
            </rdf:RDF>
          </COPASI>
        </annotation>
            </parameter>
      <parameter constant="false" id="Curve_Va_Xa" metaid="COPASI30" name="Curve_Va:Xa">
        <annotation>
          <COPASI xmlns="http://www.copasi.org/static/sbml">
            <rdf:RDF xmlns:dcterms="http://purl.org/dc/terms/" xmlns:rdf="http://www.w3.org/1999/02/22-rdf-syntax-ns#">
              <rdf:Description rdf:about="#COPASI30">
                <dcterms:created>
                  <rdf:Description>
                    <dcterms:W3CDTF>2018-06-29T14:46:42Z</dcterms:W3CDTF>
                  </rdf:Description>
                </dcterms:created>
              </rdf:Description>
            </rdf:RDF>
          </COPASI>
        </annotation>
            </parameter>
      <parameter constant="false" id="Curve_Va" metaid="COPASI31" name="Curve_Va" value="1">
        <annotation>
          <COPASI xmlns="http://www.copasi.org/static/sbml">
            <rdf:RDF xmlns:dcterms="http://purl.org/dc/terms/" xmlns:rdf="http://www.w3.org/1999/02/22-rdf-syntax-ns#">
              <rdf:Description rdf:about="#COPASI31">
                <dcterms:created>
                  <rdf:Description>
                    <dcterms:W3CDTF>2018-07-02T09:17:52Z</dcterms:W3CDTF>
                  </rdf:Description>
                </dcterms:created>
              </rdf:Description>
            </rdf:RDF>
          </COPASI>
        </annotation>
            </parameter>
      <parameter constant="false" id="Curve_va_i_506" metaid="COPASI32" name="Curve_va_i_506" value="0">
        <annotation>
          <COPASI xmlns="http://www.copasi.org/static/sbml">
            <rdf:RDF xmlns:dcterms="http://purl.org/dc/terms/" xmlns:rdf="http://www.w3.org/1999/02/22-rdf-syntax-ns#">
              <rdf:Description rdf:about="#COPASI32">
                <dcterms:created>
                  <rdf:Description>
                    <dcterms:W3CDTF>2018-07-02T09:39:34Z</dcterms:W3CDTF>
                  </rdf:Description>
                </dcterms:created>
              </rdf:Description>
            </rdf:RDF>
          </COPASI>
        </annotation>
            </parameter>
      <parameter constant="false" id="param_for_curve_va_i_506_normalise" metaid="COPASI33" name="param_for_curve_va_i_506_normalise" value="5.9E-9">
        <annotation>
          <COPASI xmlns="http://www.copasi.org/static/sbml">
            <rdf:RDF xmlns:dcterms="http://purl.org/dc/terms/" xmlns:rdf="http://www.w3.org/1999/02/22-rdf-syntax-ns#">
              <rdf:Description rdf:about="#COPASI33">
                <dcterms:created>
                  <rdf:Description>
                    <dcterms:W3CDTF>2018-07-02T09:38:37Z</dcterms:W3CDTF>
                  </rdf:Description>
                </dcterms:created>
              </rdf:Description>
            </rdf:RDF>
          </COPASI>
        </annotation>
            </parameter>
      <parameter id="Metabolite_19" name="Initial for Va:PT" value="0">
        <annotation>
          <initialValue xmlns="http://copasi.org/initialValue" parent="Va_PT"/>
        </annotation>
            </parameter>
      <parameter id="Metabolite_2" name="Initial for Va" value="2E-8">
        <annotation>
          <initialValue xmlns="http://copasi.org/initialValue" parent="Va"/>
        </annotation>
            </parameter>
      <parameter id="Metabolite_13" name="Initial for Xa:Va" value="0">
        <annotation>
          <initialValue xmlns="http://copasi.org/initialValue" parent="Xa_Va"/>
        </annotation>
            </parameter>
    </listOfParameters>
    <listOfInitialAssignments>
      <initialAssignment symbol="Metabolite_19">
        <math xmlns="http://www.w3.org/1998/Math/MathML">        
          <ci> Va_PT </ci>
        </math>
            </initialAssignment>
      <initialAssignment symbol="Metabolite_2">
        <math xmlns="http://www.w3.org/1998/Math/MathML">        
          <ci> Va </ci>
        </math>
            </initialAssignment>
      <initialAssignment symbol="Metabolite_13">
        <math xmlns="http://www.w3.org/1998/Math/MathML">        
          <ci> Xa_Va </ci>
        </math>
            </initialAssignment>
    </listOfInitialAssignments>
    <listOfRules>
      <assignmentRule variable="time_minutes">
        <math xmlns="http://www.w3.org/1998/Math/MathML">        
          <apply>
            <divide/>
            <csymbol encoding="text" definitionURL="http://www.sbml.org/sbml/symbols/time"> time </csymbol>
            <cn> 60 </cn>
          </apply>
        </math>
            </assignmentRule>
      <assignmentRule variable="Curve_Va_Xa">
        <math xmlns="http://www.w3.org/1998/Math/MathML">        
          <apply>
            <divide/>
            <ci> Xa_Va </ci>
            <ci> Metabolite_13 </ci>
          </apply>
        </math>
            </assignmentRule>
      <assignmentRule variable="Curve_Va">
        <math xmlns="http://www.w3.org/1998/Math/MathML">        
          <apply>
            <divide/>
            <ci> Va </ci>
            <ci> Metabolite_2 </ci>
          </apply>
        </math>
            </assignmentRule>
      <assignmentRule variable="param_for_curve_va_i_506_normalise">
        <math xmlns="http://www.w3.org/1998/Math/MathML">        
          <piecewise>
            <piece>
              <cn type="e-notation">5.9 <sep/> -9 </cn>
              <apply>
                <lt/>
                <ci> Metabolite_19 </ci>
                <cn type="e-notation">3 <sep/> -7 </cn>
              </apply>
            </piece>
            <otherwise>
              <piecewise>
                <piece>
                  <cn type="e-notation">1.08 <sep/> -7 </cn>
                  <apply>
                    <lt/>
                    <ci> Metabolite_19 </ci>
                    <cn type="e-notation">6 <sep/> -7 </cn>
                  </apply>
                </piece>
                <otherwise>
                  <cn type="e-notation">2.01 <sep/> -7 </cn>
                </otherwise>
              </piecewise>
            </otherwise>
          </piecewise>
        </math>
            </assignmentRule>
      <assignmentRule variable="Curve_va_i_506">
        <math xmlns="http://www.w3.org/1998/Math/MathML">        
          <apply>
            <divide/>
            <ci> Va_i_506 </ci>
            <ci> param_for_curve_va_i_506_normalise </ci>
          </apply>
        </math>
            </assignmentRule>
    </listOfRules>
    <listOfReactions>
      <reaction id="R01" metaid="COPASI34" name="R01" reversible="true">
        <annotation>
          <COPASI xmlns="http://www.copasi.org/static/sbml">
            <rdf:RDF xmlns:dcterms="http://purl.org/dc/terms/" xmlns:rdf="http://www.w3.org/1999/02/22-rdf-syntax-ns#">
              <rdf:Description rdf:about="#COPASI34">
                <dcterms:created>
                  <rdf:Description>
                    <dcterms:W3CDTF>2018-06-07T16:49:36Z</dcterms:W3CDTF>
                  </rdf:Description>
                </dcterms:created>
              </rdf:Description>
            </rdf:RDF>
          </COPASI>
        </annotation>
              <listOfReactants>
          <speciesReference species="APC" stoichiometry="1"/>
          <speciesReference species="Va" stoichiometry="1"/>
        </listOfReactants>
        <listOfProducts>
          <speciesReference species="APC_Va" stoichiometry="1"/>
        </listOfProducts>
        <kineticLaw>
          <math xmlns="http://www.w3.org/1998/Math/MathML">          
            <apply>
              <times/>
              <ci> compartment </ci>
              <apply>
                <minus/>
                <apply>
                  <times/>
                  <ci> R01_kon </ci>
                  <ci> APC </ci>
                  <ci> Va </ci>
                </apply>
                <apply>
                  <times/>
                  <ci> R01_koff </ci>
                  <ci> APC_Va </ci>
                </apply>
              </apply>
            </apply>
          </math>
                </kineticLaw>
      </reaction>
      <reaction id="R02" metaid="COPASI35" name="R02" reversible="false">
        <annotation>
          <COPASI xmlns="http://www.copasi.org/static/sbml">
            <rdf:RDF xmlns:dcterms="http://purl.org/dc/terms/" xmlns:rdf="http://www.w3.org/1999/02/22-rdf-syntax-ns#">
              <rdf:Description rdf:about="#COPASI35">
                <dcterms:created>
                  <rdf:Description>
                    <dcterms:W3CDTF>2018-06-07T17:11:10Z</dcterms:W3CDTF>
                  </rdf:Description>
                </dcterms:created>
              </rdf:Description>
            </rdf:RDF>
          </COPASI>
        </annotation>
              <listOfReactants>
          <speciesReference species="APC_Va" stoichiometry="1"/>
        </listOfReactants>
        <listOfProducts>
          <speciesReference species="APC" stoichiometry="1"/>
          <speciesReference species="Va_i_506" stoichiometry="1"/>
        </listOfProducts>
        <kineticLaw>
          <math xmlns="http://www.w3.org/1998/Math/MathML">          
            <apply>
              <times/>
              <ci> compartment </ci>
              <ci> R02_kcat </ci>
              <ci> APC_Va </ci>
            </apply>
          </math>
                </kineticLaw>
      </reaction>
      <reaction id="R03" metaid="COPASI36" name="R03" reversible="false">
        <annotation>
          <COPASI xmlns="http://www.copasi.org/static/sbml">
            <rdf:RDF xmlns:dcterms="http://purl.org/dc/terms/" xmlns:rdf="http://www.w3.org/1999/02/22-rdf-syntax-ns#">
              <rdf:Description rdf:about="#COPASI36">
                <dcterms:created>
                  <rdf:Description>
                    <dcterms:W3CDTF>2018-06-07T17:12:22Z</dcterms:W3CDTF>
                  </rdf:Description>
                </dcterms:created>
              </rdf:Description>
            </rdf:RDF>
          </COPASI>
        </annotation>
              <listOfReactants>
          <speciesReference species="APC_Va" stoichiometry="1"/>
        </listOfReactants>
        <listOfProducts>
          <speciesReference species="APC" stoichiometry="1"/>
          <speciesReference species="Va_i_306" stoichiometry="1"/>
        </listOfProducts>
        <kineticLaw>
          <math xmlns="http://www.w3.org/1998/Math/MathML">          
            <apply>
              <times/>
              <ci> compartment </ci>
              <ci> R03_kcat </ci>
              <ci> APC_Va </ci>
            </apply>
          </math>
                </kineticLaw>
      </reaction>
      <reaction id="R04" metaid="COPASI37" name="R04" reversible="true">
        <annotation>
          <COPASI xmlns="http://www.copasi.org/static/sbml">
            <rdf:RDF xmlns:dcterms="http://purl.org/dc/terms/" xmlns:rdf="http://www.w3.org/1999/02/22-rdf-syntax-ns#">
              <rdf:Description rdf:about="#COPASI37">
                <dcterms:created>
                  <rdf:Description>
                    <dcterms:W3CDTF>2018-06-07T17:13:37Z</dcterms:W3CDTF>
                  </rdf:Description>
                </dcterms:created>
              </rdf:Description>
            </rdf:RDF>
          </COPASI>
        </annotation>
              <listOfReactants>
          <speciesReference species="APC" stoichiometry="1"/>
          <speciesReference species="Va_i_506" stoichiometry="1"/>
        </listOfReactants>
        <listOfProducts>
          <speciesReference species="APC_Va_i_506" stoichiometry="1"/>
        </listOfProducts>
        <kineticLaw>
          <math xmlns="http://www.w3.org/1998/Math/MathML">          
            <apply>
              <times/>
              <ci> compartment </ci>
              <apply>
                <minus/>
                <apply>
                  <times/>
                  <ci> R04_kon </ci>
                  <ci> APC </ci>
                  <ci> Va_i_506 </ci>
                </apply>
                <apply>
                  <times/>
                  <ci> R04_koff </ci>
                  <ci> APC_Va_i_506 </ci>
                </apply>
              </apply>
            </apply>
          </math>
                </kineticLaw>
      </reaction>
      <reaction id="R05" metaid="COPASI38" name="R05" reversible="true">
        <annotation>
          <COPASI xmlns="http://www.copasi.org/static/sbml">
            <rdf:RDF xmlns:dcterms="http://purl.org/dc/terms/" xmlns:rdf="http://www.w3.org/1999/02/22-rdf-syntax-ns#">
              <rdf:Description rdf:about="#COPASI38">
                <dcterms:created>
                  <rdf:Description>
                    <dcterms:W3CDTF>2018-06-07T17:14:38Z</dcterms:W3CDTF>
                  </rdf:Description>
                </dcterms:created>
              </rdf:Description>
            </rdf:RDF>
          </COPASI>
        </annotation>
              <listOfReactants>
          <speciesReference species="APC" stoichiometry="1"/>
          <speciesReference species="Va_i_306" stoichiometry="1"/>
        </listOfReactants>
        <listOfProducts>
          <speciesReference species="APC_Va_i_306" stoichiometry="1"/>
        </listOfProducts>
        <kineticLaw>
          <math xmlns="http://www.w3.org/1998/Math/MathML">          
            <apply>
              <times/>
              <ci> compartment </ci>
              <apply>
                <minus/>
                <apply>
                  <times/>
                  <ci> R05_kon </ci>
                  <ci> APC </ci>
                  <ci> Va_i_306 </ci>
                </apply>
                <apply>
                  <times/>
                  <ci> R05_koff </ci>
                  <ci> APC_Va_i_306 </ci>
                </apply>
              </apply>
            </apply>
          </math>
                </kineticLaw>
      </reaction>
      <reaction id="R06" metaid="COPASI39" name="R06" reversible="false">
        <annotation>
          <COPASI xmlns="http://www.copasi.org/static/sbml">
            <rdf:RDF xmlns:dcterms="http://purl.org/dc/terms/" xmlns:rdf="http://www.w3.org/1999/02/22-rdf-syntax-ns#">
              <rdf:Description rdf:about="#COPASI39">
                <dcterms:created>
                  <rdf:Description>
                    <dcterms:W3CDTF>2018-06-07T17:15:24Z</dcterms:W3CDTF>
                  </rdf:Description>
                </dcterms:created>
              </rdf:Description>
            </rdf:RDF>
          </COPASI>
        </annotation>
              <listOfReactants>
          <speciesReference species="APC_Va_i_506" stoichiometry="1"/>
        </listOfReactants>
        <listOfProducts>
          <speciesReference species="APC" stoichiometry="1"/>
          <speciesReference species="Va_i_306_506" stoichiometry="1"/>
        </listOfProducts>
        <kineticLaw>
          <math xmlns="http://www.w3.org/1998/Math/MathML">          
            <apply>
              <times/>
              <ci> compartment </ci>
              <ci> R06_kcat </ci>
              <ci> APC_Va_i_506 </ci>
            </apply>
          </math>
                </kineticLaw>
      </reaction>
      <reaction id="R07" metaid="COPASI40" name="R07" reversible="false">
        <annotation>
          <COPASI xmlns="http://www.copasi.org/static/sbml">
            <rdf:RDF xmlns:dcterms="http://purl.org/dc/terms/" xmlns:rdf="http://www.w3.org/1999/02/22-rdf-syntax-ns#">
              <rdf:Description rdf:about="#COPASI40">
                <dcterms:created>
                  <rdf:Description>
                    <dcterms:W3CDTF>2018-06-07T17:15:48Z</dcterms:W3CDTF>
                  </rdf:Description>
                </dcterms:created>
              </rdf:Description>
            </rdf:RDF>
          </COPASI>
        </annotation>
              <listOfReactants>
          <speciesReference species="APC_Va_i_306" stoichiometry="1"/>
        </listOfReactants>
        <listOfProducts>
          <speciesReference species="APC" stoichiometry="1"/>
          <speciesReference species="Va_i_306_506" stoichiometry="1"/>
        </listOfProducts>
        <kineticLaw>
          <math xmlns="http://www.w3.org/1998/Math/MathML">          
            <apply>
              <times/>
              <ci> compartment </ci>
              <ci> R07_kcat </ci>
              <ci> APC_Va_i_306 </ci>
            </apply>
          </math>
                </kineticLaw>
      </reaction>
      <reaction id="R08" metaid="COPASI41" name="R08" reversible="false">
        <annotation>
          <COPASI xmlns="http://www.copasi.org/static/sbml">
            <rdf:RDF xmlns:dcterms="http://purl.org/dc/terms/" xmlns:rdf="http://www.w3.org/1999/02/22-rdf-syntax-ns#">
              <rdf:Description rdf:about="#COPASI41">
                <dcterms:created>
                  <rdf:Description>
                    <dcterms:W3CDTF>2018-06-07T17:16:35Z</dcterms:W3CDTF>
                  </rdf:Description>
                </dcterms:created>
              </rdf:Description>
            </rdf:RDF>
          </COPASI>
        </annotation>
              <listOfReactants>
          <speciesReference species="Va_i_306" stoichiometry="1"/>
        </listOfReactants>
        <listOfProducts>
          <speciesReference species="Va_1_306_Va_LC" stoichiometry="1"/>
          <speciesReference species="Va_307_679_709" stoichiometry="1"/>
        </listOfProducts>
        <kineticLaw>
          <math xmlns="http://www.w3.org/1998/Math/MathML">          
            <apply>
              <times/>
              <ci> compartment </ci>
              <ci> R08_kdis </ci>
              <ci> Va_i_306 </ci>
            </apply>
          </math>
                </kineticLaw>
      </reaction>
      <reaction id="R09" metaid="COPASI42" name="R09" reversible="false">
        <annotation>
          <COPASI xmlns="http://www.copasi.org/static/sbml">
            <rdf:RDF xmlns:dcterms="http://purl.org/dc/terms/" xmlns:rdf="http://www.w3.org/1999/02/22-rdf-syntax-ns#">
              <rdf:Description rdf:about="#COPASI42">
                <dcterms:created>
                  <rdf:Description>
                    <dcterms:W3CDTF>2018-06-07T17:17:35Z</dcterms:W3CDTF>
                  </rdf:Description>
                </dcterms:created>
              </rdf:Description>
            </rdf:RDF>
          </COPASI>
        </annotation>
              <listOfReactants>
          <speciesReference species="Va_i_306_506" stoichiometry="1"/>
        </listOfReactants>
        <listOfProducts>
          <speciesReference species="Va_1_306_Va_LC" stoichiometry="1"/>
          <speciesReference species="Va_307_506" stoichiometry="1"/>
          <speciesReference species="Va_507_679_709" stoichiometry="1"/>
        </listOfProducts>
        <kineticLaw>
          <math xmlns="http://www.w3.org/1998/Math/MathML">          
            <apply>
              <times/>
              <ci> compartment </ci>
              <ci> R09_kdis </ci>
              <ci> Va_i_306_506 </ci>
            </apply>
          </math>
                </kineticLaw>
      </reaction>
      <reaction id="R10" metaid="COPASI43" name="R10" reversible="true">
        <annotation>
          <COPASI xmlns="http://www.copasi.org/static/sbml">
            <rdf:RDF xmlns:dcterms="http://purl.org/dc/terms/" xmlns:rdf="http://www.w3.org/1999/02/22-rdf-syntax-ns#">
              <rdf:Description rdf:about="#COPASI43">
                <dcterms:created>
                  <rdf:Description>
                    <dcterms:W3CDTF>2018-06-07T17:18:30Z</dcterms:W3CDTF>
                  </rdf:Description>
                </dcterms:created>
              </rdf:Description>
            </rdf:RDF>
          </COPASI>
        </annotation>
              <listOfReactants>
          <speciesReference species="APC" stoichiometry="1"/>
          <speciesReference species="Va_1_306_Va_LC" stoichiometry="1"/>
        </listOfReactants>
        <listOfProducts>
          <speciesReference species="APC_Va_1_306_Va_LC" stoichiometry="1"/>
        </listOfProducts>
        <kineticLaw>
          <math xmlns="http://www.w3.org/1998/Math/MathML">          
            <apply>
              <times/>
              <ci> compartment </ci>
              <apply>
                <minus/>
                <apply>
                  <times/>
                  <ci> R10_kon </ci>
                  <ci> APC </ci>
                  <ci> Va_1_306_Va_LC </ci>
                </apply>
                <apply>
                  <times/>
                  <ci> R10_koff </ci>
                  <ci> APC_Va_1_306_Va_LC </ci>
                </apply>
              </apply>
            </apply>
          </math>
                </kineticLaw>
      </reaction>
      <reaction id="R11" metaid="COPASI44" name="R11" reversible="true">
        <annotation>
          <COPASI xmlns="http://www.copasi.org/static/sbml">
            <rdf:RDF xmlns:dcterms="http://purl.org/dc/terms/" xmlns:rdf="http://www.w3.org/1999/02/22-rdf-syntax-ns#">
              <rdf:Description rdf:about="#COPASI44">
                <dcterms:created>
                  <rdf:Description>
                    <dcterms:W3CDTF>2018-06-08T11:50:06Z</dcterms:W3CDTF>
                  </rdf:Description>
                </dcterms:created>
              </rdf:Description>
            </rdf:RDF>
          </COPASI>
        </annotation>
              <listOfReactants>
          <speciesReference species="Xa" stoichiometry="1"/>
          <speciesReference species="Va" stoichiometry="1"/>
        </listOfReactants>
        <listOfProducts>
          <speciesReference species="Xa_Va" stoichiometry="1"/>
        </listOfProducts>
        <kineticLaw>
          <math xmlns="http://www.w3.org/1998/Math/MathML">          
            <apply>
              <times/>
              <ci> compartment </ci>
              <apply>
                <minus/>
                <apply>
                  <times/>
                  <ci> R11_kon </ci>
                  <ci> Xa </ci>
                  <ci> Va </ci>
                </apply>
                <apply>
                  <times/>
                  <ci> R11_koff </ci>
                  <ci> Xa_Va </ci>
                </apply>
              </apply>
            </apply>
          </math>
                </kineticLaw>
      </reaction>
      <reaction id="R12" metaid="COPASI45" name="R12" reversible="true">
        <annotation>
          <COPASI xmlns="http://www.copasi.org/static/sbml">
            <rdf:RDF xmlns:dcterms="http://purl.org/dc/terms/" xmlns:rdf="http://www.w3.org/1999/02/22-rdf-syntax-ns#">
              <rdf:Description rdf:about="#COPASI45">
                <dcterms:created>
                  <rdf:Description>
                    <dcterms:W3CDTF>2018-06-08T11:50:17Z</dcterms:W3CDTF>
                  </rdf:Description>
                </dcterms:created>
              </rdf:Description>
            </rdf:RDF>
          </COPASI>
        </annotation>
              <listOfReactants>
          <speciesReference species="Xa" stoichiometry="1"/>
          <speciesReference species="Va_i_506" stoichiometry="1"/>
        </listOfReactants>
        <listOfProducts>
          <speciesReference species="Xa_Va_i_506" stoichiometry="1"/>
        </listOfProducts>
        <kineticLaw>
          <math xmlns="http://www.w3.org/1998/Math/MathML">          
            <apply>
              <times/>
              <ci> compartment </ci>
              <apply>
                <minus/>
                <apply>
                  <times/>
                  <ci> R12_kon </ci>
                  <ci> Xa </ci>
                  <ci> Va_i_506 </ci>
                </apply>
                <apply>
                  <times/>
                  <ci> R12_koff </ci>
                  <ci> Xa_Va_i_506 </ci>
                </apply>
              </apply>
            </apply>
          </math>
                </kineticLaw>
      </reaction>
      <reaction id="R13" metaid="COPASI46" name="R13" reversible="true">
        <annotation>
          <COPASI xmlns="http://www.copasi.org/static/sbml">
            <rdf:RDF xmlns:dcterms="http://purl.org/dc/terms/" xmlns:rdf="http://www.w3.org/1999/02/22-rdf-syntax-ns#">
              <rdf:Description rdf:about="#COPASI46">
                <dcterms:created>
                  <rdf:Description>
                    <dcterms:W3CDTF>2018-06-08T11:50:24Z</dcterms:W3CDTF>
                  </rdf:Description>
                </dcterms:created>
              </rdf:Description>
            </rdf:RDF>
          </COPASI>
        </annotation>
              <listOfReactants>
          <speciesReference species="Xa" stoichiometry="1"/>
          <speciesReference species="Va_i_306" stoichiometry="1"/>
        </listOfReactants>
        <listOfProducts>
          <speciesReference species="Xa_Va_i_306" stoichiometry="1"/>
        </listOfProducts>
        <kineticLaw>
          <math xmlns="http://www.w3.org/1998/Math/MathML">          
            <apply>
              <times/>
              <ci> compartment </ci>
              <apply>
                <minus/>
                <apply>
                  <times/>
                  <ci> R13_kon </ci>
                  <ci> Xa </ci>
                  <ci> Va_i_306 </ci>
                </apply>
                <apply>
                  <times/>
                  <ci> R13_koff </ci>
                  <ci> Xa_Va_i_306 </ci>
                </apply>
              </apply>
            </apply>
          </math>
                </kineticLaw>
      </reaction>
      <reaction id="R14" metaid="COPASI47" name="R14" reversible="true">
        <annotation>
          <COPASI xmlns="http://www.copasi.org/static/sbml">
            <rdf:RDF xmlns:dcterms="http://purl.org/dc/terms/" xmlns:rdf="http://www.w3.org/1999/02/22-rdf-syntax-ns#">
              <rdf:Description rdf:about="#COPASI47">
                <dcterms:created>
                  <rdf:Description>
                    <dcterms:W3CDTF>2018-06-08T11:50:32Z</dcterms:W3CDTF>
                  </rdf:Description>
                </dcterms:created>
              </rdf:Description>
            </rdf:RDF>
          </COPASI>
        </annotation>
              <listOfReactants>
          <speciesReference species="Xa" stoichiometry="1"/>
          <speciesReference species="Va_i_306_506" stoichiometry="1"/>
        </listOfReactants>
        <listOfProducts>
          <speciesReference species="Xa_Va_i_306_506" stoichiometry="1"/>
        </listOfProducts>
        <kineticLaw>
          <math xmlns="http://www.w3.org/1998/Math/MathML">          
            <apply>
              <times/>
              <ci> compartment </ci>
              <apply>
                <minus/>
                <apply>
                  <times/>
                  <ci> R14_kon </ci>
                  <ci> Xa </ci>
                  <ci> Va_i_306_506 </ci>
                </apply>
                <apply>
                  <times/>
                  <ci> R14_koff </ci>
                  <ci> Xa_Va_i_306_506 </ci>
                </apply>
              </apply>
            </apply>
          </math>
                </kineticLaw>
      </reaction>
      <reaction id="R15" metaid="COPASI48" name="R15" reversible="false">
        <annotation>
          <COPASI xmlns="http://www.copasi.org/static/sbml">
            <rdf:RDF xmlns:dcterms="http://purl.org/dc/terms/" xmlns:rdf="http://www.w3.org/1999/02/22-rdf-syntax-ns#">
              <rdf:Description rdf:about="#COPASI48">
                <dcterms:created>
                  <rdf:Description>
                    <dcterms:W3CDTF>2018-06-08T11:50:38Z</dcterms:W3CDTF>
                  </rdf:Description>
                </dcterms:created>
              </rdf:Description>
            </rdf:RDF>
          </COPASI>
        </annotation>
              <listOfReactants>
          <speciesReference species="Xa_Va_i_306" stoichiometry="1"/>
        </listOfReactants>
        <listOfProducts>
          <speciesReference species="Xa" stoichiometry="1"/>
          <speciesReference species="Va_1_306_Va_LC" stoichiometry="1"/>
          <speciesReference species="Va_307_679_709" stoichiometry="1"/>
        </listOfProducts>
        <kineticLaw>
          <math xmlns="http://www.w3.org/1998/Math/MathML">          
            <apply>
              <times/>
              <ci> compartment </ci>
              <ci> R15_kdis </ci>
              <ci> Xa_Va_i_306 </ci>
            </apply>
          </math>
                </kineticLaw>
      </reaction>
      <reaction id="R16" metaid="COPASI49" name="R16" reversible="false">
        <annotation>
          <COPASI xmlns="http://www.copasi.org/static/sbml">
            <rdf:RDF xmlns:dcterms="http://purl.org/dc/terms/" xmlns:rdf="http://www.w3.org/1999/02/22-rdf-syntax-ns#">
              <rdf:Description rdf:about="#COPASI49">
                <dcterms:created>
                  <rdf:Description>
                    <dcterms:W3CDTF>2018-06-08T11:50:42Z</dcterms:W3CDTF>
                  </rdf:Description>
                </dcterms:created>
              </rdf:Description>
            </rdf:RDF>
          </COPASI>
        </annotation>
              <listOfReactants>
          <speciesReference species="Xa_Va_i_306_506" stoichiometry="1"/>
        </listOfReactants>
        <listOfProducts>
          <speciesReference species="Xa" stoichiometry="1"/>
          <speciesReference species="Va_1_306_Va_LC" stoichiometry="1"/>
          <speciesReference species="Va_307_506" stoichiometry="1"/>
          <speciesReference species="Va_507_679_709" stoichiometry="1"/>
        </listOfProducts>
        <kineticLaw>
          <math xmlns="http://www.w3.org/1998/Math/MathML">          
            <apply>
              <times/>
              <ci> compartment </ci>
              <ci> R16_kdis </ci>
              <ci> Xa_Va_i_306_506 </ci>
            </apply>
          </math>
                </kineticLaw>
      </reaction>
      <reaction id="R17" metaid="COPASI50" name="R17" reversible="true">
        <annotation>
          <COPASI xmlns="http://www.copasi.org/static/sbml">
            <rdf:RDF xmlns:dcterms="http://purl.org/dc/terms/" xmlns:rdf="http://www.w3.org/1999/02/22-rdf-syntax-ns#">
              <rdf:Description rdf:about="#COPASI50">
                <dcterms:created>
                  <rdf:Description>
                    <dcterms:W3CDTF>2018-06-08T11:50:47Z</dcterms:W3CDTF>
                  </rdf:Description>
                </dcterms:created>
              </rdf:Description>
            </rdf:RDF>
          </COPASI>
        </annotation>
              <listOfReactants>
          <speciesReference species="Va" stoichiometry="1"/>
          <speciesReference species="PT" stoichiometry="1"/>
        </listOfReactants>
        <listOfProducts>
          <speciesReference species="Va_PT" stoichiometry="1"/>
        </listOfProducts>
        <kineticLaw>
          <math xmlns="http://www.w3.org/1998/Math/MathML">          
            <apply>
              <times/>
              <ci> compartment </ci>
              <apply>
                <minus/>
                <apply>
                  <times/>
                  <ci> R17_kon </ci>
                  <ci> Va </ci>
                  <ci> PT </ci>
                </apply>
                <apply>
                  <times/>
                  <ci> R17_koff </ci>
                  <ci> Va_PT </ci>
                </apply>
              </apply>
            </apply>
          </math>
                </kineticLaw>
      </reaction>
      <reaction id="R19" metaid="COPASI51" name="R19" reversible="true">
        <annotation>
          <COPASI xmlns="http://www.copasi.org/static/sbml">
            <rdf:RDF xmlns:dcterms="http://purl.org/dc/terms/" xmlns:rdf="http://www.w3.org/1999/02/22-rdf-syntax-ns#">
              <rdf:Description rdf:about="#COPASI51">
                <dcterms:created>
                  <rdf:Description>
                    <dcterms:W3CDTF>2018-06-08T14:00:09Z</dcterms:W3CDTF>
                  </rdf:Description>
                </dcterms:created>
              </rdf:Description>
            </rdf:RDF>
          </COPASI>
        </annotation>
              <listOfReactants>
          <speciesReference species="Xa_Va" stoichiometry="1"/>
          <speciesReference species="PT" stoichiometry="1"/>
        </listOfReactants>
        <listOfProducts>
          <speciesReference species="Xa_Va_PT" stoichiometry="1"/>
        </listOfProducts>
        <kineticLaw>
          <math xmlns="http://www.w3.org/1998/Math/MathML">          
            <apply>
              <times/>
              <ci> compartment </ci>
              <apply>
                <minus/>
                <apply>
                  <times/>
                  <ci> R19_kon </ci>
                  <ci> Xa_Va </ci>
                  <ci> PT </ci>
                </apply>
                <apply>
                  <times/>
                  <ci> R19_koff </ci>
                  <ci> Xa_Va_PT </ci>
                </apply>
              </apply>
            </apply>
          </math>
                </kineticLaw>
      </reaction>
      <reaction id="R20" metaid="COPASI52" name="R20" reversible="true">
        <annotation>
          <COPASI xmlns="http://www.copasi.org/static/sbml">
            <rdf:RDF xmlns:dcterms="http://purl.org/dc/terms/" xmlns:rdf="http://www.w3.org/1999/02/22-rdf-syntax-ns#">
              <rdf:Description rdf:about="#COPASI52">
                <dcterms:created>
                  <rdf:Description>
                    <dcterms:W3CDTF>2018-06-08T14:00:10Z</dcterms:W3CDTF>
                  </rdf:Description>
                </dcterms:created>
              </rdf:Description>
            </rdf:RDF>
          </COPASI>
        </annotation>
              <listOfReactants>
          <speciesReference species="Xa_Va_i_506" stoichiometry="1"/>
          <speciesReference species="PT" stoichiometry="1"/>
        </listOfReactants>
        <listOfProducts>
          <speciesReference species="Xa_Va_i_506_PT" stoichiometry="1"/>
        </listOfProducts>
        <kineticLaw>
          <math xmlns="http://www.w3.org/1998/Math/MathML">          
            <apply>
              <times/>
              <ci> compartment </ci>
              <apply>
                <minus/>
                <apply>
                  <times/>
                  <ci> R20_kon </ci>
                  <ci> Xa_Va_i_506 </ci>
                  <ci> PT </ci>
                </apply>
                <apply>
                  <times/>
                  <ci> R20_koff </ci>
                  <ci> Xa_Va_i_506_PT </ci>
                </apply>
              </apply>
            </apply>
          </math>
                </kineticLaw>
      </reaction>
      <reaction id="R21" metaid="COPASI53" name="R21" reversible="true">
        <annotation>
          <COPASI xmlns="http://www.copasi.org/static/sbml">
            <rdf:RDF xmlns:dcterms="http://purl.org/dc/terms/" xmlns:rdf="http://www.w3.org/1999/02/22-rdf-syntax-ns#">
              <rdf:Description rdf:about="#COPASI53">
                <dcterms:created>
                  <rdf:Description>
                    <dcterms:W3CDTF>2018-06-08T14:03:28Z</dcterms:W3CDTF>
                  </rdf:Description>
                </dcterms:created>
              </rdf:Description>
            </rdf:RDF>
          </COPASI>
        </annotation>
              <listOfReactants>
          <speciesReference species="Xa_Va_i_306" stoichiometry="1"/>
          <speciesReference species="PT" stoichiometry="1"/>
        </listOfReactants>
        <listOfProducts>
          <speciesReference species="Xa_Va_i_306_PT" stoichiometry="1"/>
        </listOfProducts>
        <kineticLaw>
          <math xmlns="http://www.w3.org/1998/Math/MathML">          
            <apply>
              <times/>
              <ci> compartment </ci>
              <apply>
                <minus/>
                <apply>
                  <times/>
                  <ci> R21_kon </ci>
                  <ci> Xa_Va_i_306 </ci>
                  <ci> PT </ci>
                </apply>
                <apply>
                  <times/>
                  <ci> R21_koff </ci>
                  <ci> Xa_Va_i_306_PT </ci>
                </apply>
              </apply>
            </apply>
          </math>
                </kineticLaw>
      </reaction>
      <reaction id="R22" metaid="COPASI54" name="R22" reversible="true">
        <annotation>
          <COPASI xmlns="http://www.copasi.org/static/sbml">
            <rdf:RDF xmlns:dcterms="http://purl.org/dc/terms/" xmlns:rdf="http://www.w3.org/1999/02/22-rdf-syntax-ns#">
              <rdf:Description rdf:about="#COPASI54">
                <dcterms:created>
                  <rdf:Description>
                    <dcterms:W3CDTF>2018-06-08T14:05:18Z</dcterms:W3CDTF>
                  </rdf:Description>
                </dcterms:created>
              </rdf:Description>
            </rdf:RDF>
          </COPASI>
        </annotation>
              <listOfReactants>
          <speciesReference species="Xa_Va_i_306_506" stoichiometry="1"/>
          <speciesReference species="PT" stoichiometry="1"/>
        </listOfReactants>
        <listOfProducts>
          <speciesReference species="Xa_Va_i_306_506_PT" stoichiometry="1"/>
        </listOfProducts>
        <kineticLaw>
          <math xmlns="http://www.w3.org/1998/Math/MathML">          
            <apply>
              <times/>
              <ci> compartment </ci>
              <apply>
                <minus/>
                <apply>
                  <times/>
                  <ci> R22_kon </ci>
                  <ci> Xa_Va_i_306_506 </ci>
                  <ci> PT </ci>
                </apply>
                <apply>
                  <times/>
                  <ci> R22_kon </ci>
                  <ci> Xa_Va_i_306_506_PT </ci>
                </apply>
              </apply>
            </apply>
          </math>
                </kineticLaw>
      </reaction>
      <reaction id="R23" metaid="COPASI55" name="R23" reversible="false">
        <annotation>
          <COPASI xmlns="http://www.copasi.org/static/sbml">
            <rdf:RDF xmlns:dcterms="http://purl.org/dc/terms/" xmlns:rdf="http://www.w3.org/1999/02/22-rdf-syntax-ns#">
              <rdf:Description rdf:about="#COPASI55">
                <dcterms:created>
                  <rdf:Description>
                    <dcterms:W3CDTF>2018-06-08T14:06:07Z</dcterms:W3CDTF>
                  </rdf:Description>
                </dcterms:created>
              </rdf:Description>
            </rdf:RDF>
          </COPASI>
        </annotation>
              <listOfReactants>
          <speciesReference species="Xa_Va_i_306_PT" stoichiometry="1"/>
        </listOfReactants>
        <listOfProducts>
          <speciesReference species="Xa" stoichiometry="1"/>
          <speciesReference species="Va_1_306_Va_LC" stoichiometry="1"/>
          <speciesReference species="Va_307_679_709" stoichiometry="1"/>
          <speciesReference species="PT" stoichiometry="1"/>
        </listOfProducts>
        <kineticLaw>
          <math xmlns="http://www.w3.org/1998/Math/MathML">          
            <apply>
              <times/>
              <ci> compartment </ci>
              <ci> R23_dis </ci>
              <ci> Xa_Va_i_306_PT </ci>
            </apply>
          </math>
                </kineticLaw>
      </reaction>
      <reaction id="R24" metaid="COPASI56" name="R24" reversible="false">
        <annotation>
          <COPASI xmlns="http://www.copasi.org/static/sbml">
            <rdf:RDF xmlns:dcterms="http://purl.org/dc/terms/" xmlns:rdf="http://www.w3.org/1999/02/22-rdf-syntax-ns#">
              <rdf:Description rdf:about="#COPASI56">
                <dcterms:created>
                  <rdf:Description>
                    <dcterms:W3CDTF>2018-06-08T14:19:13Z</dcterms:W3CDTF>
                  </rdf:Description>
                </dcterms:created>
              </rdf:Description>
            </rdf:RDF>
          </COPASI>
        </annotation>
              <listOfReactants>
          <speciesReference species="Xa_Va_i_306_506_PT" stoichiometry="1"/>
        </listOfReactants>
        <listOfProducts>
          <speciesReference species="Xa" stoichiometry="1"/>
          <speciesReference species="PT" stoichiometry="1"/>
          <speciesReference species="Va_1_306_Va_LC" stoichiometry="1"/>
          <speciesReference species="Va_307_506" stoichiometry="1"/>
          <speciesReference species="Va_507_679_709" stoichiometry="1"/>
        </listOfProducts>
        <kineticLaw>
          <math xmlns="http://www.w3.org/1998/Math/MathML">          
            <apply>
              <times/>
              <ci> compartment </ci>
              <ci> R24_dis </ci>
              <ci> Xa_Va_i_306_506_PT </ci>
            </apply>
          </math>
                </kineticLaw>
      </reaction>
    </listOfReactions>
  </model>
</sbml>