<?xml version='1.0' encoding='UTF-8' standalone='no'?>
<sbml xmlns="http://www.sbml.org/sbml/level2/version4" level="2" metaid="_3a30a5d3-9b7c-490f-9e2f-db635a34d4c3" version="4">
  <model id="Cloutier2012" metaid="COPASI0" name="Cloutier2012 - Feedback motif for Parkinson's disease">
    <notes>
      <body xmlns="http://www.w3.org/1999/xhtml">
        <div class="dc:title">Cloutier2012 - Feedback motif for Parkinson's
disease</div>
<div class="dc:bibliographicCitation">
  <p>This model is described in the article:</p>
  <div class="bibo:title">
    <a href="http://identifiers.org/pubmed/22757587" title="Access to this publication">Feedback motif for the
    pathogenesis of Parkinson's disease.</a>
  </div>
  <div class="bibo:authorList">Cloutier M, Middleton R, Wellstead
  P.</div>
  <div class="bibo:Journal">IET Syst Biol 2012 Jun; 6(3):
  86-93</div>
  <p>Abstract:</p>
  <div class="bibo:abstract">
    <p>Previous article on the integrative modelling of Parkinson's
    disease (PD) described a mathematical model with properties
    suggesting that PD pathogenesis is associated with a
    feedback-induced biochemical bistability. In this article, the
    authors show that the dynamics of the mathematical model can be
    extracted and distilled into an equivalent two-state feedback
    motif whose stability properties are controlled by
    multi-factorial combinations of risk factors and genetic
    mutations associated with PD. Based on this finding, the
    authors propose a principle for PD pathogenesis in the form of
    the switch-like transition of a bistable feedback process from
    'healthy' homeostatic levels of reactive oxygen species and the
    protein ?-synuclein, to an alternative 'disease' state in which
    concentrations of both molecules are stable at the damagingly
    high-levels associated with PD. The bistability is analysed
    using the rate curves and steady-state response characteristics
    of the feedback motif. In particular, the authors show how a
    bifurcation in the feedback motif marks the pathogenic moment
    at which the 'healthy' state is lost and the 'disease' state is
    initiated. Further analysis shows how known risks (such as:
    age, toxins and genetic predisposition) modify the stability
    characteristics of the feedback motif in a way that is
    compatible with known features of PD, and which explain
    properties such as: multi-factorial causality, variability in
    susceptibility and severity, multi-timescale progression and
    the special cases of familial Parkinson's and Parkinsonian
    symptoms induced purely by toxic stress.</p>
  </div>
</div>
<div class="bm:curation">Stress of 2.6 obtained by optimization
(parameter S1) was imposed between days 10 and 150 in order to
reproduce the Figure.</div>
<div class="dc:publisher">
  <p>This model is hosted on 
  <a href="http://www.ebi.ac.uk/biomodels/">BioModels Database</a>
  and identified by: 
  <a href="http://identifiers.org/biomodels.db/BIOMD0000000558">BIOMD0000000558</a>.</p>
  <p>To cite BioModels Database, please use: 
  <a href="http://identifiers.org/pubmed/20587024" title="Latest BioModels Database publication">BioModels Database:
  An enhanced, curated and annotated resource for published
  quantitative kinetic models</a>.</p>
</div>
<div class="dc:license">
  <p>To the extent possible under law, all copyright and related or
  neighbouring rights to this encoded model have been dedicated to
  the public domain worldwide. Please refer to 
  <a href="http://creativecommons.org/publicdomain/zero/1.0/" title="Access to: CC0 1.0 Universal (CC0 1.0), Public Domain Dedication">CC0
  Public Domain Dedication</a> for more information.</p>
</div>
</body>
    </notes>
    <annotation>
	<rdf:RDF xmlns:rdf="http://www.w3.org/1999/02/22-rdf-syntax-ns#" xmlns:dc="http://purl.org/dc/elements/1.1/" xmlns:vCard="http://www.w3.org/2001/vcard-rdf/3.0#" xmlns:dcterms="http://purl.org/dc/terms/" xmlns:bqmodel="http://biomodels.net/model-qualifiers/" xmlns:bqbiol="http://biomodels.net/biology-qualifiers/">
        <rdf:Description rdf:about="#COPASI0">
	<dc:creator>
	<rdf:Bag>
	<rdf:li rdf:parseType="Resource">
	<vCard:N rdf:parseType="Resource">
	<vCard:Family>Lloret i Villas</vCard:Family>
	<vCard:Given>Audald</vCard:Given>
	</vCard:N>
	<vCard:EMAIL>lloret@ebi.ac.uk</vCard:EMAIL>
	<vCard:ORG rdf:parseType="Resource">
	<vCard:Orgname>EMBL-EBI</vCard:Orgname>
	</vCard:ORG>
	</rdf:li>
	</rdf:Bag>
	</dc:creator>
	<dcterms:created rdf:parseType="Resource">
	<dcterms:W3CDTF>2014-11-26T11:29:00Z</dcterms:W3CDTF>
	</dcterms:created>
	<dcterms:modified rdf:parseType="Resource">
	<dcterms:W3CDTF>2015-04-17T10:08:05Z</dcterms:W3CDTF>
	</dcterms:modified>
	<bqmodel:is>
	<rdf:Bag>
	<rdf:li rdf:resource="http://identifiers.org/biomodels.db/MODEL1410300000"/>
	</rdf:Bag>
	</bqmodel:is>
	<bqmodel:is>
	<rdf:Bag>
	<rdf:li rdf:resource="http://identifiers.org/biomodels.db/BIOMD0000000558"/>
	</rdf:Bag>
	</bqmodel:is>
	<bqmodel:isDescribedBy>
	<rdf:Bag>
	<rdf:li rdf:resource="http://identifiers.org/pubmed/22757587"/>
	</rdf:Bag>
	</bqmodel:isDescribedBy>
	<bqmodel:isDerivedFrom>
	<rdf:Bag>
	<rdf:li rdf:resource="http://identifiers.org/pubmed/22757585"/>
	</rdf:Bag>
	</bqmodel:isDerivedFrom>
	<bqbiol:hasTaxon>
	<rdf:Bag>
	<rdf:li rdf:resource="http://identifiers.org/taxonomy/9606"/>
	</rdf:Bag>
	</bqbiol:hasTaxon>
	<bqbiol:isVersionOf>
	<rdf:Bag>
	<rdf:li rdf:resource="http://identifiers.org/go/GO:0000302"/>
	<rdf:li rdf:resource="http://identifiers.org/go/GO:0070841"/>
	</rdf:Bag>
	</bqbiol:isVersionOf>
	<bqbiol:hasVersion>
	<rdf:Bag>
	<rdf:li rdf:resource="http://identifiers.org/doid/DOID:14330"/>
	</rdf:Bag>
	</bqbiol:hasVersion>
	</rdf:Description>
	
	</rdf:RDF>
	</annotation>
      <listOfFunctionDefinitions>
      <functionDefinition id="V2_4" metaid="COPASI16" name="V2-4">
        <annotation>
          <COPASI xmlns="http://www.copasi.org/static/sbml">
            <rdf:RDF xmlns:dcterms="http://purl.org/dc/terms/" xmlns:rdf="http://www.w3.org/1999/02/22-rdf-syntax-ns#">
              <rdf:Description rdf:about="#COPASI16">
                <dcterms:created>
                  <rdf:Description>
                    <dcterms:W3CDTF>2014-09-16T14:22:08Z</dcterms:W3CDTF>
                  </rdf:Description>
                </dcterms:created>
              </rdf:Description>
            </rdf:RDF>
          </COPASI>
        </annotation>
        <math xmlns="http://www.w3.org/1998/Math/MathML">        
          <lambda>
            <bvar>
              <ci> k </ci>
            </bvar>
            <bvar>
              <ci> S </ci>
            </bvar>
            <bvar>
              <ci> Sx </ci>
            </bvar>
            <apply>
              <times/>
              <ci> k </ci>
              <ci> S </ci>
              <ci> Sx </ci>
            </apply>
          </lambda>
        </math>
            </functionDefinition>
      <functionDefinition id="V3" metaid="COPASI17" name="V3">
        <annotation>
          <COPASI xmlns="http://www.copasi.org/static/sbml">
            <rdf:RDF xmlns:dcterms="http://purl.org/dc/terms/" xmlns:rdf="http://www.w3.org/1999/02/22-rdf-syntax-ns#">
              <rdf:Description rdf:about="#COPASI17">
                <dcterms:created>
                  <rdf:Description>
                    <dcterms:W3CDTF>2014-09-16T14:23:54Z</dcterms:W3CDTF>
                  </rdf:Description>
                </dcterms:created>
              </rdf:Description>
            </rdf:RDF>
          </COPASI>
        </annotation>
        <math xmlns="http://www.w3.org/1998/Math/MathML">        
          <lambda>
            <bvar>
              <ci> k </ci>
            </bvar>
            <bvar>
              <ci> S </ci>
            </bvar>
            <bvar>
              <ci> Sx </ci>
            </bvar>
            <apply>
              <times/>
              <ci> k </ci>
              <ci> S </ci>
              <ci> Sx </ci>
            </apply>
          </lambda>
        </math>
            </functionDefinition>
      <functionDefinition id="V1" metaid="COPASI18" name="V1">
        <annotation>
          <COPASI xmlns="http://www.copasi.org/static/sbml">
            <rdf:RDF xmlns:dcterms="http://purl.org/dc/terms/" xmlns:rdf="http://www.w3.org/1999/02/22-rdf-syntax-ns#">
              <rdf:Description rdf:about="#COPASI18">
                <dcterms:created>
                  <rdf:Description>
                    <dcterms:W3CDTF>2014-09-16T14:25:06Z</dcterms:W3CDTF>
                  </rdf:Description>
                </dcterms:created>
              </rdf:Description>
            </rdf:RDF>
          </COPASI>
        </annotation>
        <math xmlns="http://www.w3.org/1998/Math/MathML">        
          <lambda>
            <bvar>
              <ci> k1 </ci>
            </bvar>
            <bvar>
              <ci> Sx </ci>
            </bvar>
            <bvar>
              <ci> d </ci>
            </bvar>
            <bvar>
              <ci> S </ci>
            </bvar>
            <bvar>
              <ci> k2 </ci>
            </bvar>
            <apply>
              <times/>
              <ci> k1 </ci>
              <apply>
                <plus/>
                <cn> 1 </cn>
                <ci> Sx </ci>
                <apply>
                  <times/>
                  <ci> d </ci>
                  <apply>
                    <divide/>
                    <apply>
                      <power/>
                      <apply>
                        <divide/>
                        <ci> S </ci>
                        <ci> k2 </ci>
                      </apply>
                      <cn> 4 </cn>
                    </apply>
                    <apply>
                      <plus/>
                      <cn> 1 </cn>
                      <apply>
                        <power/>
                        <apply>
                          <divide/>
                          <ci> S </ci>
                          <ci> k2 </ci>
                        </apply>
                        <cn> 4 </cn>
                      </apply>
                    </apply>
                  </apply>
                </apply>
              </apply>
            </apply>
          </lambda>
        </math>
            </functionDefinition>
    </listOfFunctionDefinitions>
    <listOfUnitDefinitions>
      <unitDefinition id="volume" metaid="_6971383a-0445-472c-a38c-77807f5be756" name="volume">
        <listOfUnits>
          <unit exponent="1" kind="litre" metaid="_2614b807-f1a4-4ccb-a92a-0f7b33461626" multiplier="1" scale="-3"/>
        </listOfUnits>
      </unitDefinition>
      <unitDefinition id="time" metaid="_6588cd1a-3371-4b3f-8b97-196f44cd3af1" name="time">
        <listOfUnits>
          <unit exponent="1" kind="second" metaid="c1529832-15a3-42e8-bf55-8c79079d7055" multiplier="86400" scale="0"/>
        </listOfUnits>
      </unitDefinition>
      <unitDefinition id="substance" metaid="fa9b7248-596a-4e37-9da2-460aa111e405" name="substance">
        <listOfUnits>
          <unit exponent="1" kind="mole" metaid="dd513d05-094e-4c35-8f03-b83058a16396" multiplier="1" scale="-6"/>
        </listOfUnits>
      </unitDefinition>
    </listOfUnitDefinitions>
    <listOfCompartments>
      <compartment constant="true" id="Neuron" metaid="COPASI1" name="Neuron" size="1" spatialDimensions="3">
        <notes>
          <body xmlns="http://www.w3.org/1999/xhtml">
            <pre>Type cell: Neuron</pre>
          </body>
        </notes>
        <annotation>
          <COPASI xmlns="http://www.copasi.org/static/sbml">
            <rdf:RDF xmlns:dcterms="http://purl.org/dc/terms/" xmlns:rdf="http://www.w3.org/1999/02/22-rdf-syntax-ns#">
              <rdf:Description rdf:about="#COPASI1">
                <dcterms:created>
                  <rdf:Description>
                    <dcterms:W3CDTF>2014-10-07T15:59:20Z</dcterms:W3CDTF>
                  </rdf:Description>
                </dcterms:created>
              </rdf:Description>
            </rdf:RDF>
          </COPASI>
	<rdf:RDF xmlns:rdf="http://www.w3.org/1999/02/22-rdf-syntax-ns#" xmlns:bqmodel="http://biomodels.net/model-qualifiers/" xmlns:bqbiol="http://biomodels.net/biology-qualifiers/">
            <rdf:Description rdf:about="#COPASI1">
	<bqbiol:is>
	<rdf:Bag>
	<rdf:li rdf:resource="http://identifiers.org/bto/BTO:0000938"/>
	</rdf:Bag>
	</bqbiol:is>
	</rdf:Description>
	
	</rdf:RDF>
	</annotation>
            </compartment>
    </listOfCompartments>
    <listOfSpecies>
      <species boundaryCondition="false" compartment="Neuron" constant="false" hasOnlySubstanceUnits="false" id="ROS" initialConcentration="1" metaid="COPASI2" name="ROS">
        <notes>
          <body xmlns="http://www.w3.org/1999/xhtml">
            <pre>Reactive oxygen species</pre>
          </body>
        </notes>
        <annotation>
          <COPASI xmlns="http://www.copasi.org/static/sbml">
            <rdf:RDF xmlns:dcterms="http://purl.org/dc/terms/" xmlns:rdf="http://www.w3.org/1999/02/22-rdf-syntax-ns#">
              <rdf:Description rdf:about="#COPASI2">
                <dcterms:created>
                  <rdf:Description>
                    <dcterms:W3CDTF>2014-09-16T14:19:50Z</dcterms:W3CDTF>
                  </rdf:Description>
                </dcterms:created>
              </rdf:Description>
            </rdf:RDF>
          </COPASI>
	<rdf:RDF xmlns:rdf="http://www.w3.org/1999/02/22-rdf-syntax-ns#" xmlns:bqmodel="http://biomodels.net/model-qualifiers/" xmlns:bqbiol="http://biomodels.net/biology-qualifiers/">
            <rdf:Description rdf:about="#COPASI2">
	<bqbiol:is>
	<rdf:Bag>
	<rdf:li rdf:resource="http://identifiers.org/chebi/CHEBI:26523"/>
	</rdf:Bag>
	</bqbiol:is>
	</rdf:Description>
	
	</rdf:RDF>
	</annotation>
            </species>
      <species boundaryCondition="false" compartment="Neuron" constant="false" hasOnlySubstanceUnits="false" id="alpha_syn" initialConcentration="1" metaid="COPASI3" name="alpha-syn">
        <notes>
          <body xmlns="http://www.w3.org/1999/xhtml">
            <pre>Misfolded alpha-synuclein</pre>
          </body>
        </notes>
        <annotation>
          <COPASI xmlns="http://www.copasi.org/static/sbml">
            <rdf:RDF xmlns:dcterms="http://purl.org/dc/terms/" xmlns:rdf="http://www.w3.org/1999/02/22-rdf-syntax-ns#">
              <rdf:Description rdf:about="#COPASI3">
                <dcterms:created>
                  <rdf:Description>
                    <dcterms:W3CDTF>2014-09-16T14:20:14Z</dcterms:W3CDTF>
                  </rdf:Description>
                </dcterms:created>
              </rdf:Description>
            </rdf:RDF>
          </COPASI>
	<rdf:RDF xmlns:rdf="http://www.w3.org/1999/02/22-rdf-syntax-ns#" xmlns:bqmodel="http://biomodels.net/model-qualifiers/" xmlns:bqbiol="http://biomodels.net/biology-qualifiers/">
            <rdf:Description rdf:about="#COPASI3">
	<bqbiol:isVersionOf>
	<rdf:Bag>
	<rdf:li rdf:resource="http://identifiers.org/uniprot/P37840"/>
	</rdf:Bag>
	</bqbiol:isVersionOf>
	</rdf:Description>
	
	</rdf:RDF>
	</annotation>
            </species>
    </listOfSpecies>
    <listOfParameters>
      <parameter constant="true" id="k1" metaid="COPASI4" name="k1" value="17280">
        <annotation>
          <COPASI xmlns="http://www.copasi.org/static/sbml">
            <rdf:RDF xmlns:dcterms="http://purl.org/dc/terms/" xmlns:rdf="http://www.w3.org/1999/02/22-rdf-syntax-ns#">
              <rdf:Description rdf:about="#COPASI4">
                <dcterms:created>
                  <rdf:Description>
                    <dcterms:W3CDTF>2014-09-16T14:44:40Z</dcterms:W3CDTF>
                  </rdf:Description>
                </dcterms:created>
              </rdf:Description>
            </rdf:RDF>
          </COPASI>
        </annotation>
            </parameter>
      <parameter constant="true" id="k2" metaid="COPASI5" name="k2" value="17280">
        <annotation>
          <COPASI xmlns="http://www.copasi.org/static/sbml">
            <rdf:RDF xmlns:dcterms="http://purl.org/dc/terms/" xmlns:rdf="http://www.w3.org/1999/02/22-rdf-syntax-ns#">
              <rdf:Description rdf:about="#COPASI5">
                <dcterms:created>
                  <rdf:Description>
                    <dcterms:W3CDTF>2014-09-16T14:44:40Z</dcterms:W3CDTF>
                  </rdf:Description>
                </dcterms:created>
              </rdf:Description>
            </rdf:RDF>
          </COPASI>
        </annotation>
            </parameter>
      <parameter constant="true" id="k3" metaid="COPASI6" name="k3" value="0.168">
        <annotation>
          <COPASI xmlns="http://www.copasi.org/static/sbml">
            <rdf:RDF xmlns:dcterms="http://purl.org/dc/terms/" xmlns:rdf="http://www.w3.org/1999/02/22-rdf-syntax-ns#">
              <rdf:Description rdf:about="#COPASI6">
                <dcterms:created>
                  <rdf:Description>
                    <dcterms:W3CDTF>2014-09-16T14:44:44Z</dcterms:W3CDTF>
                  </rdf:Description>
                </dcterms:created>
              </rdf:Description>
            </rdf:RDF>
          </COPASI>
        </annotation>
            </parameter>
      <parameter constant="true" id="k4" metaid="COPASI7" name="k4" value="0.168">
        <annotation>
          <COPASI xmlns="http://www.copasi.org/static/sbml">
            <rdf:RDF xmlns:dcterms="http://purl.org/dc/terms/" xmlns:rdf="http://www.w3.org/1999/02/22-rdf-syntax-ns#">
              <rdf:Description rdf:about="#COPASI7">
                <dcterms:created>
                  <rdf:Description>
                    <dcterms:W3CDTF>2014-09-16T14:44:47Z</dcterms:W3CDTF>
                  </rdf:Description>
                </dcterms:created>
              </rdf:Description>
            </rdf:RDF>
          </COPASI>
        </annotation>
            </parameter>
      <parameter constant="true" id="dalphasyn" metaid="COPASI8" name="dalphasyn" value="15">
        <annotation>
          <COPASI xmlns="http://www.copasi.org/static/sbml">
            <rdf:RDF xmlns:dcterms="http://purl.org/dc/terms/" xmlns:rdf="http://www.w3.org/1999/02/22-rdf-syntax-ns#">
              <rdf:Description rdf:about="#COPASI8">
                <dcterms:created>
                  <rdf:Description>
                    <dcterms:W3CDTF>2014-09-16T14:44:37Z</dcterms:W3CDTF>
                  </rdf:Description>
                </dcterms:created>
              </rdf:Description>
            </rdf:RDF>
          </COPASI>
        </annotation>
            </parameter>
      <parameter constant="true" id="kalphasyn" metaid="COPASI9" name="kalphasyn" value="8.5">
        <annotation>
          <COPASI xmlns="http://www.copasi.org/static/sbml">
            <rdf:RDF xmlns:dcterms="http://purl.org/dc/terms/" xmlns:rdf="http://www.w3.org/1999/02/22-rdf-syntax-ns#">
              <rdf:Description rdf:about="#COPASI9">
                <dcterms:created>
                  <rdf:Description>
                    <dcterms:W3CDTF>2014-09-16T14:44:48Z</dcterms:W3CDTF>
                  </rdf:Description>
                </dcterms:created>
              </rdf:Description>
            </rdf:RDF>
          </COPASI>
        </annotation>
            </parameter>
      <parameter constant="false" id="S1" metaid="COPASI10" name="S1" value="0">
        <annotation>
          <COPASI xmlns="http://www.copasi.org/static/sbml">
            <rdf:RDF xmlns:dcterms="http://purl.org/dc/terms/" xmlns:rdf="http://www.w3.org/1999/02/22-rdf-syntax-ns#">
              <rdf:Description rdf:about="#COPASI10">
                <dcterms:created>
                  <rdf:Description>
                    <dcterms:W3CDTF>2014-09-16T14:44:51Z</dcterms:W3CDTF>
                  </rdf:Description>
                </dcterms:created>
              </rdf:Description>
            </rdf:RDF>
          </COPASI>
        </annotation>
            </parameter>
      <parameter constant="true" id="S2_4" metaid="COPASI11" name="S2-4" value="1">
        <annotation>
          <COPASI xmlns="http://www.copasi.org/static/sbml">
            <rdf:RDF xmlns:dcterms="http://purl.org/dc/terms/" xmlns:rdf="http://www.w3.org/1999/02/22-rdf-syntax-ns#">
              <rdf:Description rdf:about="#COPASI11">
                <dcterms:created>
                  <rdf:Description>
                    <dcterms:W3CDTF>2014-09-16T14:20:56Z</dcterms:W3CDTF>
                  </rdf:Description>
                </dcterms:created>
              </rdf:Description>
            </rdf:RDF>
          </COPASI>
        </annotation>
            </parameter>
    </listOfParameters>
    <listOfRules>
      <assignmentRule metaid="_44836eb1-626f-473a-bcb9-dc9f3699c994" variable="S1">
        <math xmlns="http://www.w3.org/1998/Math/MathML">        
          <piecewise>
            <piece>
              <cn> 2.6 </cn>
              <apply>
                <and/>
                <apply>
                  <gt/>
                  <csymbol encoding="text" definitionURL="http://www.sbml.org/sbml/symbols/time"> time </csymbol>
                  <cn> 10 </cn>
                </apply>
                <apply>
                  <lt/>
                  <csymbol encoding="text" definitionURL="http://www.sbml.org/sbml/symbols/time"> time </csymbol>
                  <cn> 150 </cn>
                </apply>
              </apply>
            </piece>
            <otherwise>
              <cn> 0 </cn>
            </otherwise>
          </piecewise>
        </math>
            </assignmentRule>
    </listOfRules>
    <listOfReactions>
      <reaction id="ROS_1" metaid="COPASI12" name="ROS 1" reversible="false">
        <annotation>
          <COPASI xmlns="http://www.copasi.org/static/sbml">
            <rdf:RDF xmlns:dcterms="http://purl.org/dc/terms/" xmlns:rdf="http://www.w3.org/1999/02/22-rdf-syntax-ns#">
              <rdf:Description rdf:about="#COPASI12">
                <dcterms:created>
                  <rdf:Description>
                    <dcterms:W3CDTF>2014-09-16T14:28:23Z</dcterms:W3CDTF>
                  </rdf:Description>
                </dcterms:created>
              </rdf:Description>
            </rdf:RDF>
          </COPASI>
        </annotation>
              <listOfProducts>
          <speciesReference metaid="cd14d2f6-063f-413f-8bec-fd0577765e4c" species="ROS" stoichiometry="1"/>
        </listOfProducts>
        <listOfModifiers>
          <modifierSpeciesReference metaid="_8126a495-4e54-41ab-8c4f-20a2d1f5db5a" species="alpha_syn"/>
          <modifierSpeciesReference metaid="ddce4ada-06ee-4d72-9fc8-fa71f5496cea" species="alpha_syn"/>
        </listOfModifiers>
        <kineticLaw metaid="f3c7e890-3839-4ca9-a614-9fd80b7b5d14">
          <math xmlns="http://www.w3.org/1998/Math/MathML">          
            <apply>
              <times/>
              <ci> Neuron </ci>
              <apply>
                <ci> V1 </ci>
                <ci> k1 </ci>
                <ci> S1 </ci>
                <ci> dalphasyn </ci>
                <ci> alpha_syn </ci>
                <ci> kalphasyn </ci>
              </apply>
            </apply>
          </math>
                </kineticLaw>
      </reaction>
      <reaction id="ROS_2" metaid="COPASI13" name="ROS 2" reversible="false">
        <annotation>
          <COPASI xmlns="http://www.copasi.org/static/sbml">
            <rdf:RDF xmlns:dcterms="http://purl.org/dc/terms/" xmlns:rdf="http://www.w3.org/1999/02/22-rdf-syntax-ns#">
              <rdf:Description rdf:about="#COPASI13">
                <dcterms:created>
                  <rdf:Description>
                    <dcterms:W3CDTF>2014-09-16T14:30:56Z</dcterms:W3CDTF>
                  </rdf:Description>
                </dcterms:created>
              </rdf:Description>
            </rdf:RDF>
          </COPASI>
        </annotation>
              <listOfReactants>
          <speciesReference metaid="_95da481e-03ec-4b2a-8140-ea8364712a11" species="ROS" stoichiometry="1"/>
        </listOfReactants>
        <listOfModifiers>
          <modifierSpeciesReference metaid="dcac87b7-3727-4394-9ebf-c169174fc068" species="ROS"/>
        </listOfModifiers>
        <kineticLaw metaid="c33c4c97-de0a-488a-b0b1-bf77791614b7">
          <math xmlns="http://www.w3.org/1998/Math/MathML">          
            <apply>
              <times/>
              <ci> Neuron </ci>
              <apply>
                <ci> V2_4 </ci>
                <ci> k2 </ci>
                <ci> ROS </ci>
                <ci> S2_4 </ci>
              </apply>
            </apply>
          </math>
                </kineticLaw>
      </reaction>
      <reaction id="aSyn_1" metaid="COPASI14" name="aSyn 1" reversible="false">
        <annotation>
          <COPASI xmlns="http://www.copasi.org/static/sbml">
            <rdf:RDF xmlns:dcterms="http://purl.org/dc/terms/" xmlns:rdf="http://www.w3.org/1999/02/22-rdf-syntax-ns#">
              <rdf:Description rdf:about="#COPASI14">
                <dcterms:created>
                  <rdf:Description>
                    <dcterms:W3CDTF>2014-09-16T14:31:31Z</dcterms:W3CDTF>
                  </rdf:Description>
                </dcterms:created>
              </rdf:Description>
            </rdf:RDF>
          </COPASI>
        </annotation>
              <listOfProducts>
          <speciesReference metaid="_98c07b7b-ce51-400b-ac50-b1aaaf902329" species="alpha_syn" stoichiometry="1"/>
        </listOfProducts>
        <listOfModifiers>
          <modifierSpeciesReference metaid="_59a5d1da-c331-4efc-b925-040f040cfd42" species="ROS"/>
          <modifierSpeciesReference metaid="a9a12c11-df65-42fa-95ad-8dd73b528c34" species="ROS"/>
        </listOfModifiers>
        <kineticLaw metaid="_4f001d0b-57d7-4b9f-ba21-d092b796b98c">
          <math xmlns="http://www.w3.org/1998/Math/MathML">          
            <apply>
              <times/>
              <ci> Neuron </ci>
              <apply>
                <ci> V3 </ci>
                <ci> k3 </ci>
                <ci> ROS </ci>
                <ci> S2_4 </ci>
              </apply>
            </apply>
          </math>
                </kineticLaw>
      </reaction>
      <reaction id="aSyn_2" metaid="COPASI15" name="aSyn 2" reversible="false">
        <annotation>
          <COPASI xmlns="http://www.copasi.org/static/sbml">
            <rdf:RDF xmlns:dcterms="http://purl.org/dc/terms/" xmlns:rdf="http://www.w3.org/1999/02/22-rdf-syntax-ns#">
              <rdf:Description rdf:about="#COPASI15">
                <dcterms:created>
                  <rdf:Description>
                    <dcterms:W3CDTF>2014-09-16T14:33:45Z</dcterms:W3CDTF>
                  </rdf:Description>
                </dcterms:created>
              </rdf:Description>
            </rdf:RDF>
          </COPASI>
        </annotation>
              <listOfReactants>
          <speciesReference metaid="cf3af59b-d7c7-4892-8cde-9e5254d7159f" species="alpha_syn" stoichiometry="1"/>
        </listOfReactants>
        <listOfModifiers>
          <modifierSpeciesReference metaid="f762ef76-4760-4505-82a9-bd7b5d6f70ec" species="alpha_syn"/>
        </listOfModifiers>
        <kineticLaw metaid="_23057654-12eb-4336-b9ec-22c673f035b7">
          <math xmlns="http://www.w3.org/1998/Math/MathML">          
            <apply>
              <times/>
              <ci> Neuron </ci>
              <apply>
                <ci> V2_4 </ci>
                <ci> k4 </ci>
                <ci> alpha_syn </ci>
                <ci> S2_4 </ci>
              </apply>
            </apply>
          </math>
                </kineticLaw>
      </reaction>
    </listOfReactions>
  </model>
</sbml>