<?xml version='1.0' encoding='UTF-8' standalone='no'?>
<sbml xmlns="http://www.sbml.org/sbml/level2/version4" level="2" metaid="metaid_0000001" version="4" xmlns:html="http://www.w3.org/1999/xhtml" xmlns:jigcell="http://www.sbml.org/2001/ns/jigcell" xmlns:math="http://www.w3.org/1998/Math/MathML" xmlns:rdf="http://www.w3.org/1999/02/22-rdf-syntax-ns#" xmlns:sbml="http://www.sbml.org/sbml/level2/version4" xmlns:xlink="http://www.w3.org/1999/xlink">
  <model id="Vinod2011_MitoticExit" metaid="metaid_0000002" name="Vinod2011_MitoticExit">
    <notes>
      <body xmlns="http://www.w3.org/1999/xhtml">
        <p>This model is from the article:      <br/>
                <strong>Computational modelling of mitotic exit in budding yeast: the role of separase and Cdc14 endocycles</strong>
                <br/>
          Vinod PK, Freire P, Rattani A, Ciliberto A, Uhlmann F, Novak B.      <em>J R Soc Interface.</em>
          2011 Aug 7;8(61):1128-41. Epub 2011 Feb 2.      <a href="http://www.ncbi.nlm.nih.gov/pubmed/21288956">21288956</a>
          ,      <br/>
                <strong>Abstract:</strong>
                <br/>
          The operating principles of complex regulatory networks are best understood with the help of mathematical modelling rather than by intuitive reasoning. Hereby, we study the dynamics of the mitotic exit (ME) control system in budding yeast by further developing the Queralt's model. A comprehensive systems view of the network regulating ME is provided based on classical experiments in the literature. In this picture, Cdc20-APC is a critical node controlling both cyclin (Clb2 and Clb5) and phosphatase (Cdc14) branches of the regulatory network. On the basis of experimental situations ranging from single to quintuple mutants, the kinetic parameters of the network are estimated. Numerical analysis of the model quantifies the dependence of ME control on the proteolytic and non-proteolytic functions of separase. We show that the requirement of the non-proteolytic function of separase for ME depends on cyclin-dependent kinase activity. The model is also used for the systematic analysis of the recently discovered Cdc14 endocycles. The significance of Cdc14 endocycles in eukaryotic cell cycle control is discussed as well.      </p>
            <p>This model originates from BioModels Database: A Database of Annotated Published Models (http://www.ebi.ac.uk/biomodels/). It is copyright (c) 2005-2012 The BioModels.net Team.      <br/>
          For more information see the      <a href="http://www.ebi.ac.uk/biomodels/legal.html" target="_blank">terms of use</a>
          .      <br/>
          To cite BioModels Database, please use:      <a href="http://www.ncbi.nlm.nih.gov/pubmed/20587024" target="_blank">Li C, Donizelli M, Rodriguez N, Dharuri H, Endler L, Chelliah V, Li L, He E, Henry A, Stefan MI, Snoep JL, Hucka M, Le Novère N, Laibe C (2010) BioModels Database: An enhanced, curated and annotated resource for published quantitative kinetic models. BMC Syst Biol., 4:92.</a>
                </p>
            </body>
      
    </notes>
    <annotation>
      <rdf:RDF xmlns:rdf="http://www.w3.org/1999/02/22-rdf-syntax-ns#" xmlns:bqmodel="http://biomodels.net/model-qualifiers/" xmlns:vCard="http://www.w3.org/2001/vcard-rdf/3.0#" xmlns:dc="http://purl.org/dc/elements/1.1/" xmlns:dcterms="http://purl.org/dc/terms/" xmlns:bqbiol="http://biomodels.net/biology-qualifiers/">
        <rdf:Description rdf:about="#metaid_0000002">
	<dc:creator>
	<rdf:Bag>
	<rdf:li rdf:parseType="Resource">
	<vCard:N rdf:parseType="Resource">
	<vCard:Family>Chelliah</vCard:Family>
	<vCard:Given>Vijayalakshmi</vCard:Given>
	</vCard:N>
	<vCard:EMAIL>viji@ebi.ac.uk</vCard:EMAIL>
	<vCard:ORG rdf:parseType="Resource">
	<vCard:Orgname>EMBL-EBI</vCard:Orgname>
	</vCard:ORG>
	</rdf:li>
	<rdf:li rdf:parseType="Resource">
	<vCard:N rdf:parseType="Resource">
	<vCard:Family>Novak</vCard:Family>
	<vCard:Given>Bela</vCard:Given>
	</vCard:N>
	<vCard:EMAIL>bela.novak@bioch.ox.ac.uk</vCard:EMAIL>
	<vCard:ORG rdf:parseType="Resource">
	<vCard:Orgname>University of Oxford</vCard:Orgname>
	</vCard:ORG>
	</rdf:li>
	</rdf:Bag>
	</dc:creator>
	<dcterms:created rdf:parseType="Resource">
	<dcterms:W3CDTF>2011-11-10T16:53:58Z</dcterms:W3CDTF>
	</dcterms:created>
	<dcterms:modified rdf:parseType="Resource">
	<dcterms:W3CDTF>2012-03-08T12:34:01Z</dcterms:W3CDTF>
	</dcterms:modified>
	<bqmodel:is>
	<rdf:Bag>
	<rdf:li rdf:resource="http://identifiers.org/biomodels.db/MODEL1111030000"/>
	</rdf:Bag>
	</bqmodel:is>
	<bqmodel:is>
	<rdf:Bag>
	<rdf:li rdf:resource="http://identifiers.org/biomodels.db/BIOMD0000000370"/>
	</rdf:Bag>
	</bqmodel:is>
	<bqmodel:isDescribedBy>
	<rdf:Bag>
	<rdf:li rdf:resource="http://identifiers.org/pubmed/21288956"/>
	</rdf:Bag>
	</bqmodel:isDescribedBy>
	<bqmodel:isDerivedFrom>
	<rdf:Bag>
	<rdf:li rdf:resource="http://identifiers.org/biomodels.db/BIOMD0000000409"/>
	</rdf:Bag>
	</bqmodel:isDerivedFrom>
	<bqbiol:hasTaxon>
	<rdf:Bag>
	<rdf:li rdf:resource="http://identifiers.org/taxonomy/4932"/>
	</rdf:Bag>
	</bqbiol:hasTaxon>
	<bqbiol:isVersionOf>
	<rdf:Bag>
	<rdf:li rdf:resource="http://identifiers.org/obo.go/GO:0000278"/>
	<rdf:li rdf:resource="http://identifiers.org/cco/CCO:P0000038"/>
	</rdf:Bag>
	</bqbiol:isVersionOf>
	</rdf:Description>
	
      </rdf:RDF>
    </annotation>
      <listOfUnitDefinitions>
      <unitDefinition id="area_1" metaid="metaid_0000003" name="area">
        <listOfUnits>
          <unit exponent="2" kind="metre" metaid="_749157"/>
        </listOfUnits>
      </unitDefinition>
      <unitDefinition id="length_1" metaid="metaid_0000004" name="length">
        <listOfUnits>
          <unit kind="metre" metaid="_749169"/>
        </listOfUnits>
      </unitDefinition>
      <unitDefinition id="substance_1" metaid="metaid_0000005" name="substance">
        <listOfUnits>
          <unit kind="mole" metaid="_749181"/>
        </listOfUnits>
      </unitDefinition>
      <unitDefinition id="time_1" metaid="metaid_0000006" name="time">
        <listOfUnits>
          <unit kind="second" metaid="_749193"/>
        </listOfUnits>
      </unitDefinition>
      <unitDefinition id="volume_1" metaid="metaid_0000007" name="volume">
        <listOfUnits>
          <unit kind="litre" metaid="_749205"/>
        </listOfUnits>
      </unitDefinition>
    </listOfUnitDefinitions>
    <listOfCompartments>
      <compartment id="cell_1" metaid="metaid_0000148" name="cell" sboTerm="SBO:0000290" size="1">
        <annotation>
          <rdf:RDF xmlns:rdf="http://www.w3.org/1999/02/22-rdf-syntax-ns#" xmlns:bqmodel="http://biomodels.net/model-qualifiers/" xmlns:bqbiol="http://biomodels.net/biology-qualifiers/">
            <rdf:Description rdf:about="#metaid_0000148">
	<bqbiol:isVersionOf>
	<rdf:Bag>
	<rdf:li rdf:resource="http://identifiers.org/obo.go/GO:0005623"/>
	</rdf:Bag>
	</bqbiol:isVersionOf>
	</rdf:Description>
	
          </rdf:RDF>
        </annotation>
            </compartment>
    </listOfCompartments>
    <listOfSpecies>
      <species compartment="cell_1" id="Clb2T_1" initialConcentration="0.999107" metaid="metaid_0000149" name="Clb2T" sboTerm="SBO:0000252">
        <annotation>
          <rdf:RDF xmlns:rdf="http://www.w3.org/1999/02/22-rdf-syntax-ns#" xmlns:bqmodel="http://biomodels.net/model-qualifiers/" xmlns:bqbiol="http://biomodels.net/biology-qualifiers/">
            <rdf:Description rdf:about="#metaid_0000149">
	<bqbiol:isVersionOf>
	<rdf:Bag>
	<rdf:li rdf:resource="http://identifiers.org/uniprot/P24869"/>
	</rdf:Bag>
	</bqbiol:isVersionOf>
	</rdf:Description>
	
          </rdf:RDF>
        </annotation>
            </species>
      <species compartment="cell_1" id="Clb5T_1" initialConcentration="0.201977" metaid="metaid_0000150" name="Clb5T" sboTerm="SBO:0000252">
        <annotation>
          <rdf:RDF xmlns:rdf="http://www.w3.org/1999/02/22-rdf-syntax-ns#" xmlns:bqmodel="http://biomodels.net/model-qualifiers/" xmlns:bqbiol="http://biomodels.net/biology-qualifiers/">
            <rdf:Description rdf:about="#metaid_0000150">
	<bqbiol:isVersionOf>
	<rdf:Bag>
	<rdf:li rdf:resource="http://identifiers.org/uniprot/P30283"/>
	</rdf:Bag>
	</bqbiol:isVersionOf>
	</rdf:Description>
	
          </rdf:RDF>
        </annotation>
            </species>
      <species compartment="cell_1" id="Cln_1" initialConcentration="0.04079" metaid="metaid_0000151" name="Cln" sboTerm="SBO:0000252">
        <annotation>
          <rdf:RDF xmlns:rdf="http://www.w3.org/1999/02/22-rdf-syntax-ns#" xmlns:bqmodel="http://biomodels.net/model-qualifiers/" xmlns:bqbiol="http://biomodels.net/biology-qualifiers/">
            <rdf:Description rdf:about="#metaid_0000151">
	<bqbiol:isVersionOf>
	<rdf:Bag>
	<rdf:li rdf:resource="http://identifiers.org/uniprot/P20438"/>
	</rdf:Bag>
	</bqbiol:isVersionOf>
	</rdf:Description>
	
          </rdf:RDF>
        </annotation>
            </species>
      <species compartment="cell_1" id="Cdc20_1" initialConcentration="0" metaid="metaid_0000152" name="Cdc20" sboTerm="SBO:0000252">
        <annotation>
          <rdf:RDF xmlns:rdf="http://www.w3.org/1999/02/22-rdf-syntax-ns#" xmlns:bqmodel="http://biomodels.net/model-qualifiers/" xmlns:bqbiol="http://biomodels.net/biology-qualifiers/">
            <rdf:Description rdf:about="#metaid_0000152">
	<bqbiol:isVersionOf>
	<rdf:Bag>
	<rdf:li rdf:resource="http://identifiers.org/uniprot/P26309"/>
	</rdf:Bag>
	</bqbiol:isVersionOf>
	</rdf:Description>
	
          </rdf:RDF>
        </annotation>
            </species>
      <species compartment="cell_1" id="Cdh1_1" initialConcentration="0" metaid="metaid_0000153" name="Cdh1" sboTerm="SBO:0000252">
        <annotation>
          <rdf:RDF xmlns:rdf="http://www.w3.org/1999/02/22-rdf-syntax-ns#" xmlns:bqmodel="http://biomodels.net/model-qualifiers/" xmlns:bqbiol="http://biomodels.net/biology-qualifiers/">
            <rdf:Description rdf:about="#metaid_0000153">
	<bqbiol:isVersionOf>
	<rdf:Bag>
	<rdf:li rdf:resource="http://identifiers.org/uniprot/P53197"/>
	</rdf:Bag>
	</bqbiol:isVersionOf>
	</rdf:Description>
	
          </rdf:RDF>
        </annotation>
            </species>
      <species compartment="cell_1" id="Sic1T_1" initialConcentration="0.001683" metaid="metaid_0000154" name="Sic1T" sboTerm="SBO:0000252">
        <annotation>
          <rdf:RDF xmlns:rdf="http://www.w3.org/1999/02/22-rdf-syntax-ns#" xmlns:bqmodel="http://biomodels.net/model-qualifiers/" xmlns:bqbiol="http://biomodels.net/biology-qualifiers/">
            <rdf:Description rdf:about="#metaid_0000154">
	<bqbiol:isVersionOf>
	<rdf:Bag>
	<rdf:li rdf:resource="http://identifiers.org/uniprot/P38634"/>
	</rdf:Bag>
	</bqbiol:isVersionOf>
	</rdf:Description>
	
          </rdf:RDF>
        </annotation>
            </species>
      <species compartment="cell_1" id="Trim2_1" initialConcentration="0.00145" metaid="metaid_0000155" name="Trim2" sboTerm="SBO:0000297">
        <annotation>
          <rdf:RDF xmlns:rdf="http://www.w3.org/1999/02/22-rdf-syntax-ns#" xmlns:bqmodel="http://biomodels.net/model-qualifiers/" xmlns:bqbiol="http://biomodels.net/biology-qualifiers/">
            <rdf:Description rdf:about="#metaid_0000155">
	<bqbiol:hasPart>
	<rdf:Bag>
	<rdf:li rdf:resource="http://identifiers.org/uniprot/P00546"/>
	<rdf:li rdf:resource="http://identifiers.org/uniprot/P24869"/>
	<rdf:li rdf:resource="http://identifiers.org/uniprot/P38634"/>
	</rdf:Bag>
	</bqbiol:hasPart>
	</rdf:Description>
	
          </rdf:RDF>
        </annotation>
            </species>
      <species compartment="cell_1" id="Trim5_1" initialConcentration="0" metaid="metaid_0000156" name="Trim5" sboTerm="SBO:0000297">
        <annotation>
          <rdf:RDF xmlns:rdf="http://www.w3.org/1999/02/22-rdf-syntax-ns#" xmlns:bqmodel="http://biomodels.net/model-qualifiers/" xmlns:bqbiol="http://biomodels.net/biology-qualifiers/">
            <rdf:Description rdf:about="#metaid_0000156">
	<bqbiol:hasPart>
	<rdf:Bag>
	<rdf:li rdf:resource="http://identifiers.org/uniprot/P00546"/>
	<rdf:li rdf:resource="http://identifiers.org/uniprot/P30283"/>
	<rdf:li rdf:resource="http://identifiers.org/uniprot/P38634"/>
	</rdf:Bag>
	</bqbiol:hasPart>
	</rdf:Description>
	
          </rdf:RDF>
        </annotation>
            </species>
      <species compartment="cell_1" id="Swi5_1" initialConcentration="0" metaid="metaid_0000157" name="Swi5" sboTerm="SBO:0000252">
        <annotation>
          <rdf:RDF xmlns:rdf="http://www.w3.org/1999/02/22-rdf-syntax-ns#" xmlns:bqmodel="http://biomodels.net/model-qualifiers/" xmlns:bqbiol="http://biomodels.net/biology-qualifiers/">
            <rdf:Description rdf:about="#metaid_0000157">
	<bqbiol:isVersionOf>
	<rdf:Bag>
	<rdf:li rdf:resource="http://identifiers.org/uniprot/P08153"/>
	</rdf:Bag>
	</bqbiol:isVersionOf>
	</rdf:Description>
	
          </rdf:RDF>
        </annotation>
            </species>
      <species compartment="cell_1" id="Mcm_1" initialConcentration="0.996743" metaid="metaid_0000158" name="Mcm" sboTerm="SBO:0000297">
        <annotation>
          <rdf:RDF xmlns:rdf="http://www.w3.org/1999/02/22-rdf-syntax-ns#" xmlns:bqmodel="http://biomodels.net/model-qualifiers/" xmlns:bqbiol="http://biomodels.net/biology-qualifiers/">
            <rdf:Description rdf:about="#metaid_0000158">
	<bqbiol:hasPart>
	<rdf:Bag>
	<rdf:li rdf:resource="http://identifiers.org/uniprot/Q08887"/>
	<rdf:li rdf:resource="http://identifiers.org/uniprot/P41813"/>
	<rdf:li rdf:resource="http://identifiers.org/uniprot/P11746"/>
	</rdf:Bag>
	</bqbiol:hasPart>
	</rdf:Description>
	
          </rdf:RDF>
        </annotation>
            </species>
      <species compartment="cell_1" id="MBF_1" initialConcentration="0.001977" metaid="metaid_0000159" name="MBF" sboTerm="SBO:0000252">
        <annotation>
          <rdf:RDF xmlns:rdf="http://www.w3.org/1999/02/22-rdf-syntax-ns#" xmlns:bqmodel="http://biomodels.net/model-qualifiers/" xmlns:bqbiol="http://biomodels.net/biology-qualifiers/">
            <rdf:Description rdf:about="#metaid_0000159">
	<bqbiol:isVersionOf>
	<rdf:Bag>
	<rdf:li rdf:resource="http://identifiers.org/uniprot/O14467"/>
	</rdf:Bag>
	</bqbiol:isVersionOf>
	</rdf:Description>
	
          </rdf:RDF>
        </annotation>
            </species>
      <species compartment="cell_1" id="Pds1T_1" initialConcentration="0.601977" metaid="metaid_0000160" name="Pds1T" sboTerm="SBO:0000252">
        <annotation>
          <rdf:RDF xmlns:rdf="http://www.w3.org/1999/02/22-rdf-syntax-ns#" xmlns:bqmodel="http://biomodels.net/model-qualifiers/" xmlns:bqbiol="http://biomodels.net/biology-qualifiers/">
            <rdf:Description rdf:about="#metaid_0000160">
	<bqbiol:isVersionOf>
	<rdf:Bag>
	<rdf:li rdf:resource="http://identifiers.org/uniprot/P40316"/>
	</rdf:Bag>
	</bqbiol:isVersionOf>
	</rdf:Description>
	
          </rdf:RDF>
        </annotation>
            </species>
      <species compartment="cell_1" id="Esp1T_1" initialConcentration="0.25" metaid="metaid_0000161" name="Esp1T" sboTerm="SBO:0000252">
        <annotation>
          <rdf:RDF xmlns:rdf="http://www.w3.org/1999/02/22-rdf-syntax-ns#" xmlns:bqmodel="http://biomodels.net/model-qualifiers/" xmlns:bqbiol="http://biomodels.net/biology-qualifiers/">
            <rdf:Description rdf:about="#metaid_0000161">
	<bqbiol:isVersionOf>
	<rdf:Bag>
	<rdf:li rdf:resource="http://identifiers.org/uniprot/Q03018"/>
	</rdf:Bag>
	</bqbiol:isVersionOf>
	</rdf:Description>
	
          </rdf:RDF>
        </annotation>
            </species>
      <species compartment="cell_1" id="PoloT_1" initialConcentration="1" metaid="metaid_0000162" name="PoloT" sboTerm="SBO:0000252">
        <annotation>
          <rdf:RDF xmlns:rdf="http://www.w3.org/1999/02/22-rdf-syntax-ns#" xmlns:bqmodel="http://biomodels.net/model-qualifiers/" xmlns:bqbiol="http://biomodels.net/biology-qualifiers/">
            <rdf:Description rdf:about="#metaid_0000162">
	<bqbiol:isVersionOf>
	<rdf:Bag>
	<rdf:li rdf:resource="http://identifiers.org/uniprot/P32562"/>
	</rdf:Bag>
	</bqbiol:isVersionOf>
	</rdf:Description>
	
          </rdf:RDF>
        </annotation>
            </species>
      <species compartment="cell_1" id="Polo_1" initialConcentration="1" metaid="metaid_0000163" name="Polo" sboTerm="SBO:0000252">
        <annotation>
          <rdf:RDF xmlns:rdf="http://www.w3.org/1999/02/22-rdf-syntax-ns#" xmlns:bqmodel="http://biomodels.net/model-qualifiers/" xmlns:bqbiol="http://biomodels.net/biology-qualifiers/">
            <rdf:Description rdf:about="#metaid_0000163">
	<bqbiol:isVersionOf>
	<rdf:Bag>
	<rdf:li rdf:resource="http://identifiers.org/uniprot/P32562"/>
	</rdf:Bag>
	</bqbiol:isVersionOf>
	</rdf:Description>
	
          </rdf:RDF>
        </annotation>
            </species>
      <species compartment="cell_1" id="Net1dep_1" initialConcentration="0.0119" metaid="metaid_0000164" name="Net1dep" sboTerm="SBO:0000252">
        <annotation>
          <rdf:RDF xmlns:rdf="http://www.w3.org/1999/02/22-rdf-syntax-ns#" xmlns:bqmodel="http://biomodels.net/model-qualifiers/" xmlns:bqbiol="http://biomodels.net/biology-qualifiers/">
            <rdf:Description rdf:about="#metaid_0000164">
	<bqbiol:isVersionOf>
	<rdf:Bag>
	<rdf:li rdf:resource="http://identifiers.org/uniprot/P47035"/>
	</rdf:Bag>
	</bqbiol:isVersionOf>
	</rdf:Description>
	
          </rdf:RDF>
        </annotation>
            </species>
      <species compartment="cell_1" id="Net1pp_1" initialConcentration="0.0119" metaid="metaid_0000165" name="Net1pp" sboTerm="SBO:0000252">
        <annotation>
          <rdf:RDF xmlns:rdf="http://www.w3.org/1999/02/22-rdf-syntax-ns#" xmlns:bqmodel="http://biomodels.net/model-qualifiers/" xmlns:bqbiol="http://biomodels.net/biology-qualifiers/">
            <rdf:Description rdf:about="#metaid_0000165">
	<bqbiol:isVersionOf>
	<rdf:Bag>
	<rdf:li rdf:resource="http://identifiers.org/uniprot/P47035"/>
	<rdf:li rdf:resource="http://identifiers.org/kegg.compound/C00562"/>
	</rdf:Bag>
	</bqbiol:isVersionOf>
	</rdf:Description>
	
          </rdf:RDF>
        </annotation>
            </species>
      <species compartment="cell_1" id="RENT_1" initialConcentration="0.483" metaid="metaid_0000166" name="RENT" sboTerm="SBO:0000297">
        <annotation>
          <rdf:RDF xmlns:rdf="http://www.w3.org/1999/02/22-rdf-syntax-ns#" xmlns:bqmodel="http://biomodels.net/model-qualifiers/" xmlns:bqbiol="http://biomodels.net/biology-qualifiers/">
            <rdf:Description rdf:about="#metaid_0000166">
	<bqbiol:hasPart>
	<rdf:Bag>
	<rdf:li rdf:resource="http://identifiers.org/uniprot/Q00684"/>
	<rdf:li rdf:resource="http://identifiers.org/uniprot/P47035"/>
	</rdf:Bag>
	</bqbiol:hasPart>
	</rdf:Description>
	
          </rdf:RDF>
        </annotation>
            </species>
      <species compartment="cell_1" id="RENTp_1" initialConcentration="0.014" metaid="metaid_0000167" name="RENTp" sboTerm="SBO:0000297">
        <annotation>
          <rdf:RDF xmlns:rdf="http://www.w3.org/1999/02/22-rdf-syntax-ns#" xmlns:bqmodel="http://biomodels.net/model-qualifiers/" xmlns:bqbiol="http://biomodels.net/biology-qualifiers/">
            <rdf:Description rdf:about="#metaid_0000167">
              <bqbiol:isVersionOf>
	<rdf:Bag>
	<rdf:li rdf:resource="http://identifiers.org/kegg.compound/C00562"/>
	</rdf:Bag>
	</bqbiol:isVersionOf>
	
	<bqbiol:hasPart>
	<rdf:Bag>
	<rdf:li rdf:resource="http://identifiers.org/uniprot/Q00684"/>
	<rdf:li rdf:resource="http://identifiers.org/uniprot/P47035"/>
	</rdf:Bag>
	</bqbiol:hasPart>
	</rdf:Description>
	
          </rdf:RDF>
        </annotation>
            </species>
      <species compartment="cell_1" id="Cdc14n_1" initialConcentration="0.00214" metaid="metaid_0000168" name="Cdc14n" sboTerm="SBO:0000252">
        <annotation>
          <rdf:RDF xmlns:rdf="http://www.w3.org/1999/02/22-rdf-syntax-ns#" xmlns:bqmodel="http://biomodels.net/model-qualifiers/" xmlns:bqbiol="http://biomodels.net/biology-qualifiers/">
            <rdf:Description rdf:about="#metaid_0000168">
	<bqbiol:isVersionOf>
	<rdf:Bag>
	<rdf:li rdf:resource="http://identifiers.org/uniprot/Q00684"/>
	</rdf:Bag>
	</bqbiol:isVersionOf>
	</rdf:Description>
	
          </rdf:RDF>
        </annotation>
            </species>
      <species compartment="cell_1" id="Tem1_1" initialConcentration="1" metaid="metaid_0000169" name="Tem1" sboTerm="SBO:0000252">
        <annotation>
          <rdf:RDF xmlns:rdf="http://www.w3.org/1999/02/22-rdf-syntax-ns#" xmlns:bqmodel="http://biomodels.net/model-qualifiers/" xmlns:bqbiol="http://biomodels.net/biology-qualifiers/">
            <rdf:Description rdf:about="#metaid_0000169">
	<bqbiol:isVersionOf>
	<rdf:Bag>
	<rdf:li rdf:resource="http://identifiers.org/uniprot/P38987"/>
	</rdf:Bag>
	</bqbiol:isVersionOf>
	</rdf:Description>
	
          </rdf:RDF>
        </annotation>
            </species>
      <species compartment="cell_1" id="Cdc15_1" initialConcentration="0.933" metaid="metaid_0000170" name="Cdc15" sboTerm="SBO:0000252">
        <annotation>
          <rdf:RDF xmlns:rdf="http://www.w3.org/1999/02/22-rdf-syntax-ns#" xmlns:bqmodel="http://biomodels.net/model-qualifiers/" xmlns:bqbiol="http://biomodels.net/biology-qualifiers/">
            <rdf:Description rdf:about="#metaid_0000170">
	<bqbiol:isVersionOf>
	<rdf:Bag>
	<rdf:li rdf:resource="http://identifiers.org/uniprot/P27636"/>
	</rdf:Bag>
	</bqbiol:isVersionOf>
	</rdf:Description>
	
          </rdf:RDF>
        </annotation>
            </species>
      <species compartment="cell_1" id="MEN_1" initialConcentration="0" metaid="metaid_0000171" name="MEN" sboTerm="SBO:0000297">
        <annotation>
          <rdf:RDF xmlns:rdf="http://www.w3.org/1999/02/22-rdf-syntax-ns#" xmlns:bqmodel="http://biomodels.net/model-qualifiers/" xmlns:bqbiol="http://biomodels.net/biology-qualifiers/">
            <rdf:Description rdf:about="#metaid_0000171">
	<bqbiol:hasPart>
	<rdf:Bag>
	<rdf:li rdf:resource="http://identifiers.org/uniprot/P27636"/>
	<rdf:li rdf:resource="http://identifiers.org/uniprot/P38987"/>
	</rdf:Bag>
	</bqbiol:hasPart>
	</rdf:Description>
	
          </rdf:RDF>
        </annotation>
            </species>
      <species compartment="cell_1" id="Clb2_2" metaid="metaid_0000172" name="Clb2" sboTerm="SBO:0000252">
        <annotation>
          <rdf:RDF xmlns:rdf="http://www.w3.org/1999/02/22-rdf-syntax-ns#" xmlns:bqmodel="http://biomodels.net/model-qualifiers/" xmlns:bqbiol="http://biomodels.net/biology-qualifiers/">
            <rdf:Description rdf:about="#metaid_0000172">
	<bqbiol:isVersionOf>
	<rdf:Bag>
	<rdf:li rdf:resource="http://identifiers.org/uniprot/P24869"/>
	</rdf:Bag>
	</bqbiol:isVersionOf>
	</rdf:Description>
	
          </rdf:RDF>
        </annotation>
            </species>
      <species compartment="cell_1" id="Clb5_1" metaid="metaid_0000173" name="Clb5" sboTerm="SBO:0000252">
        <annotation>
          <rdf:RDF xmlns:rdf="http://www.w3.org/1999/02/22-rdf-syntax-ns#" xmlns:bqmodel="http://biomodels.net/model-qualifiers/" xmlns:bqbiol="http://biomodels.net/biology-qualifiers/">
            <rdf:Description rdf:about="#metaid_0000173">
	<bqbiol:isVersionOf>
	<rdf:Bag>
	<rdf:li rdf:resource="http://identifiers.org/uniprot/P30283"/>
	</rdf:Bag>
	</bqbiol:isVersionOf>
	</rdf:Description>
	
          </rdf:RDF>
        </annotation>
            </species>
      <species compartment="cell_1" id="Sic1_1" metaid="metaid_0000174" name="Sic1" sboTerm="SBO:0000252">
        <annotation>
          <rdf:RDF xmlns:rdf="http://www.w3.org/1999/02/22-rdf-syntax-ns#" xmlns:bqmodel="http://biomodels.net/model-qualifiers/" xmlns:bqbiol="http://biomodels.net/biology-qualifiers/">
            <rdf:Description rdf:about="#metaid_0000174">
	<bqbiol:isVersionOf>
	<rdf:Bag>
	<rdf:li rdf:resource="http://identifiers.org/uniprot/P38634"/>
	</rdf:Bag>
	</bqbiol:isVersionOf>
	</rdf:Description>
	
          </rdf:RDF>
        </annotation>
            </species>
      <species compartment="cell_1" id="Pds1_1" metaid="metaid_0000175" name="Pds1" sboTerm="SBO:0000252">
        <annotation>
          <rdf:RDF xmlns:rdf="http://www.w3.org/1999/02/22-rdf-syntax-ns#" xmlns:bqmodel="http://biomodels.net/model-qualifiers/" xmlns:bqbiol="http://biomodels.net/biology-qualifiers/">
            <rdf:Description rdf:about="#metaid_0000175">
	<bqbiol:isVersionOf>
	<rdf:Bag>
	<rdf:li rdf:resource="http://identifiers.org/uniprot/P40316"/>
	</rdf:Bag>
	</bqbiol:isVersionOf>
	</rdf:Description>
	
          </rdf:RDF>
        </annotation>
            </species>
      <species compartment="cell_1" id="Esp1b_1" initialConcentration="0.24857" metaid="metaid_0000176" name="Esp1b" sboTerm="SBO:0000252">
        <annotation>
          <rdf:RDF xmlns:rdf="http://www.w3.org/1999/02/22-rdf-syntax-ns#" xmlns:bqmodel="http://biomodels.net/model-qualifiers/" xmlns:bqbiol="http://biomodels.net/biology-qualifiers/">
            <rdf:Description rdf:about="#metaid_0000176">
	<bqbiol:isVersionOf>
	<rdf:Bag>
	<rdf:li rdf:resource="http://identifiers.org/uniprot/Q03018"/>
	</rdf:Bag>
	</bqbiol:isVersionOf>
	</rdf:Description>
	
          </rdf:RDF>
        </annotation>
            </species>
      <species compartment="cell_1" id="Esp1_1" metaid="metaid_0000177" name="Esp1" sboTerm="SBO:0000252">
        <annotation>
          <rdf:RDF xmlns:rdf="http://www.w3.org/1999/02/22-rdf-syntax-ns#" xmlns:bqmodel="http://biomodels.net/model-qualifiers/" xmlns:bqbiol="http://biomodels.net/biology-qualifiers/">
            <rdf:Description rdf:about="#metaid_0000177">
	<bqbiol:isVersionOf>
	<rdf:Bag>
	<rdf:li rdf:resource="http://identifiers.org/uniprot/Q03018"/>
	</rdf:Bag>
	</bqbiol:isVersionOf>
	</rdf:Description>
	
          </rdf:RDF>
        </annotation>
            </species>
      <species compartment="cell_1" id="Net1p_1" initialConcentration="0.013" metaid="metaid_0000178" name="Net1p" sboTerm="SBO:0000252">
        <annotation>
          <rdf:RDF xmlns:rdf="http://www.w3.org/1999/02/22-rdf-syntax-ns#" xmlns:bqmodel="http://biomodels.net/model-qualifiers/" xmlns:bqbiol="http://biomodels.net/biology-qualifiers/">
            <rdf:Description rdf:about="#metaid_0000178">
	<bqbiol:isVersionOf>
	<rdf:Bag>
	<rdf:li rdf:resource="http://identifiers.org/uniprot/P47035"/>
	</rdf:Bag>
	</bqbiol:isVersionOf>
	</rdf:Description>
	
          </rdf:RDF>
        </annotation>
            </species>
      <species compartment="cell_1" id="Net1_2" metaid="metaid_0000179" name="Net1" sboTerm="SBO:0000252">
        <annotation>
          <rdf:RDF xmlns:rdf="http://www.w3.org/1999/02/22-rdf-syntax-ns#" xmlns:bqmodel="http://biomodels.net/model-qualifiers/" xmlns:bqbiol="http://biomodels.net/biology-qualifiers/">
            <rdf:Description rdf:about="#metaid_0000179">
	<bqbiol:isVersionOf>
	<rdf:Bag>
	<rdf:li rdf:resource="http://identifiers.org/uniprot/P47035"/>
	</rdf:Bag>
	</bqbiol:isVersionOf>
	</rdf:Description>
	
          </rdf:RDF>
        </annotation>
            </species>
      <species compartment="cell_1" id="Cdc14c_1" metaid="metaid_0000180" name="Cdc14c" sboTerm="SBO:0000252">
        <annotation>
          <rdf:RDF xmlns:rdf="http://www.w3.org/1999/02/22-rdf-syntax-ns#" xmlns:bqmodel="http://biomodels.net/model-qualifiers/" xmlns:bqbiol="http://biomodels.net/biology-qualifiers/">
            <rdf:Description rdf:about="#metaid_0000180">
	<bqbiol:isVersionOf>
	<rdf:Bag>
	<rdf:li rdf:resource="http://identifiers.org/uniprot/Q00684"/>
	</rdf:Bag>
	</bqbiol:isVersionOf>
	</rdf:Description>
	
          </rdf:RDF>
        </annotation>
            </species>
    </listOfSpecies>
    <listOfParameters>
      <parameter constant="false" id="PP_1" metaid="metaid_0000008" name="PP"/>
      <parameter id="PPT_1" metaid="metaid_0000009" name="PPT" value="1"/>
      <parameter id="kpp_1" metaid="metaid_0000010" name="kpp" value="0.1"/>
      <parameter id="ki_1" metaid="metaid_0000011" name="ki" value="40"/>
      <parameter constant="false" id="V2_1" metaid="metaid_0000012" name="V2"/>
      <parameter id="kdclb2_1" metaid="metaid_0000013" name="kdclb2" value="0.02"/>
      <parameter id="kdclb2_2" metaid="metaid_0000014" name="kdclb2'" value="0.1"/>
      <parameter id="kdclb2_3" metaid="metaid_0000015" name="kdclb2''" value="0.4"/>
      <parameter constant="false" id="V6_1" metaid="metaid_0000016" name="V6"/>
      <parameter id="kdclb5_1" metaid="metaid_0000017" name="kdclb5" value="0.01"/>
      <parameter id="kdclb5_2" metaid="metaid_0000018" name="kdclb5'" value="1"/>
      <parameter constant="false" id="Vdsic_1" metaid="metaid_0000019" name="Vdsic"/>
      <parameter id="kdsic_1" metaid="metaid_0000020" name="kdsic'" value="2"/>
      <parameter id="kdsic_2" metaid="metaid_0000021" name="kdsic&quot;" value="2"/>
      <parameter id="kdsic_3" metaid="metaid_0000022" name="kdsic" value="0.04"/>
      <parameter id="kdsic_4" metaid="metaid_0000023" name="kdsic'''" value="1.5"/>
      <parameter constant="false" id="Vacdh_1" metaid="metaid_0000024" name="Vacdh"/>
      <parameter id="kdcdh_1" metaid="metaid_0000025" name="kdcdh" value="0.03"/>
      <parameter id="kdcdh_2" metaid="metaid_0000026" name="kdcdh'" value="0.3"/>
      <parameter constant="false" id="Vicdh_1" metaid="metaid_0000027" name="Vicdh"/>
      <parameter id="kpcdh_1" metaid="metaid_0000028" name="kpcdh" value="0.001"/>
      <parameter id="kpcdh_2" metaid="metaid_0000029" name="kpcdh'" value="0.04"/>
      <parameter id="kpcdh_3" metaid="metaid_0000030" name="kpcdh''" value="0.75"/>
      <parameter constant="false" id="Vaswi_1" metaid="metaid_0000031" name="Vaswi"/>
      <parameter id="kaswi_1" metaid="metaid_0000032" name="kaswi" value="0.2"/>
      <parameter id="kaswi_2" metaid="metaid_0000033" name="kaswi'" value="1"/>
      <parameter constant="false" id="Viswi_1" metaid="metaid_0000034" name="Viswi"/>
      <parameter id="kiswi_1" metaid="metaid_0000035" name="kiswi" value="0.01"/>
      <parameter id="kiswi_2" metaid="metaid_0000036" name="kiswi'" value="0.5"/>
      <parameter id="kiswi_3" metaid="metaid_0000037" name="kiswi''" value="0.75"/>
      <parameter constant="false" id="Vd_1" metaid="metaid_0000038" name="Vd"/>
      <parameter id="kd_1" metaid="metaid_0000039" name="kd'" value="0.1"/>
      <parameter id="kd_2" metaid="metaid_0000040" name="kd" value="0.45"/>
      <parameter id="Jnet_1" metaid="metaid_0000041" name="Jnet" value="0.05"/>
      <parameter id="Net1T_1" metaid="metaid_0000042" name="Net1T" value="1"/>
      <parameter constant="false" id="Vp_1" metaid="metaid_0000043" name="Vp"/>
      <parameter id="kp_3" metaid="metaid_0000044" name="kp''" value="0.2"/>
      <parameter id="kp_4" metaid="metaid_0000045" name="kp'''" value="3"/>
      <parameter constant="false" id="Vexp_1" metaid="metaid_0000046" name="Vexp"/>
      <parameter id="kexp_1" metaid="metaid_0000047" name="kexp" value="0.01"/>
      <parameter id="kexp_2" metaid="metaid_0000048" name="kexp'" value="20"/>
      <parameter id="ksclb2_1" metaid="metaid_0000049" name="ksclb2" value="0.015"/>
      <parameter id="ksclb2_2" metaid="metaid_0000050" name="ksclb2'" value="0.005"/>
      <parameter id="ksclb5_1" metaid="metaid_0000051" name="ksclb5'" value="0.01"/>
      <parameter id="ksclb5_2" metaid="metaid_0000052" name="ksclb5" value="0.002"/>
      <parameter id="kscln_1" metaid="metaid_0000053" name="kscln'" value="0.1"/>
      <parameter id="kscln_2" metaid="metaid_0000054" name="kscln" value="0.01"/>
      <parameter id="kdcln_1" metaid="metaid_0000055" name="kdcln" value="0.25"/>
      <parameter id="ks20_1" metaid="metaid_0000056" name="ks20'" value="0.05"/>
      <parameter id="ks20_2" metaid="metaid_0000057" name="ks20" value="0.001"/>
      <parameter id="kd20_1" metaid="metaid_0000058" name="kd20" value="0.1"/>
      <parameter id="kd20_2" metaid="metaid_0000059" name="kd20'" value="1"/>
      <parameter id="Jcdh_1" metaid="metaid_0000060" name="Jcdh" value="0.01"/>
      <parameter id="kssic_1" metaid="metaid_0000061" name="kssic'" value="0.2"/>
      <parameter id="kssic_2" metaid="metaid_0000062" name="kssic" value="0.004"/>
      <parameter id="kasic2_1" metaid="metaid_0000063" name="kasic2" value="40"/>
      <parameter id="kdsic2_1" metaid="metaid_0000064" name="kdsic2" value="0.1"/>
      <parameter id="kasic5_1" metaid="metaid_0000065" name="kasic5" value="10"/>
      <parameter id="kdsic5_1" metaid="metaid_0000066" name="kdsic5" value="0.1"/>
      <parameter id="Jswi_1" metaid="metaid_0000067" name="Jswi" value="0.1"/>
      <parameter id="ksmcm_1" metaid="metaid_0000068" name="ksmcm'" value="1"/>
      <parameter id="ksmcm_3" metaid="metaid_0000069" name="ksmcm" value="0.01"/>
      <parameter id="kdmcm_1" metaid="metaid_0000070" name="kdmcm" value="0.25"/>
      <parameter id="Jmcm_1" metaid="metaid_0000071" name="Jmcm" value="0.01"/>
      <parameter id="Jmbf_1" metaid="metaid_0000072" name="Jmbf" value="0.01"/>
      <parameter id="kambf_1" metaid="metaid_0000073" name="kambf" value="0.1"/>
      <parameter id="kimbf_1" metaid="metaid_0000074" name="kimbf'" value="0.5"/>
      <parameter id="kimbf_2" metaid="metaid_0000075" name="kimbf" value="0"/>
      <parameter id="kimbf_3" metaid="metaid_0000113" name="kimbf''" value="0.5"/>
      <parameter id="kspds_1" metaid="metaid_0000076" name="kspds'" value="0.01"/>
      <parameter id="kspds_2" metaid="metaid_0000077" name="kspds" value="0.006"/>
      <parameter id="kdpds_1" metaid="metaid_0000078" name="kdpds" value="0.01"/>
      <parameter id="kdpds_2" metaid="metaid_0000079" name="kdpds'" value="2"/>
      <parameter id="ksesp_1" metaid="metaid_0000080" name="ksesp" value="0.001"/>
      <parameter id="kdesp_1" metaid="metaid_0000081" name="kdesp" value="0.004"/>
      <parameter id="lapds_1" metaid="metaid_0000082" name="lapds" value="500"/>
      <parameter id="ldpds_1" metaid="metaid_0000083" name="ldpds" value="1"/>
      <parameter id="kspolo_1" metaid="metaid_0000084" name="kspolo'" value="0.05"/>
      <parameter id="kspolo_2" metaid="metaid_0000085" name="kspolo" value="0.001"/>
      <parameter id="kdpolo_1" metaid="metaid_0000086" name="kdpolo" value="0.05"/>
      <parameter id="kdpolo_2" metaid="metaid_0000087" name="kdpolo'" value="0.5"/>
      <parameter id="Jpolo_1" metaid="metaid_0000088" name="Jpolo" value="0.1"/>
      <parameter id="kapolo_1" metaid="metaid_0000089" name="kapolo" value="0"/>
      <parameter id="kapolo_2" metaid="metaid_0000090" name="kapolo'" value="1"/>
      <parameter id="kipolo_1" metaid="metaid_0000091" name="kipolo" value="0.1"/>
      <parameter id="kp_1" metaid="metaid_0000092" name="kp'" value="2"/>
      <parameter id="lanet_1" metaid="metaid_0000093" name="lanet" value="500"/>
      <parameter id="ldnet_1" metaid="metaid_0000094" name="ldnet" value="1"/>
      <parameter id="kimp_1" metaid="metaid_0000095" name="kimp" value="1"/>
      <parameter id="Jtem1_1" metaid="metaid_0000096" name="Jtem1" value="0.005"/>
      <parameter id="katem_1" metaid="metaid_0000097" name="katem" value="0"/>
      <parameter id="katem_2" metaid="metaid_0000098" name="katem'" value="0.6"/>
      <parameter id="kitem_1" metaid="metaid_0000099" name="kitem''" value="20"/>
      <parameter id="kitem_2" metaid="metaid_0000100" name="kitem'" value="1"/>
      <parameter id="kitem_3" metaid="metaid_0000101" name="kitem" value="0.1"/>
      <parameter id="Jcdc15_1" metaid="metaid_0000102" name="Jcdc15" value="1"/>
      <parameter id="kac15_1" metaid="metaid_0000103" name="kac15" value="0.03"/>
      <parameter id="kac15_2" metaid="metaid_0000104" name="kac15'" value="0.5"/>
      <parameter id="kic15_1" metaid="metaid_0000105" name="kic15" value="0.03"/>
      <parameter id="kic15_2" metaid="metaid_0000106" name="kic15'" value="0.2"/>
      <parameter constant="false" id="lamen_1" metaid="metaid_0000107" name="lamen" value="100"/>
      <parameter id="ldmen_1" metaid="metaid_0000108" name="ldmen" value="0.1"/>
      <parameter id="Cdc14T_1" metaid="metaid_0000109" name="Cdc14T" value="0.5"/>
      <parameter id="Clb2nd_1" metaid="metaid_0000117" name="Clb2nd" value="0"/>
      <parameter id="Swi5T_1" metaid="metaid_0000221" name="Swi5T" value="1"/>
    </listOfParameters>
    <listOfRules>
      <assignmentRule metaid="metaid_0000193" variable="Clb2_2">
        <math xmlns="http://www.w3.org/1998/Math/MathML">        
          <apply>
            <minus/>
            <apply>
              <plus/>
              <ci> Clb2T_1 </ci>
              <ci> Clb2nd_1 </ci>
            </apply>
            <ci> Trim2_1 </ci>
          </apply>
        </math>
            </assignmentRule>
      <assignmentRule metaid="metaid_0000194" variable="Clb5_1">
        <math xmlns="http://www.w3.org/1998/Math/MathML">        
          <apply>
            <minus/>
            <ci> Clb5T_1 </ci>
            <ci> Trim5_1 </ci>
          </apply>
        </math>
            </assignmentRule>
      <assignmentRule metaid="metaid_0000195" variable="Sic1_1">
        <math xmlns="http://www.w3.org/1998/Math/MathML">        
          <apply>
            <minus/>
            <apply>
              <minus/>
              <ci> Sic1T_1 </ci>
              <ci> Trim2_1 </ci>
            </apply>
            <ci> Trim5_1 </ci>
          </apply>
        </math>
            </assignmentRule>
      <assignmentRule metaid="metaid_0000196" variable="Pds1_1">
        <math xmlns="http://www.w3.org/1998/Math/MathML">        
          <apply>
            <minus/>
            <ci> Pds1T_1 </ci>
            <ci> Esp1b_1 </ci>
          </apply>
        </math>
            </assignmentRule>
      <assignmentRule metaid="metaid_0000197" variable="Esp1_1">
        <math xmlns="http://www.w3.org/1998/Math/MathML">        
          <apply>
            <minus/>
            <ci> Esp1T_1 </ci>
            <ci> Esp1b_1 </ci>
          </apply>
        </math>
            </assignmentRule>
      <assignmentRule metaid="metaid_0000198" variable="Net1_2">
        <math xmlns="http://www.w3.org/1998/Math/MathML">        
          <apply>
            <minus/>
            <apply>
              <minus/>
              <apply>
                <minus/>
                <ci> Net1T_1 </ci>
                <ci> Net1p_1 </ci>
              </apply>
              <ci> RENT_1 </ci>
            </apply>
            <ci> Net1pp_1 </ci>
          </apply>
        </math>
            </assignmentRule>
      <assignmentRule metaid="metaid_0000199" variable="Cdc14c_1">
        <math xmlns="http://www.w3.org/1998/Math/MathML">        
          <apply>
            <minus/>
            <apply>
              <minus/>
              <ci> Cdc14T_1 </ci>
              <ci> Cdc14n_1 </ci>
            </apply>
            <ci> RENT_1 </ci>
          </apply>
        </math>
            </assignmentRule>
      <assignmentRule metaid="metaid_0000200" variable="PP_1">
        <math xmlns="http://www.w3.org/1998/Math/MathML">        
          <apply>
            <times/>
            <ci> PPT_1 </ci>
            <apply>
              <divide/>
              <apply>
                <plus/>
                <cn type="integer"> 1 </cn>
                <apply>
                  <times/>
                  <ci> kpp_1 </ci>
                  <ci> ki_1 </ci>
                  <ci> Esp1_1 </ci>
                </apply>
              </apply>
              <apply>
                <plus/>
                <cn type="integer"> 1 </cn>
                <ci> ki_1 </ci>
                <ci> Esp1_1 </ci>
              </apply>
            </apply>
          </apply>
        </math>
            </assignmentRule>
      <assignmentRule metaid="metaid_0000201" variable="V2_1">
        <math xmlns="http://www.w3.org/1998/Math/MathML">        
          <apply>
            <plus/>
            <ci> kdclb2_1 </ci>
            <apply>
              <times/>
              <ci> kdclb2_2 </ci>
              <ci> Cdc20_1 </ci>
            </apply>
            <apply>
              <times/>
              <ci> kdclb2_3 </ci>
              <ci> Cdh1_1 </ci>
            </apply>
          </apply>
        </math>
            </assignmentRule>
      <assignmentRule metaid="metaid_0000202" variable="V6_1">
        <math xmlns="http://www.w3.org/1998/Math/MathML">        
          <apply>
            <plus/>
            <ci> kdclb5_1 </ci>
            <apply>
              <times/>
              <ci> kdclb5_2 </ci>
              <ci> Cdc20_1 </ci>
            </apply>
          </apply>
        </math>
            </assignmentRule>
      <assignmentRule metaid="metaid_0000203" variable="Vdsic_1">
        <math xmlns="http://www.w3.org/1998/Math/MathML">        
          <apply>
            <plus/>
            <ci> kdsic_3 </ci>
            <apply>
              <times/>
              <ci> kdsic_1 </ci>
              <ci> Clb5_1 </ci>
            </apply>
            <apply>
              <times/>
              <ci> kdsic_2 </ci>
              <ci> Clb2_2 </ci>
            </apply>
            <apply>
              <times/>
              <ci> kdsic_4 </ci>
              <ci> Cln_1 </ci>
            </apply>
          </apply>
        </math>
            </assignmentRule>
      <assignmentRule metaid="metaid_0000204" variable="Vacdh_1">
        <math xmlns="http://www.w3.org/1998/Math/MathML">        
          <apply>
            <plus/>
            <apply>
              <times/>
              <ci> kdcdh_1 </ci>
              <ci> Cdc14n_1 </ci>
            </apply>
            <apply>
              <times/>
              <ci> kdcdh_2 </ci>
              <ci> Cdc14c_1 </ci>
            </apply>
          </apply>
        </math>
            </assignmentRule>
      <assignmentRule metaid="metaid_0000205" variable="Vicdh_1">
        <math xmlns="http://www.w3.org/1998/Math/MathML">        
          <apply>
            <plus/>
            <ci> kpcdh_1 </ci>
            <apply>
              <times/>
              <ci> kpcdh_2 </ci>
              <ci> Clb2_2 </ci>
            </apply>
            <apply>
              <times/>
              <ci> kpcdh_3 </ci>
              <ci> Clb5_1 </ci>
            </apply>
          </apply>
        </math>
            </assignmentRule>
      <assignmentRule metaid="metaid_0000206" variable="Vaswi_1">
        <math xmlns="http://www.w3.org/1998/Math/MathML">        
          <apply>
            <plus/>
            <apply>
              <times/>
              <ci> kaswi_1 </ci>
              <ci> Cdc14n_1 </ci>
            </apply>
            <apply>
              <times/>
              <ci> kaswi_2 </ci>
              <ci> Cdc14c_1 </ci>
            </apply>
          </apply>
        </math>
            </assignmentRule>
      <assignmentRule metaid="metaid_0000207" variable="Viswi_1">
        <math xmlns="http://www.w3.org/1998/Math/MathML">        
          <apply>
            <plus/>
            <ci> kiswi_1 </ci>
            <apply>
              <times/>
              <ci> kiswi_2 </ci>
              <ci> Clb2_2 </ci>
            </apply>
            <apply>
              <times/>
              <ci> kiswi_3 </ci>
              <ci> Clb5_1 </ci>
            </apply>
          </apply>
        </math>
            </assignmentRule>
      <assignmentRule metaid="metaid_0000208" variable="Vd_1">
        <math xmlns="http://www.w3.org/1998/Math/MathML">        
          <apply>
            <divide/>
            <apply>
              <plus/>
              <apply>
                <times/>
                <ci> kd_2 </ci>
                <ci> PP_1 </ci>
              </apply>
              <apply>
                <times/>
                <ci> kd_1 </ci>
                <ci> Cdc14n_1 </ci>
              </apply>
            </apply>
            <apply>
              <minus/>
              <apply>
                <plus/>
                <ci> Jnet_1 </ci>
                <ci> Net1T_1 </ci>
              </apply>
              <ci> Net1dep_1 </ci>
            </apply>
          </apply>
        </math>
            </assignmentRule>
      <assignmentRule metaid="metaid_0000209" variable="Vp_1">
        <math xmlns="http://www.w3.org/1998/Math/MathML">        
          <apply>
            <divide/>
            <apply>
              <plus/>
              <apply>
                <times/>
                <ci> kp_3 </ci>
                <ci> Clb2_2 </ci>
              </apply>
              <apply>
                <times/>
                <ci> kp_4 </ci>
                <ci> MEN_1 </ci>
              </apply>
            </apply>
            <apply>
              <plus/>
              <ci> Jnet_1 </ci>
              <ci> Net1dep_1 </ci>
            </apply>
          </apply>
        </math>
            </assignmentRule>
      <assignmentRule metaid="metaid_0000210" variable="Vexp_1">
        <math xmlns="http://www.w3.org/1998/Math/MathML">        
          <apply>
            <plus/>
            <ci> kexp_1 </ci>
            <apply>
              <times/>
              <ci> kexp_2 </ci>
              <ci> MEN_1 </ci>
            </apply>
          </apply>
        </math>
            </assignmentRule>
      <rateRule metaid="metaid_0000211" variable="Clb2T_1">
        <math xmlns="http://www.w3.org/1998/Math/MathML">        
          <apply>
            <minus/>
            <apply>
              <plus/>
              <ci> ksclb2_1 </ci>
              <apply>
                <times/>
                <ci> ksclb2_2 </ci>
                <ci> Mcm_1 </ci>
              </apply>
            </apply>
            <apply>
              <times/>
              <ci> V2_1 </ci>
              <ci> Clb2T_1 </ci>
            </apply>
          </apply>
        </math>
            </rateRule>
      <rateRule metaid="metaid_0000212" variable="Clb5T_1">
        <math xmlns="http://www.w3.org/1998/Math/MathML">        
          <apply>
            <minus/>
            <apply>
              <plus/>
              <ci> ksclb5_2 </ci>
              <apply>
                <times/>
                <ci> ksclb5_1 </ci>
                <ci> MBF_1 </ci>
              </apply>
            </apply>
            <apply>
              <times/>
              <ci> V6_1 </ci>
              <ci> Clb5T_1 </ci>
            </apply>
          </apply>
        </math>
            </rateRule>
      <rateRule metaid="metaid_0000213" variable="Cln_1">
        <math xmlns="http://www.w3.org/1998/Math/MathML">        
          <apply>
            <minus/>
            <apply>
              <plus/>
              <ci> kscln_2 </ci>
              <apply>
                <times/>
                <ci> kscln_1 </ci>
                <ci> MBF_1 </ci>
              </apply>
            </apply>
            <apply>
              <times/>
              <ci> kdcln_1 </ci>
              <ci> Cln_1 </ci>
            </apply>
          </apply>
        </math>
            </rateRule>
      <rateRule metaid="metaid_0000215" variable="Cdc20_1">
        <math xmlns="http://www.w3.org/1998/Math/MathML">        
          <apply>
            <minus/>
            <apply>
              <plus/>
              <ci> ks20_2 </ci>
              <apply>
                <times/>
                <ci> ks20_1 </ci>
                <ci> Mcm_1 </ci>
              </apply>
            </apply>
            <apply>
              <times/>
              <apply>
                <plus/>
                <ci> kd20_1 </ci>
                <apply>
                  <times/>
                  <ci> kd20_2 </ci>
                  <ci> Cdh1_1 </ci>
                </apply>
              </apply>
              <ci> Cdc20_1 </ci>
            </apply>
          </apply>
        </math>
            </rateRule>
      <rateRule metaid="metaid_0000216" variable="Cdh1_1">
        <math xmlns="http://www.w3.org/1998/Math/MathML">        
          <apply>
            <minus/>
            <apply>
              <divide/>
              <apply>
                <times/>
                <ci> Vacdh_1 </ci>
                <apply>
                  <minus/>
                  <cn type="integer"> 1 </cn>
                  <ci> Cdh1_1 </ci>
                </apply>
              </apply>
              <apply>
                <minus/>
                <apply>
                  <plus/>
                  <ci> Jcdh_1 </ci>
                  <cn type="integer"> 1 </cn>
                </apply>
                <ci> Cdh1_1 </ci>
              </apply>
            </apply>
            <apply>
              <divide/>
              <apply>
                <times/>
                <ci> Vicdh_1 </ci>
                <ci> Cdh1_1 </ci>
              </apply>
              <apply>
                <plus/>
                <ci> Jcdh_1 </ci>
                <ci> Cdh1_1 </ci>
              </apply>
            </apply>
          </apply>
        </math>
            </rateRule>
      <rateRule metaid="metaid_0000217" variable="Sic1T_1">
        <math xmlns="http://www.w3.org/1998/Math/MathML">        
          <apply>
            <minus/>
            <apply>
              <plus/>
              <ci> kssic_2 </ci>
              <apply>
                <times/>
                <ci> kssic_1 </ci>
                <ci> Swi5_1 </ci>
              </apply>
            </apply>
            <apply>
              <times/>
              <ci> Vdsic_1 </ci>
              <ci> Sic1T_1 </ci>
            </apply>
          </apply>
        </math>
            </rateRule>
      <rateRule metaid="metaid_0000218" variable="Trim2_1">
        <math xmlns="http://www.w3.org/1998/Math/MathML">        
          <apply>
            <minus/>
            <apply>
              <times/>
              <ci> kasic2_1 </ci>
              <ci> Clb2_2 </ci>
              <ci> Sic1_1 </ci>
            </apply>
            <apply>
              <times/>
              <apply>
                <plus/>
                <ci> kdsic2_1 </ci>
                <ci> V2_1 </ci>
                <ci> Vdsic_1 </ci>
              </apply>
              <ci> Trim2_1 </ci>
            </apply>
          </apply>
        </math>
            </rateRule>
      <rateRule metaid="metaid_0000219" variable="Trim5_1">
        <math xmlns="http://www.w3.org/1998/Math/MathML">        
          <apply>
            <minus/>
            <apply>
              <times/>
              <ci> kasic5_1 </ci>
              <ci> Clb5_1 </ci>
              <ci> Sic1_1 </ci>
            </apply>
            <apply>
              <times/>
              <apply>
                <plus/>
                <ci> kdsic5_1 </ci>
                <ci> V6_1 </ci>
                <ci> Vdsic_1 </ci>
              </apply>
              <ci> Trim5_1 </ci>
            </apply>
          </apply>
        </math>
            </rateRule>
      <rateRule metaid="metaid_0000220" variable="Swi5_1">
        <math xmlns="http://www.w3.org/1998/Math/MathML">        
          <apply>
            <minus/>
            <apply>
              <divide/>
              <apply>
                <times/>
                <ci> Vaswi_1 </ci>
                <apply>
                  <minus/>
                  <ci> Swi5T_1 </ci>
                  <ci> Swi5_1 </ci>
                </apply>
              </apply>
              <apply>
                <minus/>
                <apply>
                  <plus/>
                  <ci> Jswi_1 </ci>
                  <ci> Swi5T_1 </ci>
                </apply>
                <ci> Swi5_1 </ci>
              </apply>
            </apply>
            <apply>
              <divide/>
              <apply>
                <times/>
                <ci> Viswi_1 </ci>
                <ci> Swi5_1 </ci>
              </apply>
              <apply>
                <plus/>
                <ci> Jswi_1 </ci>
                <ci> Swi5_1 </ci>
              </apply>
            </apply>
          </apply>
        </math>
            </rateRule>
      <rateRule metaid="metaid_0000222" variable="Mcm_1">
        <math xmlns="http://www.w3.org/1998/Math/MathML">        
          <apply>
            <minus/>
            <apply>
              <divide/>
              <apply>
                <times/>
                <apply>
                  <plus/>
                  <ci> ksmcm_3 </ci>
                  <apply>
                    <times/>
                    <ci> ksmcm_1 </ci>
                    <ci> Clb2_2 </ci>
                  </apply>
                </apply>
                <apply>
                  <minus/>
                  <cn type="integer"> 1 </cn>
                  <ci> Mcm_1 </ci>
                </apply>
              </apply>
              <apply>
                <minus/>
                <apply>
                  <plus/>
                  <ci> Jmcm_1 </ci>
                  <cn type="integer"> 1 </cn>
                </apply>
                <ci> Mcm_1 </ci>
              </apply>
            </apply>
            <apply>
              <divide/>
              <apply>
                <times/>
                <ci> kdmcm_1 </ci>
                <ci> Mcm_1 </ci>
              </apply>
              <apply>
                <plus/>
                <ci> Jmcm_1 </ci>
                <ci> Mcm_1 </ci>
              </apply>
            </apply>
          </apply>
        </math>
            </rateRule>
      <rateRule metaid="metaid_0000223" variable="MBF_1">
        <math xmlns="http://www.w3.org/1998/Math/MathML">        
          <apply>
            <minus/>
            <apply>
              <divide/>
              <apply>
                <times/>
                <ci> kambf_1 </ci>
                <apply>
                  <minus/>
                  <cn type="integer"> 1 </cn>
                  <ci> MBF_1 </ci>
                </apply>
              </apply>
              <apply>
                <minus/>
                <apply>
                  <plus/>
                  <ci> Jmbf_1 </ci>
                  <cn type="integer"> 1 </cn>
                </apply>
                <ci> MBF_1 </ci>
              </apply>
            </apply>
            <apply>
              <divide/>
              <apply>
                <times/>
                <apply>
                  <plus/>
                  <apply>
                    <times/>
                    <ci> kimbf_1 </ci>
                    <ci> Clb2_2 </ci>
                  </apply>
                  <apply>
                    <times/>
                    <ci> kimbf_3 </ci>
                    <ci> Clb5_1 </ci>
                  </apply>
                </apply>
                <ci> MBF_1 </ci>
              </apply>
              <apply>
                <plus/>
                <ci> Jmbf_1 </ci>
                <ci> MBF_1 </ci>
              </apply>
            </apply>
          </apply>
        </math>
            </rateRule>
      <rateRule metaid="metaid_0000224" variable="Pds1T_1">
        <math xmlns="http://www.w3.org/1998/Math/MathML">        
          <apply>
            <minus/>
            <apply>
              <plus/>
              <ci> kspds_2 </ci>
              <apply>
                <times/>
                <ci> kspds_1 </ci>
                <ci> MBF_1 </ci>
              </apply>
            </apply>
            <apply>
              <times/>
              <apply>
                <plus/>
                <ci> kdpds_1 </ci>
                <apply>
                  <times/>
                  <ci> kdpds_2 </ci>
                  <ci> Cdc20_1 </ci>
                </apply>
              </apply>
              <ci> Pds1T_1 </ci>
            </apply>
          </apply>
        </math>
            </rateRule>
      <rateRule metaid="metaid_0000225" variable="Esp1T_1">
        <math xmlns="http://www.w3.org/1998/Math/MathML">        
          <apply>
            <minus/>
            <ci> ksesp_1 </ci>
            <apply>
              <times/>
              <ci> kdesp_1 </ci>
              <ci> Esp1T_1 </ci>
            </apply>
          </apply>
        </math>
            </rateRule>
      <rateRule metaid="metaid_0000226" variable="Esp1b_1">
        <math xmlns="http://www.w3.org/1998/Math/MathML">        
          <apply>
            <minus/>
            <apply>
              <times/>
              <ci> lapds_1 </ci>
              <ci> Pds1_1 </ci>
              <ci> Esp1_1 </ci>
            </apply>
            <apply>
              <times/>
              <apply>
                <plus/>
                <ci> ldpds_1 </ci>
                <ci> kdesp_1 </ci>
                <ci> kdpds_1 </ci>
                <apply>
                  <times/>
                  <ci> kdpds_2 </ci>
                  <ci> Cdc20_1 </ci>
                </apply>
              </apply>
              <ci> Esp1b_1 </ci>
            </apply>
          </apply>
        </math>
            </rateRule>
      <rateRule metaid="metaid_0000227" variable="PoloT_1">
        <math xmlns="http://www.w3.org/1998/Math/MathML">        
          <apply>
            <minus/>
            <apply>
              <plus/>
              <ci> kspolo_2 </ci>
              <apply>
                <times/>
                <ci> kspolo_1 </ci>
                <ci> Mcm_1 </ci>
              </apply>
            </apply>
            <apply>
              <times/>
              <apply>
                <plus/>
                <ci> kdpolo_1 </ci>
                <apply>
                  <times/>
                  <ci> kdpolo_2 </ci>
                  <ci> Cdh1_1 </ci>
                </apply>
              </apply>
              <ci> PoloT_1 </ci>
            </apply>
          </apply>
        </math>
            </rateRule>
      <rateRule metaid="metaid_0000228" variable="Polo_1">
        <math xmlns="http://www.w3.org/1998/Math/MathML">        
          <apply>
            <minus/>
            <apply>
              <minus/>
              <apply>
                <divide/>
                <apply>
                  <times/>
                  <apply>
                    <plus/>
                    <ci> kapolo_1 </ci>
                    <apply>
                      <times/>
                      <ci> kapolo_2 </ci>
                      <ci> Clb2_2 </ci>
                    </apply>
                  </apply>
                  <apply>
                    <minus/>
                    <ci> PoloT_1 </ci>
                    <ci> Polo_1 </ci>
                  </apply>
                </apply>
                <apply>
                  <minus/>
                  <apply>
                    <plus/>
                    <ci> Jpolo_1 </ci>
                    <ci> PoloT_1 </ci>
                  </apply>
                  <ci> Polo_1 </ci>
                </apply>
              </apply>
              <apply>
                <divide/>
                <apply>
                  <times/>
                  <ci> kipolo_1 </ci>
                  <ci> Polo_1 </ci>
                </apply>
                <apply>
                  <plus/>
                  <ci> Jpolo_1 </ci>
                  <ci> Polo_1 </ci>
                </apply>
              </apply>
            </apply>
            <apply>
              <times/>
              <apply>
                <plus/>
                <ci> kdpolo_1 </ci>
                <apply>
                  <times/>
                  <ci> kdpolo_2 </ci>
                  <ci> Cdh1_1 </ci>
                </apply>
              </apply>
              <ci> Polo_1 </ci>
            </apply>
          </apply>
        </math>
            </rateRule>
      <rateRule metaid="metaid_0000229" variable="Net1dep_1">
        <math xmlns="http://www.w3.org/1998/Math/MathML">        
          <apply>
            <minus/>
            <apply>
              <times/>
              <ci> Vd_1 </ci>
              <apply>
                <minus/>
                <ci> Net1T_1 </ci>
                <ci> Net1dep_1 </ci>
              </apply>
            </apply>
            <apply>
              <times/>
              <ci> Vp_1 </ci>
              <ci> Net1dep_1 </ci>
            </apply>
          </apply>
        </math>
            </rateRule>
      <rateRule metaid="metaid_0000230" variable="Net1pp_1">
        <math xmlns="http://www.w3.org/1998/Math/MathML">        
          <apply>
            <minus/>
            <apply>
              <times/>
              <ci> kp_1 </ci>
              <ci> Polo_1 </ci>
              <apply>
                <minus/>
                <apply>
                  <minus/>
                  <ci> Net1T_1 </ci>
                  <ci> Net1dep_1 </ci>
                </apply>
                <ci> Net1pp_1 </ci>
              </apply>
            </apply>
            <apply>
              <times/>
              <ci> Vd_1 </ci>
              <ci> Net1pp_1 </ci>
            </apply>
          </apply>
        </math>
            </rateRule>
      <rateRule metaid="metaid_0000231" variable="RENT_1">
        <math xmlns="http://www.w3.org/1998/Math/MathML">        
          <apply>
            <minus/>
            <apply>
              <minus/>
              <apply>
                <times/>
                <ci> lanet_1 </ci>
                <apply>
                  <minus/>
                  <apply>
                    <minus/>
                    <ci> Net1T_1 </ci>
                    <ci> Net1pp_1 </ci>
                  </apply>
                  <ci> RENT_1 </ci>
                </apply>
                <ci> Cdc14n_1 </ci>
              </apply>
              <apply>
                <times/>
                <ci> ldnet_1 </ci>
                <ci> RENT_1 </ci>
              </apply>
            </apply>
            <apply>
              <times/>
              <ci> kp_1 </ci>
              <ci> Polo_1 </ci>
              <ci> RENTp_1 </ci>
            </apply>
          </apply>
        </math>
            </rateRule>
      <rateRule metaid="metaid_0000232" variable="RENTp_1">
        <math xmlns="http://www.w3.org/1998/Math/MathML">        
          <apply>
            <minus/>
            <apply>
              <minus/>
              <apply>
                <plus/>
                <apply>
                  <minus/>
                  <apply>
                    <times/>
                    <ci> Vp_1 </ci>
                    <apply>
                      <minus/>
                      <ci> RENT_1 </ci>
                      <ci> RENTp_1 </ci>
                    </apply>
                  </apply>
                  <apply>
                    <times/>
                    <ci> Vd_1 </ci>
                    <ci> RENTp_1 </ci>
                  </apply>
                </apply>
                <apply>
                  <times/>
                  <ci> lanet_1 </ci>
                  <apply>
                    <minus/>
                    <apply>
                      <minus/>
                      <apply>
                        <minus/>
                        <ci> Net1T_1 </ci>
                        <ci> Net1dep_1 </ci>
                      </apply>
                      <ci> Net1pp_1 </ci>
                    </apply>
                    <ci> RENTp_1 </ci>
                  </apply>
                  <ci> Cdc14n_1 </ci>
                </apply>
              </apply>
              <apply>
                <times/>
                <ci> ldnet_1 </ci>
                <ci> RENTp_1 </ci>
              </apply>
            </apply>
            <apply>
              <times/>
              <ci> kp_1 </ci>
              <ci> Polo_1 </ci>
              <ci> RENTp_1 </ci>
            </apply>
          </apply>
        </math>
            </rateRule>
      <rateRule metaid="metaid_0000233" variable="Cdc14n_1">
        <math xmlns="http://www.w3.org/1998/Math/MathML">        
          <apply>
            <plus/>
            <apply>
              <minus/>
              <apply>
                <plus/>
                <apply>
                  <minus/>
                  <apply>
                    <times/>
                    <ci> kp_1 </ci>
                    <ci> Polo_1 </ci>
                    <ci> RENTp_1 </ci>
                  </apply>
                  <apply>
                    <times/>
                    <ci> lanet_1 </ci>
                    <apply>
                      <minus/>
                      <apply>
                        <minus/>
                        <ci> Net1T_1 </ci>
                        <ci> Net1pp_1 </ci>
                      </apply>
                      <ci> RENT_1 </ci>
                    </apply>
                    <ci> Cdc14n_1 </ci>
                  </apply>
                </apply>
                <apply>
                  <times/>
                  <ci> ldnet_1 </ci>
                  <ci> RENT_1 </ci>
                </apply>
              </apply>
              <apply>
                <times/>
                <ci> Vexp_1 </ci>
                <ci> Cdc14n_1 </ci>
              </apply>
            </apply>
            <apply>
              <times/>
              <ci> kimp_1 </ci>
              <ci> Cdc14c_1 </ci>
            </apply>
          </apply>
        </math>
            </rateRule>
      <rateRule metaid="metaid_0000234" variable="Tem1_1">
        <math xmlns="http://www.w3.org/1998/Math/MathML">        
          <apply>
            <minus/>
            <apply>
              <divide/>
              <apply>
                <times/>
                <apply>
                  <plus/>
                  <ci> katem_1 </ci>
                  <apply>
                    <times/>
                    <ci> katem_2 </ci>
                    <ci> Polo_1 </ci>
                  </apply>
                </apply>
                <apply>
                  <minus/>
                  <cn type="integer"> 1 </cn>
                  <ci> Tem1_1 </ci>
                </apply>
              </apply>
              <apply>
                <minus/>
                <apply>
                  <plus/>
                  <ci> Jtem1_1 </ci>
                  <cn type="integer"> 1 </cn>
                </apply>
                <ci> Tem1_1 </ci>
              </apply>
            </apply>
            <apply>
              <times/>
              <apply>
                <divide/>
                <apply>
                  <plus/>
                  <ci> kitem_3 </ci>
                  <apply>
                    <divide/>
                    <ci> kitem_2 </ci>
                    <apply>
                      <plus/>
                      <cn type="integer"> 1 </cn>
                      <apply>
                        <times/>
                        <ci> kitem_1 </ci>
                        <ci> Esp1_1 </ci>
                      </apply>
                    </apply>
                  </apply>
                </apply>
                <apply>
                  <plus/>
                  <ci> Jtem1_1 </ci>
                  <ci> Tem1_1 </ci>
                </apply>
              </apply>
              <ci> Tem1_1 </ci>
            </apply>
          </apply>
        </math>
            </rateRule>
      <rateRule metaid="metaid_0000235" variable="Cdc15_1">
        <math xmlns="http://www.w3.org/1998/Math/MathML">        
          <apply>
            <minus/>
            <apply>
              <divide/>
              <apply>
                <times/>
                <apply>
                  <plus/>
                  <ci> kac15_1 </ci>
                  <apply>
                    <times/>
                    <ci> kac15_2 </ci>
                    <ci> Cdc14c_1 </ci>
                  </apply>
                </apply>
                <apply>
                  <minus/>
                  <cn type="integer"> 1 </cn>
                  <ci> Cdc15_1 </ci>
                </apply>
              </apply>
              <apply>
                <minus/>
                <apply>
                  <plus/>
                  <ci> Jcdc15_1 </ci>
                  <cn type="integer"> 1 </cn>
                </apply>
                <ci> Cdc15_1 </ci>
              </apply>
            </apply>
            <apply>
              <divide/>
              <apply>
                <times/>
                <apply>
                  <plus/>
                  <ci> kic15_1 </ci>
                  <apply>
                    <times/>
                    <ci> kic15_2 </ci>
                    <ci> Clb2_2 </ci>
                  </apply>
                </apply>
                <ci> Cdc15_1 </ci>
              </apply>
              <apply>
                <plus/>
                <ci> Jcdc15_1 </ci>
                <ci> Cdc15_1 </ci>
              </apply>
            </apply>
          </apply>
        </math>
            </rateRule>
      <rateRule metaid="metaid_0000236" variable="MEN_1">
        <math xmlns="http://www.w3.org/1998/Math/MathML">        
          <apply>
            <minus/>
            <apply>
              <minus/>
              <apply>
                <minus/>
                <apply>
                  <times/>
                  <ci> lamen_1 </ci>
                  <apply>
                    <minus/>
                    <ci> Tem1_1 </ci>
                    <ci> MEN_1 </ci>
                  </apply>
                  <apply>
                    <minus/>
                    <ci> Cdc15_1 </ci>
                    <ci> MEN_1 </ci>
                  </apply>
                </apply>
                <apply>
                  <times/>
                  <ci> ldmen_1 </ci>
                  <ci> MEN_1 </ci>
                </apply>
              </apply>
              <apply>
                <times/>
                <apply>
                  <divide/>
                  <apply>
                    <plus/>
                    <ci> kitem_3 </ci>
                    <apply>
                      <divide/>
                      <ci> kitem_2 </ci>
                      <apply>
                        <plus/>
                        <cn type="integer"> 1 </cn>
                        <apply>
                          <times/>
                          <ci> kitem_3 </ci>
                          <ci> Esp1_1 </ci>
                        </apply>
                      </apply>
                    </apply>
                  </apply>
                  <apply>
                    <plus/>
                    <ci> Jtem1_1 </ci>
                    <ci> Tem1_1 </ci>
                  </apply>
                </apply>
                <ci> MEN_1 </ci>
              </apply>
            </apply>
            <apply>
              <times/>
              <apply>
                <divide/>
                <apply>
                  <plus/>
                  <ci> kic15_1 </ci>
                  <apply>
                    <times/>
                    <ci> kic15_2 </ci>
                    <ci> Clb2_2 </ci>
                  </apply>
                </apply>
                <apply>
                  <plus/>
                  <ci> Jcdc15_1 </ci>
                  <ci> Cdc15_1 </ci>
                </apply>
              </apply>
              <ci> MEN_1 </ci>
            </apply>
          </apply>
        </math>
            </rateRule>
    </listOfRules>
  </model>
</sbml>