<?xml version='1.0' encoding='UTF-8' standalone='no'?>
<sbml xmlns="http://www.sbml.org/sbml/level2" level="2" metaid="metaid_0000001" version="1">
  <model id="model_0000001" metaid="metaid_0000002" name="Golomb2006_SomaticBursting">
    <notes>
      <body xmlns="http://www.w3.org/1999/xhtml">
        <p>Model is according to the paper      <i>Contribution of Persistent Na+ Current and M-Type K+ Current to Somatic Bursting in CA1 Pyramidal Cell: Combined Experimental. Figure6Da has been reproduced by MathSBML. The original model from ModelDB.</i>
          http://senselab.med.yale.edu/modeldb/      </p>
            <br/>
            <p>To the extent possible under law, all copyright and related or neighbouring rights to this encoded model have been dedicated to the public domain worldwide. Please refer to      <a href="http://creativecommons.org/publicdomain/zero/1.0/" title="Creative Commons CC0">CC0 Public Domain Dedication</a>
          for more information.      </p>
            <p>In summary, you are entitled to use this encoded model in absolutely any manner you deem suitable, verbatim, or with modification, alone or embedded it in a larger context, redistribute it, commercially or not, in a restricted way or not.</p>
            <br/>
            <p>To cite BioModels Database, please use:      <a href="http://www.ncbi.nlm.nih.gov/pubmed/20587024" target="_blank">Li C, Donizelli M, Rodriguez N, Dharuri H, Endler L, Chelliah V, Li L, He E, Henry A, Stefan MI, Snoep JL, Hucka M, Le Novère N, Laibe C (2010) BioModels Database: An enhanced, curated and annotated resource for published quantitative kinetic models. BMC Syst Biol., 4:92.</a>
                </p>
            </body>
      
    </notes>
    <annotation>
      <rdf:RDF xmlns:rdf="http://www.w3.org/1999/02/22-rdf-syntax-ns#" xmlns:bqmodel="http://biomodels.net/model-qualifiers/" xmlns:vCard="http://www.w3.org/2001/vcard-rdf/3.0#" xmlns:dc="http://purl.org/dc/elements/1.1/" xmlns:dcterms="http://purl.org/dc/terms/" xmlns:bqbiol="http://biomodels.net/biology-qualifiers/">
        <rdf:Description rdf:about="#metaid_0000002">
	<dc:creator>
	<rdf:Bag>
	<rdf:li rdf:parseType="Resource">
	<vCard:N rdf:parseType="Resource">
	<vCard:Family>He</vCard:Family>
	<vCard:Given>Enuo</vCard:Given>
	</vCard:N>
	<vCard:EMAIL>enuo@caltech.edu</vCard:EMAIL>
	<vCard:ORG rdf:parseType="Resource">
	<vCard:Orgname>BNMC</vCard:Orgname>
	</vCard:ORG>
	</rdf:li>
	</rdf:Bag>
	</dc:creator>
	<dcterms:created rdf:parseType="Resource">
	<dcterms:W3CDTF>2007-06-06T14:28:40Z</dcterms:W3CDTF>
	</dcterms:created>
	<dcterms:modified rdf:parseType="Resource">
	<dcterms:W3CDTF>2012-07-05T16:50:21Z</dcterms:W3CDTF>
	</dcterms:modified>
	<bqmodel:is>
	<rdf:Bag>
	<rdf:li rdf:resource="http://identifiers.org/biomodels.db/MODEL1243247625"/>
	</rdf:Bag>
	</bqmodel:is>
	<bqmodel:is>
	<rdf:Bag>
	<rdf:li rdf:resource="http://identifiers.org/biomodels.db/BIOMD0000000118"/>
	</rdf:Bag>
	</bqmodel:is>
	<bqmodel:isDescribedBy>
	<rdf:Bag>
	<rdf:li rdf:resource="http://identifiers.org/pubmed/16807352"/>
	</rdf:Bag>
	</bqmodel:isDescribedBy>
	<bqbiol:hasTaxon>
	<rdf:Bag>
	<rdf:li rdf:resource="http://identifiers.org/taxonomy/10114"/>
	</rdf:Bag>
	</bqbiol:hasTaxon>
	<bqbiol:isVersionOf>
	<rdf:Bag>
	<rdf:li rdf:resource="http://identifiers.org/obo.go/GO:0019227"/>
	<rdf:li rdf:resource="http://identifiers.org/obo.go/GO:0005248"/>
	<rdf:li rdf:resource="http://identifiers.org/obo.go/GO:0005249"/>
	</rdf:Bag>
	</bqbiol:isVersionOf>
	</rdf:Description>
	
      </rdf:RDF>
    </annotation>
      <listOfFunctionDefinitions>
      <functionDefinition id="GAMMAF" metaid="metaid_0000037">
        <math xmlns="http://www.w3.org/1998/Math/MathML">        
          <lambda>
            <bvar>
              <ci> VV </ci>
            </bvar>
            <bvar>
              <ci> theta </ci>
            </bvar>
            <bvar>
              <ci> sigma </ci>
            </bvar>
            <apply>
              <divide/>
              <cn> 1 </cn>
              <apply>
                <plus/>
                <cn> 1 </cn>
                <apply>
                  <exp/>
                  <apply>
                    <divide/>
                    <apply>
                      <minus/>
                      <apply>
                        <minus/>
                        <ci> VV </ci>
                        <ci> theta </ci>
                      </apply>
                    </apply>
                    <ci> sigma </ci>
                  </apply>
                </apply>
              </apply>
            </apply>
          </lambda>
        </math>
            </functionDefinition>
    </listOfFunctionDefinitions>
    <listOfUnitDefinitions>
      <unitDefinition id="time" metaid="metaid_0000066" name="ms">
        <listOfUnits>
          <unit kind="second" metaid="_415169" scale="-3"/>
        </listOfUnits>
      </unitDefinition>
      <unitDefinition id="mV" metaid="metaid_0000065">
        <listOfUnits>
          <unit kind="volt" metaid="_415181" scale="-3"/>
        </listOfUnits>
      </unitDefinition>
    </listOfUnitDefinitions>
    <listOfCompartments>
      <compartment id="compartment_0000001" metaid="metaid_0000003" size="1">
        <annotation>
          <rdf:RDF xmlns:rdf="http://www.w3.org/1999/02/22-rdf-syntax-ns#" xmlns:bqmodel="http://biomodels.net/model-qualifiers/" xmlns:bqbiol="http://biomodels.net/biology-qualifiers/">
            <rdf:Description rdf:about="#metaid_0000003">
	<bqbiol:isVersionOf>
	<rdf:Bag>
	<rdf:li rdf:resource="http://identifiers.org/obo.go/GO:0005623"/>
	</rdf:Bag>
	</bqbiol:isVersionOf>
	</rdf:Description>
	
          </rdf:RDF>
        </annotation>
            </compartment>
    </listOfCompartments>
    <listOfParameters>
      <parameter id="Cm" metaid="metaid_0000004" value="1"/>
      <parameter id="pms" metaid="metaid_0000005" value="3"/>
      <parameter id="pns" metaid="metaid_0000006" value="4"/>
      <parameter id="VNa" metaid="metaid_0000007" value="55"/>
      <parameter id="t_tauh" metaid="metaid_0000008" value="-40.5"/>
      <parameter id="t_taun" metaid="metaid_0000009" value="-27"/>
      <parameter id="thetaa" metaid="metaid_0000010" value="-50"/>
      <parameter id="sigmaa" metaid="metaid_0000011" value="20"/>
      <parameter id="thetab" metaid="metaid_0000012" value="-80"/>
      <parameter id="sigmab" metaid="metaid_0000013" value="-6"/>
      <parameter id="tauBs" metaid="metaid_0000014" value="15"/>
      <parameter id="sigmam" metaid="metaid_0000015" value="9.5"/>
      <parameter id="sigmah" metaid="metaid_0000016" value="-7"/>
      <parameter id="sigman" metaid="metaid_0000017" value="10"/>
      <parameter id="sigmaz" metaid="metaid_0000018" value="5"/>
      <parameter id="gNa" metaid="metaid_0000020" value="35"/>
      <parameter id="gKdr" metaid="metaid_0000021" value="6"/>
      <parameter id="gL" metaid="metaid_0000022" value="0.05"/>
      <parameter id="Iapp" metaid="metaid_0000023" value="0.661914"/>
      <parameter id="gA" metaid="metaid_0000024" value="1.4"/>
      <parameter id="gNaP" metaid="metaid_0000025" value="0.3"/>
      <parameter id="gZ" metaid="metaid_0000026" value="1"/>
      <parameter id="thetaz" metaid="metaid_0000027" value="-39"/>
      <parameter id="tauZs" metaid="metaid_0000028" value="75"/>
      <parameter id="phi" metaid="metaid_0000029" value="10"/>
      <parameter id="thetah" metaid="metaid_0000030" value="-45"/>
      <parameter id="thetam" metaid="metaid_0000031" value="-30"/>
      <parameter id="thetan" metaid="metaid_0000032" value="-35"/>
      <parameter id="thetap" metaid="metaid_0000033" value="-47"/>
      <parameter id="sigmap" metaid="metaid_0000034" value="3"/>
      <parameter id="VK" metaid="metaid_0000035" value="-90"/>
      <parameter id="VL" metaid="metaid_0000036" value="-70"/>
      <parameter constant="false" id="INa" metaid="metaid_0000044"/>
      <parameter constant="false" id="INaP" metaid="metaid_0000045"/>
      <parameter constant="false" id="IKdr" metaid="metaid_0000046"/>
      <parameter constant="false" id="IA" metaid="metaid_0000047"/>
      <parameter constant="false" id="Iz" metaid="metaid_0000048"/>
      <parameter constant="false" id="Minfs" metaid="metaid_0000050"/>
      <parameter constant="false" id="Pinfs" metaid="metaid_0000051"/>
      <parameter constant="false" id="Ainfs" metaid="metaid_0000052"/>
      <parameter constant="false" id="zzs" metaid="metaid_0000070" value="0.00141"/>
      <parameter constant="false" id="bbs" metaid="metaid_0000072" value="0.203517"/>
      <parameter constant="false" id="nns" metaid="metaid_0000074" value="0.02457"/>
      <parameter constant="false" id="hhs" metaid="metaid_0000075" value="0.98786"/>
      <parameter constant="false" id="V" metaid="metaid_0000077" name="VVs" value="-71.81327"/>
    </listOfParameters>
    <listOfRules>
      <assignmentRule metaid="metaid_0000049" variable="Minfs">
        <math xmlns="http://www.w3.org/1998/Math/MathML">        
          <apply>
            <ci> GAMMAF </ci>
            <ci> V </ci>
            <ci> thetam </ci>
            <ci> sigmam </ci>
          </apply>
        </math>
            </assignmentRule>
      <assignmentRule metaid="metaid_0000053" variable="Pinfs">
        <math xmlns="http://www.w3.org/1998/Math/MathML">        
          <apply>
            <ci> GAMMAF </ci>
            <ci> V </ci>
            <ci> thetap </ci>
            <ci> sigmap </ci>
          </apply>
        </math>
            </assignmentRule>
      <assignmentRule metaid="metaid_0000054" variable="Ainfs">
        <math xmlns="http://www.w3.org/1998/Math/MathML">        
          <apply>
            <ci> GAMMAF </ci>
            <ci> V </ci>
            <ci> thetaa </ci>
            <ci> sigmaa </ci>
          </apply>
        </math>
            </assignmentRule>
      <assignmentRule metaid="metaid_0000055" variable="IA">
        <math xmlns="http://www.w3.org/1998/Math/MathML">        
          <apply>
            <times/>
            <ci> gA </ci>
            <apply>
              <power/>
              <ci> Ainfs </ci>
              <cn type="integer"> 3 </cn>
            </apply>
            <ci> bbs </ci>
            <apply>
              <minus/>
              <ci> V </ci>
              <ci> VK </ci>
            </apply>
          </apply>
        </math>
            </assignmentRule>
      <assignmentRule metaid="metaid_0000056" variable="Iz">
        <math xmlns="http://www.w3.org/1998/Math/MathML">        
          <apply>
            <times/>
            <ci> gZ </ci>
            <ci> zzs </ci>
            <apply>
              <minus/>
              <ci> V </ci>
              <ci> VK </ci>
            </apply>
          </apply>
        </math>
            </assignmentRule>
      <assignmentRule metaid="metaid_0000057" variable="INa">
        <math xmlns="http://www.w3.org/1998/Math/MathML">        
          <apply>
            <times/>
            <ci> gNa </ci>
            <apply>
              <power/>
              <ci> Minfs </ci>
              <ci> pms </ci>
            </apply>
            <ci> hhs </ci>
            <apply>
              <minus/>
              <ci> V </ci>
              <ci> VNa </ci>
            </apply>
          </apply>
        </math>
            </assignmentRule>
      <assignmentRule metaid="metaid_0000058" variable="INaP">
        <math xmlns="http://www.w3.org/1998/Math/MathML">        
          <apply>
            <times/>
            <ci> gNaP </ci>
            <ci> Pinfs </ci>
            <apply>
              <minus/>
              <ci> V </ci>
              <ci> VNa </ci>
            </apply>
          </apply>
        </math>
            </assignmentRule>
      <assignmentRule metaid="metaid_0000059" variable="IKdr">
        <math xmlns="http://www.w3.org/1998/Math/MathML">        
          <apply>
            <times/>
            <ci> gKdr </ci>
            <apply>
              <power/>
              <ci> nns </ci>
              <ci> pns </ci>
            </apply>
            <apply>
              <minus/>
              <ci> V </ci>
              <ci> VK </ci>
            </apply>
          </apply>
        </math>
            </assignmentRule>
      <rateRule metaid="metaid_0000071" variable="zzs">
        <annotation>
          <rdf:RDF xmlns:rdf="http://www.w3.org/1999/02/22-rdf-syntax-ns#" xmlns:bqmodel="http://biomodels.net/model-qualifiers/" xmlns:bqbiol="http://biomodels.net/biology-qualifiers/">
            <rdf:Description rdf:about="#metaid_0000071">
	<bqbiol:isVersionOf>
	<rdf:Bag>
	<rdf:li rdf:resource="http://identifiers.org/obo.go/GO:0016907"/>
	</rdf:Bag>
	</bqbiol:isVersionOf>
	</rdf:Description>
	
          </rdf:RDF>
        </annotation>
        <math xmlns="http://www.w3.org/1998/Math/MathML">        
          <apply>
            <divide/>
            <apply>
              <minus/>
              <apply>
                <ci> GAMMAF </ci>
                <ci> V </ci>
                <ci> thetaz </ci>
                <ci> sigmaz </ci>
              </apply>
              <ci> zzs </ci>
            </apply>
            <ci> tauZs </ci>
          </apply>
        </math>
            </rateRule>
      <rateRule metaid="metaid_0000073" variable="bbs">
        <annotation>
          <rdf:RDF xmlns:rdf="http://www.w3.org/1999/02/22-rdf-syntax-ns#" xmlns:bqmodel="http://biomodels.net/model-qualifiers/" xmlns:bqbiol="http://biomodels.net/biology-qualifiers/">
            <rdf:Description rdf:about="#metaid_0000073">
	<bqbiol:isVersionOf>
	<rdf:Bag>
	<rdf:li rdf:resource="http://identifiers.org/obo.go/GO:0005249"/>
	</rdf:Bag>
	</bqbiol:isVersionOf>
	</rdf:Description>
	
          </rdf:RDF>
        </annotation>
        <math xmlns="http://www.w3.org/1998/Math/MathML">        
          <apply>
            <divide/>
            <apply>
              <minus/>
              <apply>
                <ci> GAMMAF </ci>
                <ci> V </ci>
                <ci> thetab </ci>
                <ci> sigmab </ci>
              </apply>
              <ci> bbs </ci>
            </apply>
            <ci> tauBs </ci>
          </apply>
        </math>
            </rateRule>
      <rateRule metaid="metaid_0000076" variable="hhs">
        <annotation>
          <rdf:RDF xmlns:rdf="http://www.w3.org/1999/02/22-rdf-syntax-ns#" xmlns:bqmodel="http://biomodels.net/model-qualifiers/" xmlns:bqbiol="http://biomodels.net/biology-qualifiers/">
            <rdf:Description rdf:about="#metaid_0000076">
	<bqbiol:isVersionOf>
	<rdf:Bag>
	<rdf:li rdf:resource="http://identifiers.org/obo.go/GO:0005248"/>
	</rdf:Bag>
	</bqbiol:isVersionOf>
	</rdf:Description>
	
          </rdf:RDF>
        </annotation>
        <math xmlns="http://www.w3.org/1998/Math/MathML">        
          <apply>
            <divide/>
            <apply>
              <times/>
              <ci> phi </ci>
              <apply>
                <minus/>
                <apply>
                  <ci> GAMMAF </ci>
                  <ci> V </ci>
                  <ci> thetah </ci>
                  <ci> sigmah </ci>
                </apply>
                <ci> hhs </ci>
              </apply>
            </apply>
            <apply>
              <plus/>
              <cn type="integer"> 1 </cn>
              <apply>
                <times/>
                <cn> 7.5 </cn>
                <apply>
                  <ci> GAMMAF </ci>
                  <ci> V </ci>
                  <ci> t_tauh </ci>
                  <cn type="integer"> -6 </cn>
                </apply>
              </apply>
            </apply>
          </apply>
        </math>
            </rateRule>
      <rateRule metaid="metaid_0000063" variable="V">
        <annotation>
          <rdf:RDF xmlns:rdf="http://www.w3.org/1999/02/22-rdf-syntax-ns#" xmlns:bqmodel="http://biomodels.net/model-qualifiers/" xmlns:bqbiol="http://biomodels.net/biology-qualifiers/">
            <rdf:Description rdf:about="#metaid_0000063">
	<bqbiol:isVersionOf>
	<rdf:Bag>
	<rdf:li rdf:resource="http://identifiers.org/obo.go/GO:0042391"/>
	</rdf:Bag>
	</bqbiol:isVersionOf>
	</rdf:Description>
	
          </rdf:RDF>
        </annotation>
        <math xmlns="http://www.w3.org/1998/Math/MathML">        
          <apply>
            <divide/>
            <apply>
              <plus/>
              <apply>
                <minus/>
                <apply>
                  <minus/>
                  <apply>
                    <minus/>
                    <apply>
                      <minus/>
                      <apply>
                        <minus/>
                        <apply>
                          <times/>
                          <apply>
                            <minus/>
                            <ci> gL </ci>
                          </apply>
                          <apply>
                            <minus/>
                            <ci> V </ci>
                            <ci> VL </ci>
                          </apply>
                        </apply>
                        <ci> INa </ci>
                      </apply>
                      <ci> INaP </ci>
                    </apply>
                    <ci> IKdr </ci>
                  </apply>
                  <ci> IA </ci>
                </apply>
                <ci> Iz </ci>
              </apply>
              <ci> Iapp </ci>
            </apply>
            <ci> Cm </ci>
          </apply>
        </math>
            </rateRule>
      <rateRule metaid="metaid_0000064" variable="nns">
        <annotation>
          <rdf:RDF xmlns:rdf="http://www.w3.org/1999/02/22-rdf-syntax-ns#" xmlns:bqmodel="http://biomodels.net/model-qualifiers/" xmlns:bqbiol="http://biomodels.net/biology-qualifiers/">
            <rdf:Description rdf:about="#metaid_0000064">
	<bqbiol:isVersionOf>
	<rdf:Bag>
	<rdf:li rdf:resource="http://identifiers.org/obo.go/GO:0005251"/>
	</rdf:Bag>
	</bqbiol:isVersionOf>
	</rdf:Description>
	
          </rdf:RDF>
        </annotation>
        <math xmlns="http://www.w3.org/1998/Math/MathML">        
          <apply>
            <divide/>
            <apply>
              <times/>
              <ci> phi </ci>
              <apply>
                <minus/>
                <apply>
                  <ci> GAMMAF </ci>
                  <ci> V </ci>
                  <ci> thetan </ci>
                  <ci> sigman </ci>
                </apply>
                <ci> nns </ci>
              </apply>
            </apply>
            <apply>
              <plus/>
              <cn> 1 </cn>
              <apply>
                <times/>
                <cn> 5 </cn>
                <apply>
                  <ci> GAMMAF </ci>
                  <ci> V </ci>
                  <ci> t_taun </ci>
                  <cn> -15 </cn>
                </apply>
              </apply>
            </apply>
          </apply>
        </math>
            </rateRule>
    </listOfRules>
  </model>
</sbml>