<?xml version='1.0' encoding='UTF-8' standalone='no'?>
<sbml xmlns="http://www.sbml.org/sbml/level2" level="2" metaid="metaid_0000001" version="1" xmlns:html="http://www.w3.org/1999/xhtml" xmlns:math="http://www.w3.org/1998/Math/MathML" xmlns:sbml="http://www.sbml.org/sbml/level2">
  <model id="Zeilinger2006_PRR7_PRR9_Y" metaid="_150535" name="Zeilinger2006_PRR7-PRR9-Y">
    <notes>
      <body xmlns="http://www.w3.org/1999/xhtml">
        <p>The model reproduces the circadian charecteristics as given in Table 1 for the PRR7-PRR9-Y model. The model makes use of the event section to introduce light at 30 hours. The Zeitgeber (ZT) times for species shown in Table 1 can be reproduced by looking at the time it takes for species to reach peak values after the introduction of light. The model was successfully tested on MathSBML.</p>
            <br/>
            <p>To the extent possible under law, all copyright and related or neighbouring rights to this encoded model have been dedicated to the public domain worldwide. Please refer to      <a href="http://creativecommons.org/publicdomain/zero/1.0/" title="Creative Commons CC0">CC0 Public Domain Dedication</a>
          for more information.      </p>
            <p>In summary, you are entitled to use this encoded model in absolutely any manner you deem suitable, verbatim, or with modification, alone or embedded it in a larger context, redistribute it, commercially or not, in a restricted way or not.</p>
            <br/>
            <p>To cite BioModels Database, please use:      <a href="http://www.ncbi.nlm.nih.gov/pubmed/20587024" target="_blank">Li C, Donizelli M, Rodriguez N, Dharuri H, Endler L, Chelliah V, Li L, He E, Henry A, Stefan MI, Snoep JL, Hucka M, Le Novère N, Laibe C (2010) BioModels Database: An enhanced, curated and annotated resource for published quantitative kinetic models. BMC Syst Biol., 4:92.</a>
                </p>
            </body>
      
    </notes>
    <annotation>
      <rdf:RDF xmlns:rdf="http://www.w3.org/1999/02/22-rdf-syntax-ns#" xmlns:bqmodel="http://biomodels.net/model-qualifiers/" xmlns:vCard="http://www.w3.org/2001/vcard-rdf/3.0#" xmlns:dc="http://purl.org/dc/elements/1.1/" xmlns:dcterms="http://purl.org/dc/terms/" xmlns:bqbiol="http://biomodels.net/biology-qualifiers/">
        <rdf:Description rdf:about="#_150535">
	<dc:creator>
	<rdf:Bag>
	<rdf:li rdf:parseType="Resource">
	<vCard:N rdf:parseType="Resource">
	<vCard:Family>Dharuri</vCard:Family>
	<vCard:Given>Harish</vCard:Given>
	</vCard:N>
	<vCard:EMAIL>hdharuri@cds.caltech.edu</vCard:EMAIL>
	<vCard:ORG rdf:parseType="Resource">
	<vCard:Orgname>California Institute of Technology</vCard:Orgname>
	</vCard:ORG>
	</rdf:li>
	</rdf:Bag>
	</dc:creator>
	<dcterms:created rdf:parseType="Resource">
	<dcterms:W3CDTF>2006-12-11T17:12:31Z</dcterms:W3CDTF>
	</dcterms:created>
	<dcterms:modified rdf:parseType="Resource">
	<dcterms:W3CDTF>2012-07-05T14:39:42Z</dcterms:W3CDTF>
	</dcterms:modified>
	<bqmodel:is>
	<rdf:Bag>
	<rdf:li rdf:resource="http://identifiers.org/biomodels.db/MODEL4025663985"/>
	</rdf:Bag>
	</bqmodel:is>
	<bqmodel:is>
	<rdf:Bag>
	<rdf:li rdf:resource="http://identifiers.org/biomodels.db/BIOMD0000000095"/>
	</rdf:Bag>
	</bqmodel:is>
	<bqmodel:isDescribedBy>
	<rdf:Bag>
	<rdf:li rdf:resource="http://identifiers.org/pubmed/17102803"/>
	</rdf:Bag>
	</bqmodel:isDescribedBy>
	<bqmodel:isDerivedFrom>
	<rdf:Bag>
	<rdf:li rdf:resource="http://identifiers.org/biomodels.db/BIOMD0000000055"/>
	</rdf:Bag>
	</bqmodel:isDerivedFrom>
	<bqbiol:hasTaxon>
	<rdf:Bag>
	<rdf:li rdf:resource="http://identifiers.org/taxonomy/3701"/>
	</rdf:Bag>
	</bqbiol:hasTaxon>
	<bqbiol:is>
	<rdf:Bag>
	<rdf:li rdf:resource="http://identifiers.org/kegg.pathway/ath04710"/>
	<rdf:li rdf:resource="http://identifiers.org/obo.go/GO:0007623"/>
	</rdf:Bag>
	</bqbiol:is>
	</rdf:Description>
	
      </rdf:RDF>
    </annotation>
      <listOfUnitDefinitions>
      <unitDefinition id="substance" metaid="metaid_0000161" name="nanomoles">
        <listOfUnits>
          <unit kind="mole" metaid="_538826" scale="-9"/>
        </listOfUnits>
      </unitDefinition>
      <unitDefinition id="time" metaid="metaid_0000162" name="hour">
        <listOfUnits>
          <unit kind="second" metaid="_538838" multiplier="3600"/>
        </listOfUnits>
      </unitDefinition>
      <unitDefinition id="Hr_inv" metaid="metaid_0000163" name="Hour_inv">
        <listOfUnits>
          <unit exponent="-1" kind="second" metaid="_538850" multiplier="3600"/>
        </listOfUnits>
      </unitDefinition>
      <unitDefinition id="nM" metaid="metaid_0000164" name="nM">
        <listOfUnits>
          <unit kind="mole" metaid="_538863" scale="-9"/>
          <unit exponent="-1" kind="litre" metaid="_538876"/>
        </listOfUnits>
      </unitDefinition>
      <unitDefinition id="nM_per_hour" metaid="metaid_0000165" name="nM_per_hour">
        <listOfUnits>
          <unit kind="mole" metaid="_538888" scale="-9"/>
          <unit exponent="-1" kind="litre" metaid="_538900"/>
          <unit exponent="-1" kind="second" metaid="_538912" multiplier="3600"/>
        </listOfUnits>
      </unitDefinition>
    </listOfUnitDefinitions>
    <listOfCompartments>
      <compartment id="cytoplasm" metaid="_150545" name="cytoplasm" size="1">
        <annotation>
          <rdf:RDF xmlns:rdf="http://www.w3.org/1999/02/22-rdf-syntax-ns#" xmlns:bqmodel="http://biomodels.net/model-qualifiers/" xmlns:bqbiol="http://biomodels.net/biology-qualifiers/">
            <rdf:Description rdf:about="#_150545">
	<bqbiol:is>
	<rdf:Bag>
	<rdf:li rdf:resource="http://identifiers.org/obo.go/GO:0005737"/>
	</rdf:Bag>
	</bqbiol:is>
	</rdf:Description>
	
          </rdf:RDF>
        </annotation>
            </compartment>
      <compartment id="nucleus" metaid="metaid_0000167" name="nucleus" outside="cytoplasm" size="1">
        <annotation>
          <rdf:RDF xmlns:rdf="http://www.w3.org/1999/02/22-rdf-syntax-ns#" xmlns:bqmodel="http://biomodels.net/model-qualifiers/" xmlns:bqbiol="http://biomodels.net/biology-qualifiers/">
            <rdf:Description rdf:about="#metaid_0000167">
	<bqbiol:is>
	<rdf:Bag>
	<rdf:li rdf:resource="http://identifiers.org/obo.go/GO:0005634"/>
	</rdf:Bag>
	</bqbiol:is>
	</rdf:Description>
	
          </rdf:RDF>
        </annotation>
            </compartment>
    </listOfCompartments>
    <listOfSpecies>
      <species compartment="cytoplasm" id="cLc" initialConcentration="6.7846" metaid="_150546" name="cLc">
        <annotation>
          <rdf:RDF xmlns:rdf="http://www.w3.org/1999/02/22-rdf-syntax-ns#" xmlns:bqmodel="http://biomodels.net/model-qualifiers/" xmlns:bqbiol="http://biomodels.net/biology-qualifiers/">
            <rdf:Description rdf:about="#_150546">
	<bqbiol:is>
	<rdf:Bag>
	<rdf:li rdf:resource="http://identifiers.org/uniprot/O81713"/>
	</rdf:Bag>
	</bqbiol:is>
	</rdf:Description>
	
          </rdf:RDF>
        </annotation>
            </species>
      <species compartment="nucleus" id="cLm" initialConcentration="0.8539" metaid="_150565" name="cLm">
        <annotation>
          <rdf:RDF xmlns:rdf="http://www.w3.org/1999/02/22-rdf-syntax-ns#" xmlns:bqmodel="http://biomodels.net/model-qualifiers/" xmlns:bqbiol="http://biomodels.net/biology-qualifiers/">
            <rdf:Description rdf:about="#_150565">
	<bqbiol:isVersionOf>
	<rdf:Bag>
	<rdf:li rdf:resource="http://identifiers.org/obo.chebi/CHEBI:33699"/>
	<rdf:li rdf:resource="http://identifiers.org/kegg.compound/C00046"/>
	</rdf:Bag>
	</bqbiol:isVersionOf>
	</rdf:Description>
	
          </rdf:RDF>
        </annotation>
            </species>
      <species compartment="nucleus" id="cLn" initialConcentration="6.8104" metaid="_150566" name="cLn">
        <annotation>
          <rdf:RDF xmlns:rdf="http://www.w3.org/1999/02/22-rdf-syntax-ns#" xmlns:bqmodel="http://biomodels.net/model-qualifiers/" xmlns:bqbiol="http://biomodels.net/biology-qualifiers/">
            <rdf:Description rdf:about="#_150566">
	<bqbiol:is>
	<rdf:Bag>
	<rdf:li rdf:resource="http://identifiers.org/uniprot/O81713"/>
	</rdf:Bag>
	</bqbiol:is>
	</rdf:Description>
	
          </rdf:RDF>
        </annotation>
            </species>
      <species compartment="cytoplasm" id="cP7c" initialConcentration="20.0554" metaid="_150585" name="cP7c">
        <annotation>
          <rdf:RDF xmlns:rdf="http://www.w3.org/1999/02/22-rdf-syntax-ns#" xmlns:bqmodel="http://biomodels.net/model-qualifiers/" xmlns:bqbiol="http://biomodels.net/biology-qualifiers/">
            <rdf:Description rdf:about="#_150585">
	<bqbiol:is>
	<rdf:Bag>
	<rdf:li rdf:resource="http://identifiers.org/uniprot/Q93WK5"/>
	</rdf:Bag>
	</bqbiol:is>
	</rdf:Description>
	
          </rdf:RDF>
        </annotation>
            </species>
      <species compartment="nucleus" id="cP7m" initialConcentration="4.28" metaid="_150586" name="cP7m">
        <annotation>
          <rdf:RDF xmlns:rdf="http://www.w3.org/1999/02/22-rdf-syntax-ns#" xmlns:bqmodel="http://biomodels.net/model-qualifiers/" xmlns:bqbiol="http://biomodels.net/biology-qualifiers/">
            <rdf:Description rdf:about="#_150586">
	<bqbiol:isVersionOf>
	<rdf:Bag>
	<rdf:li rdf:resource="http://identifiers.org/obo.chebi/CHEBI:33699"/>
	<rdf:li rdf:resource="http://identifiers.org/kegg.compound/C00046"/>
	</rdf:Bag>
	</bqbiol:isVersionOf>
	</rdf:Description>
	
          </rdf:RDF>
        </annotation>
            </species>
      <species compartment="nucleus" id="cP7n" initialConcentration="2.091" metaid="_150605" name="cP7n">
        <annotation>
          <rdf:RDF xmlns:rdf="http://www.w3.org/1999/02/22-rdf-syntax-ns#" xmlns:bqmodel="http://biomodels.net/model-qualifiers/" xmlns:bqbiol="http://biomodels.net/biology-qualifiers/">
            <rdf:Description rdf:about="#_150605">
	<bqbiol:is>
	<rdf:Bag>
	<rdf:li rdf:resource="http://identifiers.org/uniprot/Q93WK5"/>
	</rdf:Bag>
	</bqbiol:is>
	</rdf:Description>
	
          </rdf:RDF>
        </annotation>
            </species>
      <species compartment="cytoplasm" id="cP9c" initialConcentration="6.0091" metaid="_150606" name="cP9c">
        <annotation>
          <rdf:RDF xmlns:rdf="http://www.w3.org/1999/02/22-rdf-syntax-ns#" xmlns:bqmodel="http://biomodels.net/model-qualifiers/" xmlns:bqbiol="http://biomodels.net/biology-qualifiers/">
            <rdf:Description rdf:about="#_150606">
	<bqbiol:is>
	<rdf:Bag>
	<rdf:li rdf:resource="http://identifiers.org/uniprot/Q8L500"/>
	</rdf:Bag>
	</bqbiol:is>
	</rdf:Description>
	
          </rdf:RDF>
        </annotation>
            </species>
      <species compartment="nucleus" id="cP9m" initialConcentration="1.1006" metaid="_150625" name="cP9m">
        <annotation>
          <rdf:RDF xmlns:rdf="http://www.w3.org/1999/02/22-rdf-syntax-ns#" xmlns:bqmodel="http://biomodels.net/model-qualifiers/" xmlns:bqbiol="http://biomodels.net/biology-qualifiers/">
            <rdf:Description rdf:about="#_150625">
	<bqbiol:isVersionOf>
	<rdf:Bag>
	<rdf:li rdf:resource="http://identifiers.org/obo.chebi/CHEBI:33699"/>
	<rdf:li rdf:resource="http://identifiers.org/kegg.compound/C00046"/>
	</rdf:Bag>
	</bqbiol:isVersionOf>
	</rdf:Description>
	
          </rdf:RDF>
        </annotation>
            </species>
      <species compartment="nucleus" id="cP9n" initialConcentration="3.7528" metaid="_150626" name="cP9n">
        <annotation>
          <rdf:RDF xmlns:rdf="http://www.w3.org/1999/02/22-rdf-syntax-ns#" xmlns:bqmodel="http://biomodels.net/model-qualifiers/" xmlns:bqbiol="http://biomodels.net/biology-qualifiers/">
            <rdf:Description rdf:about="#_150626">
	<bqbiol:is>
	<rdf:Bag>
	<rdf:li rdf:resource="http://identifiers.org/uniprot/Q8L500"/>
	</rdf:Bag>
	</bqbiol:is>
	</rdf:Description>
	
          </rdf:RDF>
        </annotation>
            </species>
      <species compartment="nucleus" id="cPn" initialConcentration="0" metaid="_150645" name="cPn"/>
      <species compartment="cytoplasm" id="cTc" initialConcentration="0.1724" metaid="_150646" name="cTc">
        <annotation>
          <rdf:RDF xmlns:rdf="http://www.w3.org/1999/02/22-rdf-syntax-ns#" xmlns:bqmodel="http://biomodels.net/model-qualifiers/" xmlns:bqbiol="http://biomodels.net/biology-qualifiers/">
            <rdf:Description rdf:about="#_150646">
	<bqbiol:is>
	<rdf:Bag>
	<rdf:li rdf:resource="http://identifiers.org/uniprot/Q9LKL2"/>
	<rdf:li rdf:resource="http://identifiers.org/interpro/IPR010402"/>
	</rdf:Bag>
	</bqbiol:is>
	</rdf:Description>
	
          </rdf:RDF>
        </annotation>
            </species>
      <species compartment="nucleus" id="cTm" initialConcentration="0.3717" metaid="_150666" name="cTm">
        <annotation>
          <rdf:RDF xmlns:rdf="http://www.w3.org/1999/02/22-rdf-syntax-ns#" xmlns:bqmodel="http://biomodels.net/model-qualifiers/" xmlns:bqbiol="http://biomodels.net/biology-qualifiers/">
            <rdf:Description rdf:about="#_150666">
	<bqbiol:isVersionOf>
	<rdf:Bag>
	<rdf:li rdf:resource="http://identifiers.org/obo.chebi/CHEBI:33699"/>
	<rdf:li rdf:resource="http://identifiers.org/kegg.compound/C00046"/>
	</rdf:Bag>
	</bqbiol:isVersionOf>
	</rdf:Description>
	
          </rdf:RDF>
        </annotation>
            </species>
      <species compartment="nucleus" id="cTn" initialConcentration="8.0398" metaid="_150685" name="cTn">
        <annotation>
          <rdf:RDF xmlns:rdf="http://www.w3.org/1999/02/22-rdf-syntax-ns#" xmlns:bqmodel="http://biomodels.net/model-qualifiers/" xmlns:bqbiol="http://biomodels.net/biology-qualifiers/">
            <rdf:Description rdf:about="#_150685">
	<bqbiol:is>
	<rdf:Bag>
	<rdf:li rdf:resource="http://identifiers.org/uniprot/Q9LKL2"/>
	<rdf:li rdf:resource="http://identifiers.org/interpro/IPR010402"/>
	</rdf:Bag>
	</bqbiol:is>
	</rdf:Description>
	
          </rdf:RDF>
        </annotation>
            </species>
      <species compartment="cytoplasm" id="cXc" initialConcentration="13.0372" metaid="_150686" name="cXc"/>
      <species compartment="nucleus" id="cXm" initialConcentration="8.487" metaid="_150705" name="cXm">
        <annotation>
          <rdf:RDF xmlns:rdf="http://www.w3.org/1999/02/22-rdf-syntax-ns#" xmlns:bqmodel="http://biomodels.net/model-qualifiers/" xmlns:bqbiol="http://biomodels.net/biology-qualifiers/">
            <rdf:Description rdf:about="#_150705">
	<bqbiol:isVersionOf>
	<rdf:Bag>
	<rdf:li rdf:resource="http://identifiers.org/obo.chebi/CHEBI:33699"/>
	<rdf:li rdf:resource="http://identifiers.org/kegg.compound/C00046"/>
	</rdf:Bag>
	</bqbiol:isVersionOf>
	</rdf:Description>
	
          </rdf:RDF>
        </annotation>
            </species>
      <species compartment="nucleus" id="cXn" initialConcentration="31.8995" metaid="_150706" name="cXn">
        <annotation>
          <rdf:RDF xmlns:rdf="http://www.w3.org/1999/02/22-rdf-syntax-ns#" xmlns:bqmodel="http://biomodels.net/model-qualifiers/" xmlns:bqbiol="http://biomodels.net/biology-qualifiers/">
            <rdf:Description rdf:about="#_150706">
	<bqbiol:is>
	<rdf:Bag>
	<rdf:li rdf:resource="http://identifiers.org/obo.go/GO:0005667"/>
	</rdf:Bag>
	</bqbiol:is>
	</rdf:Description>
	
          </rdf:RDF>
        </annotation>
            </species>
      <species compartment="cytoplasm" id="cYc" initialConcentration="7.075" metaid="_150725" name="cYc"/>
      <species compartment="nucleus" id="cYm" initialConcentration="0.1937" metaid="_150726" name="cYm">
        <annotation>
          <rdf:RDF xmlns:rdf="http://www.w3.org/1999/02/22-rdf-syntax-ns#" xmlns:bqmodel="http://biomodels.net/model-qualifiers/" xmlns:bqbiol="http://biomodels.net/biology-qualifiers/">
            <rdf:Description rdf:about="#_150726">
	<bqbiol:isVersionOf>
	<rdf:Bag>
	<rdf:li rdf:resource="http://identifiers.org/obo.chebi/CHEBI:33699"/>
	<rdf:li rdf:resource="http://identifiers.org/kegg.compound/C00046"/>
	</rdf:Bag>
	</bqbiol:isVersionOf>
	</rdf:Description>
	
          </rdf:RDF>
        </annotation>
            </species>
      <species compartment="nucleus" id="cYn" initialConcentration="1.07" metaid="_150745" name="cYn">
        <annotation>
          <rdf:RDF xmlns:rdf="http://www.w3.org/1999/02/22-rdf-syntax-ns#" xmlns:bqmodel="http://biomodels.net/model-qualifiers/" xmlns:bqbiol="http://biomodels.net/biology-qualifiers/">
            <rdf:Description rdf:about="#_150745">
	<bqbiol:is>
	<rdf:Bag>
	<rdf:li rdf:resource="http://identifiers.org/obo.go/GO:0005667"/>
	</rdf:Bag>
	</bqbiol:is>
	</rdf:Description>
	
          </rdf:RDF>
        </annotation>
            </species>
    </listOfSpecies>
    <listOfParameters>
      <parameter id="q1" metaid="metaid_0000070" name="q1" units="Hr_inv" value="13.1446"/>
      <parameter id="n1" metaid="metaid_0000071" name="n1" units="nM_per_hour" value="1.0988"/>
      <parameter id="g1" metaid="metaid_0000072" name="g1" units="nM" value="11.7992"/>
      <parameter id="m1" metaid="metaid_0000073" name="m1" units="nM_per_hour" value="3.7622"/>
      <parameter id="k1" metaid="metaid_0000074" name="k1" units="nM" value="4.1029"/>
      <parameter id="p1" metaid="metaid_0000075" name="p1" units="Hr_inv" value="7.5408"/>
      <parameter id="r1" metaid="metaid_0000076" name="r1" units="Hr_inv" value="9.9378"/>
      <parameter id="r2" metaid="metaid_0000077" name="r2" units="Hr_inv" value="9.6442"/>
      <parameter id="m2" metaid="metaid_0000078" name="m2" units="nM_per_hour" value="22.5198"/>
      <parameter id="k2" metaid="metaid_0000079" name="k2" units="nM" value="29.5681"/>
      <parameter id="m3" metaid="metaid_0000080" name="m3" units="nM_per_hour" value="4.5545"/>
      <parameter id="k3" metaid="metaid_0000081" name="k3" units="nM" value="18.6335"/>
      <parameter id="n2" metaid="metaid_0000082" name="n2" units="nM_per_hour" value="13.5067"/>
      <parameter id="g2" metaid="metaid_0000083" name="g2" units="nM" value="8.733"/>
      <parameter id="g3" metaid="metaid_0000084" name="g3" units="nM" value="17.9887"/>
      <parameter id="m4" metaid="metaid_0000085" name="m4" units="nM_per_hour" value="7.1601"/>
      <parameter id="k4" metaid="metaid_0000086" name="k4" units="nM" value="4.7728"/>
      <parameter id="p2" metaid="metaid_0000087" name="p2" units="Hr_inv" value="1.4452"/>
      <parameter id="p3" metaid="metaid_0000088" name="p3" units="Hr_inv" value="3.1473"/>
      <parameter id="r5" metaid="metaid_0000089" name="r5" units="Hr_inv" value="31.0081"/>
      <parameter id="r6" metaid="metaid_0000090" name="r6" units="Hr_inv" value="12.5039"/>
      <parameter id="m10" metaid="metaid_0000091" name="m10" units="nM_per_hour" value="35.1982"/>
      <parameter id="k8" metaid="metaid_0000092" name="k8" units="nM" value="9.5343"/>
      <parameter id="m11" metaid="metaid_0000093" name="m11" units="nM_per_hour" value="7.0274"/>
      <parameter id="k9" metaid="metaid_0000094" name="k9" units="nM" value="45.1336"/>
      <parameter id="q2" metaid="metaid_0000095" name="q2" units="Hr_inv" value="12.7437"/>
      <parameter id="n4" metaid="metaid_0000096" name="n4" units="nM_per_hour" value="1.8828"/>
      <parameter id="n5" metaid="metaid_0000097" name="n5" units="nM_per_hour" value="1.506"/>
      <parameter id="g5" metaid="metaid_0000098" name="g5" units="nM" value="1.5091"/>
      <parameter id="g6" metaid="metaid_0000099" name="g6" units="nM" value="20.7577"/>
      <parameter id="m12" metaid="metaid_0000100" name="m12" units="nM_per_hour" value="3.4563"/>
      <parameter id="k10" metaid="metaid_0000101" name="k10" units="nM" value="16.4042"/>
      <parameter id="r3" metaid="metaid_0000102" name="r3" units="Hr_inv" value="14.7607"/>
      <parameter id="r4" metaid="metaid_0000103" name="r4" units="Hr_inv" value="0.2559"/>
      <parameter id="m5" metaid="metaid_0000104" name="m5" units="nM_per_hour" value="1.5511"/>
      <parameter id="m6" metaid="metaid_0000105" name="m6" units="nM_per_hour" value="1.4189"/>
      <parameter id="k5" metaid="metaid_0000106" name="k5" units="nM" value="3.0204"/>
      <parameter id="m7" metaid="metaid_0000107" name="m7" units="nM_per_hour" value="1.6789"/>
      <parameter id="m8" metaid="metaid_0000108" name="m8" units="nM_per_hour" value="11.3548"/>
      <parameter id="k6" metaid="metaid_0000109" name="k6" units="nM" value="55.3798"/>
      <parameter id="n3" metaid="metaid_0000110" name="n3" units="nM_per_hour" value="1.7236"/>
      <parameter id="g4" metaid="metaid_0000111" name="g4" units="nM" value="5.6552"/>
      <parameter id="m9" metaid="metaid_0000112" name="m9" units="nM_per_hour" value="5.7847"/>
      <parameter id="k7" metaid="metaid_0000113" name="k7" units="nM" value="29.3208"/>
      <parameter id="p4" metaid="metaid_0000114" name="p4" units="Hr_inv" value="2.8599"/>
      <parameter id="r7" metaid="metaid_0000115" name="r7" units="Hr_inv" value="5.735"/>
      <parameter id="r8" metaid="metaid_0000116" name="r8" units="Hr_inv" value="37.3301"/>
      <parameter id="m13" metaid="metaid_0000117" name="m13" units="nM_per_hour" value="9.1535"/>
      <parameter id="k11" metaid="metaid_0000118" name="k11" units="nM" value="55.7326"/>
      <parameter id="m14" metaid="metaid_0000119" name="m14" units="nM_per_hour" value="7.5549"/>
      <parameter id="k12" metaid="metaid_0000120" name="k12" units="nM" value="9.0406"/>
      <parameter id="p5" metaid="metaid_0000121" name="p5" units="nM_per_hour" value="0.5"/>
      <parameter id="k13" metaid="metaid_0000122" name="k13" units="nM" value="1.2"/>
      <parameter id="q3" metaid="metaid_0000123" name="q3" units="Hr_inv" value="1"/>
      <parameter id="m15" metaid="metaid_0000124" name="m15" units="nM_per_hour" value="1.2"/>
      <parameter id="g7" metaid="metaid_0000125" name="g7" units="nM" value="4.6434"/>
      <parameter id="g8" metaid="metaid_0000126" name="g8" units="nM" value="4.7985"/>
      <parameter id="n6" metaid="metaid_0000127" name="n6" units="nM_per_hour" value="4.6039"/>
      <parameter id="g9" metaid="metaid_0000128" name="g9" units="nM" value="4.8052"/>
      <parameter id="m16" metaid="metaid_0000129" name="m16" units="nM_per_hour" value="10.1357"/>
      <parameter id="k14" metaid="metaid_0000130" name="k14" units="nM" value="14.0306"/>
      <parameter id="p6" metaid="metaid_0000131" name="p6" units="Hr_inv" value="2.0248"/>
      <parameter id="r9" metaid="metaid_0000132" name="r9" units="Hr_inv" value="3.2996"/>
      <parameter id="r10" metaid="metaid_0000133" name="r10" units="Hr_inv" value="30.7684"/>
      <parameter id="m17" metaid="metaid_0000134" name="m17" units="nM_per_hour" value="7.2481"/>
      <parameter id="k15" metaid="metaid_0000135" name="k15" units="nM" value="19.799"/>
      <parameter id="m18" metaid="metaid_0000136" name="m18" units="nM_per_hour" value="7.8275"/>
      <parameter id="k16" metaid="metaid_0000137" name="k16" units="nM" value="8.7977"/>
      <parameter id="n7" metaid="metaid_0000138" name="n7" units="nM_per_hour" value="4.4383"/>
      <parameter id="g10" metaid="metaid_0000139" name="g10" units="nM" value="17.7951"/>
      <parameter id="m19" metaid="metaid_0000140" name="m19" units="nM_per_hour" value="10.1288"/>
      <parameter id="k17" metaid="metaid_0000141" name="k17" units="nM" value="16.0706"/>
      <parameter id="p7" metaid="metaid_0000142" name="p7" units="Hr_inv" value="1.0929"/>
      <parameter id="r11" metaid="metaid_0000143" name="r11" units="Hr_inv" value="9.7804"/>
      <parameter id="r12" metaid="metaid_0000144" name="r12" units="Hr_inv" value="15.4577"/>
      <parameter id="m20" metaid="metaid_0000145" name="m20" units="nM_per_hour" value="0.5315"/>
      <parameter id="k18" metaid="metaid_0000146" name="k18" units="nM" value="48.4999"/>
      <parameter id="m21" metaid="metaid_0000147" name="m21" units="nM_per_hour" value="8.5942"/>
      <parameter id="k19" metaid="metaid_0000148" name="k19" units="nM" value="57.4671"/>
      <parameter constant="false" id="ld" metaid="metaid_0000149" name="ld" units="dimensionless" value="0"/>
      <parameter id="lmax" metaid="metaid_0000166" name="lmax" units="dimensionless" value="1"/>
      <parameter id="a" metaid="metaid_0000150" name="a" units="dimensionless" value="1.8775"/>
      <parameter id="b" metaid="metaid_0000151" name="b" units="dimensionless" value="1.5408"/>
      <parameter id="c" metaid="metaid_0000152" name="c" units="dimensionless" value="1.4723"/>
      <parameter id="d" metaid="metaid_0000153" name="d" units="dimensionless" value="4.0627"/>
      <parameter id="e" metaid="metaid_0000154" name="e" units="dimensionless" value="3.5723"/>
      <parameter id="f" metaid="metaid_0000155" name="f" units="dimensionless" value="2.0127"/>
      <parameter id="h" metaid="metaid_0000156" name="h" units="dimensionless" value="3.3286"/>
      <parameter id="i" metaid="metaid_0000157" name="i" units="dimensionless" value="3.5898"/>
      <parameter id="j" metaid="metaid_0000158" name="j" units="dimensionless" value="1.269"/>
      <parameter id="k" metaid="metaid_0000159" name="k" units="dimensionless" value="1.5212"/>
    </listOfParameters>
    <listOfReactions>
      <reaction id="R1" metaid="_150766" name="Light dependent cLm transcription" reversible="false">
        <annotation>
          <rdf:RDF xmlns:rdf="http://www.w3.org/1999/02/22-rdf-syntax-ns#" xmlns:bqmodel="http://biomodels.net/model-qualifiers/" xmlns:bqbiol="http://biomodels.net/biology-qualifiers/">
            <rdf:Description rdf:about="#_150766">
	<bqbiol:is>
	<rdf:Bag>
	<rdf:li rdf:resource="http://identifiers.org/obo.go/GO:0006351"/>
	<rdf:li rdf:resource="http://identifiers.org/obo.go/GO:0009642"/>
	</rdf:Bag>
	</bqbiol:is>
	</rdf:Description>
	
          </rdf:RDF>
        </annotation>
              <listOfProducts>
          <speciesReference metaid="_538925" species="cLm"/>
        </listOfProducts>
        <listOfModifiers>
          <modifierSpeciesReference metaid="_538937" species="cPn"/>
        </listOfModifiers>
        <kineticLaw metaid="_538949">
          <math xmlns="http://www.w3.org/1998/Math/MathML">          
            <apply>
              <times/>
              <ci> nucleus </ci>
              <ci> ld </ci>
              <ci> q1 </ci>
              <ci> cPn </ci>
            </apply>
          </math>
                </kineticLaw>
      </reaction>
      <reaction id="R2" metaid="_150785" name="Light independent cLm transcription" reversible="false">
        <annotation>
          <rdf:RDF xmlns:rdf="http://www.w3.org/1999/02/22-rdf-syntax-ns#" xmlns:bqmodel="http://biomodels.net/model-qualifiers/" xmlns:bqbiol="http://biomodels.net/biology-qualifiers/">
            <rdf:Description rdf:about="#_150785">
	<bqbiol:is>
	<rdf:Bag>
	<rdf:li rdf:resource="http://identifiers.org/obo.go/GO:0006351"/>
	</rdf:Bag>
	</bqbiol:is>
	</rdf:Description>
	
          </rdf:RDF>
        </annotation>
              <listOfProducts>
          <speciesReference metaid="_538961" species="cLm"/>
        </listOfProducts>
        <listOfModifiers>
          <modifierSpeciesReference metaid="_538973" species="cXn"/>
          <modifierSpeciesReference metaid="_538985" species="cP7n"/>
          <modifierSpeciesReference metaid="_538997" species="cP9n"/>
        </listOfModifiers>
        <kineticLaw metaid="_539009">
          <math xmlns="http://www.w3.org/1998/Math/MathML">          
            <apply>
              <times/>
              <ci> nucleus </ci>
              <apply>
                <divide/>
                <apply>
                  <times/>
                  <ci> n1 </ci>
                  <apply>
                    <power/>
                    <ci> cXn </ci>
                    <ci> a </ci>
                  </apply>
                </apply>
                <apply>
                  <plus/>
                  <apply>
                    <power/>
                    <ci> g1 </ci>
                    <ci> a </ci>
                  </apply>
                  <apply>
                    <power/>
                    <ci> cXn </ci>
                    <ci> a </ci>
                  </apply>
                </apply>
              </apply>
              <apply>
                <divide/>
                <apply>
                  <power/>
                  <ci> g7 </ci>
                  <ci> h </ci>
                </apply>
                <apply>
                  <plus/>
                  <apply>
                    <power/>
                    <ci> g7 </ci>
                    <ci> h </ci>
                  </apply>
                  <apply>
                    <power/>
                    <ci> cP7n </ci>
                    <ci> h </ci>
                  </apply>
                </apply>
              </apply>
              <apply>
                <divide/>
                <apply>
                  <power/>
                  <ci> g8 </ci>
                  <ci> i </ci>
                </apply>
                <apply>
                  <plus/>
                  <apply>
                    <power/>
                    <ci> g8 </ci>
                    <ci> i </ci>
                  </apply>
                  <apply>
                    <power/>
                    <ci> cP9n </ci>
                    <ci> i </ci>
                  </apply>
                </apply>
              </apply>
            </apply>
          </math>
                </kineticLaw>
      </reaction>
      <reaction id="R3" metaid="_150786" name="cLm degradation" reversible="false">
        <annotation>
          <rdf:RDF xmlns:rdf="http://www.w3.org/1999/02/22-rdf-syntax-ns#" xmlns:bqmodel="http://biomodels.net/model-qualifiers/" xmlns:bqbiol="http://biomodels.net/biology-qualifiers/">
            <rdf:Description rdf:about="#_150786">
	<bqbiol:is>
	<rdf:Bag>
	<rdf:li rdf:resource="http://identifiers.org/obo.go/GO:0006402"/>
	</rdf:Bag>
	</bqbiol:is>
	</rdf:Description>
	
          </rdf:RDF>
        </annotation>
              <listOfReactants>
          <speciesReference metaid="_539021" species="cLm"/>
        </listOfReactants>
        <kineticLaw metaid="_539033">
          <math xmlns="http://www.w3.org/1998/Math/MathML">          
            <apply>
              <divide/>
              <apply>
                <times/>
                <ci> nucleus </ci>
                <ci> m1 </ci>
                <ci> cLm </ci>
              </apply>
              <apply>
                <plus/>
                <ci> k1 </ci>
                <ci> cLm </ci>
              </apply>
            </apply>
          </math>
                </kineticLaw>
      </reaction>
      <reaction id="R4" metaid="_150805" name="cLc synthesis" reversible="false">
        <annotation>
          <rdf:RDF xmlns:rdf="http://www.w3.org/1999/02/22-rdf-syntax-ns#" xmlns:bqmodel="http://biomodels.net/model-qualifiers/" xmlns:bqbiol="http://biomodels.net/biology-qualifiers/">
            <rdf:Description rdf:about="#_150805">
	<bqbiol:is>
	<rdf:Bag>
	<rdf:li rdf:resource="http://identifiers.org/obo.go/GO:0006412"/>
	</rdf:Bag>
	</bqbiol:is>
	</rdf:Description>
	
          </rdf:RDF>
        </annotation>
              <listOfProducts>
          <speciesReference metaid="_539045" species="cLc"/>
        </listOfProducts>
        <listOfModifiers>
          <modifierSpeciesReference metaid="_539057" species="cLm"/>
        </listOfModifiers>
        <kineticLaw metaid="_539069">
          <math xmlns="http://www.w3.org/1998/Math/MathML">          
            <apply>
              <times/>
              <ci> cytoplasm </ci>
              <ci> p1 </ci>
              <ci> cLm </ci>
            </apply>
          </math>
                </kineticLaw>
      </reaction>
      <reaction id="R5" metaid="_150825" name="cLc transport into nucleus" reversible="false">
        <annotation>
          <rdf:RDF xmlns:rdf="http://www.w3.org/1999/02/22-rdf-syntax-ns#" xmlns:bqmodel="http://biomodels.net/model-qualifiers/" xmlns:bqbiol="http://biomodels.net/biology-qualifiers/">
            <rdf:Description rdf:about="#_150825">
	<bqbiol:is>
	<rdf:Bag>
	<rdf:li rdf:resource="http://identifiers.org/obo.go/GO:0000060"/>
	</rdf:Bag>
	</bqbiol:is>
	</rdf:Description>
	
          </rdf:RDF>
        </annotation>
              <listOfReactants>
          <speciesReference metaid="_539081" species="cLc"/>
        </listOfReactants>
        <listOfProducts>
          <speciesReference metaid="_539093" species="cLn"/>
        </listOfProducts>
        <kineticLaw metaid="_539105">
          <math xmlns="http://www.w3.org/1998/Math/MathML">          
            <apply>
              <times/>
              <ci> cytoplasm </ci>
              <ci> r1 </ci>
              <ci> cLc </ci>
            </apply>
          </math>
                </kineticLaw>
      </reaction>
      <reaction id="R6" metaid="_150845" name="cLn transport into cytoplasm" reversible="false">
        <annotation>
          <rdf:RDF xmlns:rdf="http://www.w3.org/1999/02/22-rdf-syntax-ns#" xmlns:bqmodel="http://biomodels.net/model-qualifiers/" xmlns:bqbiol="http://biomodels.net/biology-qualifiers/">
            <rdf:Description rdf:about="#_150845">
	<bqbiol:is>
	<rdf:Bag>
	<rdf:li rdf:resource="http://identifiers.org/obo.go/GO:0065002"/>
	</rdf:Bag>
	</bqbiol:is>
	</rdf:Description>
	
          </rdf:RDF>
        </annotation>
              <listOfReactants>
          <speciesReference metaid="_539117" species="cLn"/>
        </listOfReactants>
        <listOfProducts>
          <speciesReference metaid="_539130" species="cLc"/>
        </listOfProducts>
        <kineticLaw metaid="_539142">
          <math xmlns="http://www.w3.org/1998/Math/MathML">          
            <apply>
              <times/>
              <ci> nucleus </ci>
              <ci> r2 </ci>
              <ci> cLn </ci>
            </apply>
          </math>
                </kineticLaw>
      </reaction>
      <reaction id="R7" metaid="_150846" name="cLc degradation" reversible="false">
        <annotation>
          <rdf:RDF xmlns:rdf="http://www.w3.org/1999/02/22-rdf-syntax-ns#" xmlns:bqmodel="http://biomodels.net/model-qualifiers/" xmlns:bqbiol="http://biomodels.net/biology-qualifiers/">
            <rdf:Description rdf:about="#_150846">
	<bqbiol:is>
	<rdf:Bag>
	<rdf:li rdf:resource="http://identifiers.org/obo.go/GO:0044257"/>
	</rdf:Bag>
	</bqbiol:is>
	</rdf:Description>
	
          </rdf:RDF>
        </annotation>
              <listOfReactants>
          <speciesReference metaid="_539155" species="cLc"/>
        </listOfReactants>
        <kineticLaw metaid="_539167">
          <math xmlns="http://www.w3.org/1998/Math/MathML">          
            <apply>
              <divide/>
              <apply>
                <times/>
                <ci> cytoplasm </ci>
                <ci> m2 </ci>
                <ci> cLc </ci>
              </apply>
              <apply>
                <plus/>
                <ci> k2 </ci>
                <ci> cLc </ci>
              </apply>
            </apply>
          </math>
                </kineticLaw>
      </reaction>
      <reaction id="R8" metaid="_150865" name="cLn degradation" reversible="false">
        <annotation>
          <rdf:RDF xmlns:rdf="http://www.w3.org/1999/02/22-rdf-syntax-ns#" xmlns:bqmodel="http://biomodels.net/model-qualifiers/" xmlns:bqbiol="http://biomodels.net/biology-qualifiers/">
            <rdf:Description rdf:about="#_150865">
	<bqbiol:is>
	<rdf:Bag>
	<rdf:li rdf:resource="http://identifiers.org/obo.go/GO:0044257"/>
	</rdf:Bag>
	</bqbiol:is>
	</rdf:Description>
	
          </rdf:RDF>
        </annotation>
              <listOfReactants>
          <speciesReference metaid="_539179" species="cLn"/>
        </listOfReactants>
        <kineticLaw metaid="_539191">
          <math xmlns="http://www.w3.org/1998/Math/MathML">          
            <apply>
              <divide/>
              <apply>
                <times/>
                <ci> nucleus </ci>
                <ci> m3 </ci>
                <ci> cLn </ci>
              </apply>
              <apply>
                <plus/>
                <ci> k3 </ci>
                <ci> cLn </ci>
              </apply>
            </apply>
          </math>
                </kineticLaw>
      </reaction>
      <reaction id="R9" metaid="_150885" name="cTm transcription" reversible="false">
        <annotation>
          <rdf:RDF xmlns:rdf="http://www.w3.org/1999/02/22-rdf-syntax-ns#" xmlns:bqmodel="http://biomodels.net/model-qualifiers/" xmlns:bqbiol="http://biomodels.net/biology-qualifiers/">
            <rdf:Description rdf:about="#_150885">
	<bqbiol:is>
	<rdf:Bag>
	<rdf:li rdf:resource="http://identifiers.org/obo.go/GO:0006351"/>
	</rdf:Bag>
	</bqbiol:is>
	</rdf:Description>
	
          </rdf:RDF>
        </annotation>
              <listOfProducts>
          <speciesReference metaid="_539203" species="cTm"/>
        </listOfProducts>
        <listOfModifiers>
          <modifierSpeciesReference metaid="_539215" species="cYn"/>
          <modifierSpeciesReference metaid="_539227" species="cLn"/>
        </listOfModifiers>
        <kineticLaw metaid="_539239">
          <math xmlns="http://www.w3.org/1998/Math/MathML">          
            <apply>
              <times/>
              <ci> nucleus </ci>
              <apply>
                <divide/>
                <apply>
                  <times/>
                  <ci> n2 </ci>
                  <apply>
                    <power/>
                    <ci> cYn </ci>
                    <ci> b </ci>
                  </apply>
                </apply>
                <apply>
                  <plus/>
                  <apply>
                    <power/>
                    <ci> g2 </ci>
                    <ci> b </ci>
                  </apply>
                  <apply>
                    <power/>
                    <ci> cYn </ci>
                    <ci> b </ci>
                  </apply>
                </apply>
              </apply>
              <apply>
                <divide/>
                <apply>
                  <power/>
                  <ci> g3 </ci>
                  <ci> c </ci>
                </apply>
                <apply>
                  <plus/>
                  <apply>
                    <power/>
                    <ci> g3 </ci>
                    <ci> c </ci>
                  </apply>
                  <apply>
                    <power/>
                    <ci> cLn </ci>
                    <ci> c </ci>
                  </apply>
                </apply>
              </apply>
            </apply>
          </math>
                </kineticLaw>
      </reaction>
      <reaction id="R10" metaid="_150905" name="cTm degradation" reversible="false">
        <annotation>
          <rdf:RDF xmlns:rdf="http://www.w3.org/1999/02/22-rdf-syntax-ns#" xmlns:bqmodel="http://biomodels.net/model-qualifiers/" xmlns:bqbiol="http://biomodels.net/biology-qualifiers/">
            <rdf:Description rdf:about="#_150905">
	<bqbiol:is>
	<rdf:Bag>
	<rdf:li rdf:resource="http://identifiers.org/obo.go/GO:0006402"/>
	</rdf:Bag>
	</bqbiol:is>
	</rdf:Description>
	
          </rdf:RDF>
        </annotation>
              <listOfReactants>
          <speciesReference metaid="_539251" species="cTm"/>
        </listOfReactants>
        <kineticLaw metaid="_539263">
          <math xmlns="http://www.w3.org/1998/Math/MathML">          
            <apply>
              <divide/>
              <apply>
                <times/>
                <ci> nucleus </ci>
                <ci> m4 </ci>
                <ci> cTm </ci>
              </apply>
              <apply>
                <plus/>
                <ci> k4 </ci>
                <ci> cTm </ci>
              </apply>
            </apply>
          </math>
                </kineticLaw>
      </reaction>
      <reaction id="R11" metaid="_150906" name="cTc synthesis" reversible="false">
        <annotation>
          <rdf:RDF xmlns:rdf="http://www.w3.org/1999/02/22-rdf-syntax-ns#" xmlns:bqmodel="http://biomodels.net/model-qualifiers/" xmlns:bqbiol="http://biomodels.net/biology-qualifiers/">
            <rdf:Description rdf:about="#_150906">
	<bqbiol:is>
	<rdf:Bag>
	<rdf:li rdf:resource="http://identifiers.org/obo.go/GO:0006412"/>
	</rdf:Bag>
	</bqbiol:is>
	</rdf:Description>
	
          </rdf:RDF>
        </annotation>
              <listOfProducts>
          <speciesReference metaid="_539275" species="cTc"/>
        </listOfProducts>
        <listOfModifiers>
          <modifierSpeciesReference metaid="_539287" species="cTm"/>
        </listOfModifiers>
        <kineticLaw metaid="_539299">
          <math xmlns="http://www.w3.org/1998/Math/MathML">          
            <apply>
              <times/>
              <ci> cytoplasm </ci>
              <ci> p2 </ci>
              <ci> cTm </ci>
            </apply>
          </math>
                </kineticLaw>
      </reaction>
      <reaction id="R12" metaid="_150925" name="cTc transport into nucleus" reversible="false">
        <annotation>
          <rdf:RDF xmlns:rdf="http://www.w3.org/1999/02/22-rdf-syntax-ns#" xmlns:bqmodel="http://biomodels.net/model-qualifiers/" xmlns:bqbiol="http://biomodels.net/biology-qualifiers/">
            <rdf:Description rdf:about="#_150925">
	<bqbiol:is>
	<rdf:Bag>
	<rdf:li rdf:resource="http://identifiers.org/obo.go/GO:0000060"/>
	</rdf:Bag>
	</bqbiol:is>
	</rdf:Description>
	
          </rdf:RDF>
        </annotation>
              <listOfReactants>
          <speciesReference metaid="_539311" species="cTc"/>
        </listOfReactants>
        <listOfProducts>
          <speciesReference metaid="_539323" species="cTn"/>
        </listOfProducts>
        <kineticLaw metaid="_539335">
          <math xmlns="http://www.w3.org/1998/Math/MathML">          
            <apply>
              <times/>
              <ci> cytoplasm </ci>
              <ci> r3 </ci>
              <ci> cTc </ci>
            </apply>
          </math>
                </kineticLaw>
      </reaction>
      <reaction id="R13" metaid="_150945" name="cTn transport into cytoplasm" reversible="false">
        <annotation>
          <rdf:RDF xmlns:rdf="http://www.w3.org/1999/02/22-rdf-syntax-ns#" xmlns:bqmodel="http://biomodels.net/model-qualifiers/" xmlns:bqbiol="http://biomodels.net/biology-qualifiers/">
            <rdf:Description rdf:about="#_150945">
	<bqbiol:is>
	<rdf:Bag>
	<rdf:li rdf:resource="http://identifiers.org/obo.go/GO:0065002"/>
	</rdf:Bag>
	</bqbiol:is>
	</rdf:Description>
	
          </rdf:RDF>
        </annotation>
              <listOfReactants>
          <speciesReference metaid="_539347" species="cTn"/>
        </listOfReactants>
        <listOfProducts>
          <speciesReference metaid="_539359" species="cTc"/>
        </listOfProducts>
        <kineticLaw metaid="_539371">
          <math xmlns="http://www.w3.org/1998/Math/MathML">          
            <apply>
              <times/>
              <ci> nucleus </ci>
              <ci> r4 </ci>
              <ci> cTn </ci>
            </apply>
          </math>
                </kineticLaw>
      </reaction>
      <reaction id="R14" metaid="_150965" name="cTc degradation" reversible="false">
        <annotation>
          <rdf:RDF xmlns:rdf="http://www.w3.org/1999/02/22-rdf-syntax-ns#" xmlns:bqmodel="http://biomodels.net/model-qualifiers/" xmlns:bqbiol="http://biomodels.net/biology-qualifiers/">
            <rdf:Description rdf:about="#_150965">
	<bqbiol:is>
	<rdf:Bag>
	<rdf:li rdf:resource="http://identifiers.org/obo.go/GO:0044257"/>
	</rdf:Bag>
	</bqbiol:is>
	</rdf:Description>
	
          </rdf:RDF>
        </annotation>
              <listOfReactants>
          <speciesReference metaid="_539383" species="cTc"/>
        </listOfReactants>
        <kineticLaw metaid="_539395">
          <math xmlns="http://www.w3.org/1998/Math/MathML">          
            <apply>
              <times/>
              <ci> cytoplasm </ci>
              <apply>
                <plus/>
                <apply>
                  <times/>
                  <apply>
                    <minus/>
                    <ci> lmax </ci>
                    <ci> ld </ci>
                  </apply>
                  <ci> m5 </ci>
                </apply>
                <ci> m6 </ci>
              </apply>
              <apply>
                <divide/>
                <ci> cTc </ci>
                <apply>
                  <plus/>
                  <ci> k5 </ci>
                  <ci> cTc </ci>
                </apply>
              </apply>
            </apply>
          </math>
                </kineticLaw>
      </reaction>
      <reaction id="R15" metaid="_150985" name="cTn degradation" reversible="false">
        <annotation>
          <rdf:RDF xmlns:rdf="http://www.w3.org/1999/02/22-rdf-syntax-ns#" xmlns:bqmodel="http://biomodels.net/model-qualifiers/" xmlns:bqbiol="http://biomodels.net/biology-qualifiers/">
            <rdf:Description rdf:about="#_150985">
	<bqbiol:is>
	<rdf:Bag>
	<rdf:li rdf:resource="http://identifiers.org/obo.go/GO:0044257"/>
	</rdf:Bag>
	</bqbiol:is>
	</rdf:Description>
	
          </rdf:RDF>
        </annotation>
              <listOfReactants>
          <speciesReference metaid="_539408" species="cTn"/>
        </listOfReactants>
        <kineticLaw metaid="_539420">
          <math xmlns="http://www.w3.org/1998/Math/MathML">          
            <apply>
              <times/>
              <ci> nucleus </ci>
              <apply>
                <plus/>
                <apply>
                  <times/>
                  <apply>
                    <minus/>
                    <ci> lmax </ci>
                    <ci> ld </ci>
                  </apply>
                  <ci> m7 </ci>
                </apply>
                <ci> m8 </ci>
              </apply>
              <apply>
                <divide/>
                <ci> cTn </ci>
                <apply>
                  <plus/>
                  <ci> k6 </ci>
                  <ci> cTn </ci>
                </apply>
              </apply>
            </apply>
          </math>
                </kineticLaw>
      </reaction>
      <reaction id="R16" metaid="_151005" name="cXm transcription" reversible="false">
        <annotation>
          <rdf:RDF xmlns:rdf="http://www.w3.org/1999/02/22-rdf-syntax-ns#" xmlns:bqmodel="http://biomodels.net/model-qualifiers/" xmlns:bqbiol="http://biomodels.net/biology-qualifiers/">
            <rdf:Description rdf:about="#_151005">
	<bqbiol:is>
	<rdf:Bag>
	<rdf:li rdf:resource="http://identifiers.org/obo.go/GO:0006351"/>
	</rdf:Bag>
	</bqbiol:is>
	</rdf:Description>
	
          </rdf:RDF>
        </annotation>
              <listOfProducts>
          <speciesReference metaid="_539433" species="cXm"/>
        </listOfProducts>
        <listOfModifiers>
          <modifierSpeciesReference metaid="_539445" species="cTn"/>
        </listOfModifiers>
        <kineticLaw metaid="_539458">
          <math xmlns="http://www.w3.org/1998/Math/MathML">          
            <apply>
              <times/>
              <ci> nucleus </ci>
              <apply>
                <divide/>
                <apply>
                  <times/>
                  <ci> n3 </ci>
                  <apply>
                    <power/>
                    <ci> cTn </ci>
                    <ci> d </ci>
                  </apply>
                </apply>
                <apply>
                  <plus/>
                  <apply>
                    <power/>
                    <ci> g4 </ci>
                    <ci> d </ci>
                  </apply>
                  <apply>
                    <power/>
                    <ci> cTn </ci>
                    <ci> d </ci>
                  </apply>
                </apply>
              </apply>
            </apply>
          </math>
                </kineticLaw>
      </reaction>
      <reaction id="R17" metaid="_151025" name="cXm degradation" reversible="false">
        <annotation>
          <rdf:RDF xmlns:rdf="http://www.w3.org/1999/02/22-rdf-syntax-ns#" xmlns:bqmodel="http://biomodels.net/model-qualifiers/" xmlns:bqbiol="http://biomodels.net/biology-qualifiers/">
            <rdf:Description rdf:about="#_151025">
	<bqbiol:is>
	<rdf:Bag>
	<rdf:li rdf:resource="http://identifiers.org/obo.go/GO:0006402"/>
	</rdf:Bag>
	</bqbiol:is>
	</rdf:Description>
	
          </rdf:RDF>
        </annotation>
              <listOfReactants>
          <speciesReference metaid="_539471" species="cXm"/>
        </listOfReactants>
        <kineticLaw metaid="_539484">
          <math xmlns="http://www.w3.org/1998/Math/MathML">          
            <apply>
              <times/>
              <ci> nucleus </ci>
              <apply>
                <divide/>
                <apply>
                  <times/>
                  <ci> m9 </ci>
                  <ci> cXm </ci>
                </apply>
                <apply>
                  <plus/>
                  <ci> k7 </ci>
                  <ci> cXm </ci>
                </apply>
              </apply>
            </apply>
          </math>
                </kineticLaw>
      </reaction>
      <reaction id="R18" metaid="_151045" name="cXc synthesis" reversible="false">
        <annotation>
          <rdf:RDF xmlns:rdf="http://www.w3.org/1999/02/22-rdf-syntax-ns#" xmlns:bqmodel="http://biomodels.net/model-qualifiers/" xmlns:bqbiol="http://biomodels.net/biology-qualifiers/">
            <rdf:Description rdf:about="#_151045">
	<bqbiol:is>
	<rdf:Bag>
	<rdf:li rdf:resource="http://identifiers.org/obo.go/GO:0006412"/>
	</rdf:Bag>
	</bqbiol:is>
	</rdf:Description>
	
          </rdf:RDF>
        </annotation>
              <listOfProducts>
          <speciesReference metaid="_539497" species="cXc"/>
        </listOfProducts>
        <listOfModifiers>
          <modifierSpeciesReference metaid="_539510" species="cXm"/>
        </listOfModifiers>
        <kineticLaw metaid="_539523">
          <math xmlns="http://www.w3.org/1998/Math/MathML">          
            <apply>
              <times/>
              <ci> cytoplasm </ci>
              <ci> p3 </ci>
              <ci> cXm </ci>
            </apply>
          </math>
                </kineticLaw>
      </reaction>
      <reaction id="R19" metaid="_151065" name="cXc transport into nucleus" reversible="false">
        <annotation>
          <rdf:RDF xmlns:rdf="http://www.w3.org/1999/02/22-rdf-syntax-ns#" xmlns:bqmodel="http://biomodels.net/model-qualifiers/" xmlns:bqbiol="http://biomodels.net/biology-qualifiers/">
            <rdf:Description rdf:about="#_151065">
	<bqbiol:is>
	<rdf:Bag>
	<rdf:li rdf:resource="http://identifiers.org/obo.go/GO:0000060"/>
	</rdf:Bag>
	</bqbiol:is>
	</rdf:Description>
	
          </rdf:RDF>
        </annotation>
              <listOfReactants>
          <speciesReference metaid="_539536" species="cXc"/>
        </listOfReactants>
        <listOfProducts>
          <speciesReference metaid="_539549" species="cXn"/>
        </listOfProducts>
        <kineticLaw metaid="_539562">
          <math xmlns="http://www.w3.org/1998/Math/MathML">          
            <apply>
              <times/>
              <ci> cytoplasm </ci>
              <ci> r5 </ci>
              <ci> cXc </ci>
            </apply>
          </math>
                </kineticLaw>
      </reaction>
      <reaction id="R20" metaid="_151085" name="cXn transport into cytoplasm" reversible="false">
        <annotation>
          <rdf:RDF xmlns:rdf="http://www.w3.org/1999/02/22-rdf-syntax-ns#" xmlns:bqmodel="http://biomodels.net/model-qualifiers/" xmlns:bqbiol="http://biomodels.net/biology-qualifiers/">
            <rdf:Description rdf:about="#_151085">
	<bqbiol:is>
	<rdf:Bag>
	<rdf:li rdf:resource="http://identifiers.org/obo.go/GO:0065002"/>
	</rdf:Bag>
	</bqbiol:is>
	</rdf:Description>
	
          </rdf:RDF>
        </annotation>
              <listOfReactants>
          <speciesReference metaid="_539575" species="cXn"/>
        </listOfReactants>
        <listOfProducts>
          <speciesReference metaid="_539588" species="cXc"/>
        </listOfProducts>
        <kineticLaw metaid="_539601">
          <math xmlns="http://www.w3.org/1998/Math/MathML">          
            <apply>
              <times/>
              <ci> nucleus </ci>
              <ci> r6 </ci>
              <ci> cXn </ci>
            </apply>
          </math>
                </kineticLaw>
      </reaction>
      <reaction id="R21" metaid="_151105" name="cXc degradation" reversible="false">
        <annotation>
          <rdf:RDF xmlns:rdf="http://www.w3.org/1999/02/22-rdf-syntax-ns#" xmlns:bqmodel="http://biomodels.net/model-qualifiers/" xmlns:bqbiol="http://biomodels.net/biology-qualifiers/">
            <rdf:Description rdf:about="#_151105">
	<bqbiol:is>
	<rdf:Bag>
	<rdf:li rdf:resource="http://identifiers.org/obo.go/GO:0044257"/>
	</rdf:Bag>
	</bqbiol:is>
	</rdf:Description>
	
          </rdf:RDF>
        </annotation>
              <listOfReactants>
          <speciesReference metaid="_539614" species="cXc"/>
        </listOfReactants>
        <kineticLaw metaid="_539627">
          <math xmlns="http://www.w3.org/1998/Math/MathML">          
            <apply>
              <divide/>
              <apply>
                <times/>
                <ci> cytoplasm </ci>
                <ci> m10 </ci>
                <ci> cXc </ci>
              </apply>
              <apply>
                <plus/>
                <ci> k8 </ci>
                <ci> cXc </ci>
              </apply>
            </apply>
          </math>
                </kineticLaw>
      </reaction>
      <reaction id="R22" metaid="_151125" name="cXn degradation" reversible="false">
        <annotation>
          <rdf:RDF xmlns:rdf="http://www.w3.org/1999/02/22-rdf-syntax-ns#" xmlns:bqmodel="http://biomodels.net/model-qualifiers/" xmlns:bqbiol="http://biomodels.net/biology-qualifiers/">
            <rdf:Description rdf:about="#_151125">
	<bqbiol:is>
	<rdf:Bag>
	<rdf:li rdf:resource="http://identifiers.org/obo.go/GO:0044257"/>
	</rdf:Bag>
	</bqbiol:is>
	</rdf:Description>
	
          </rdf:RDF>
        </annotation>
              <listOfReactants>
          <speciesReference metaid="_539639" species="cXn"/>
        </listOfReactants>
        <kineticLaw metaid="_539651">
          <math xmlns="http://www.w3.org/1998/Math/MathML">          
            <apply>
              <divide/>
              <apply>
                <times/>
                <ci> nucleus </ci>
                <ci> m11 </ci>
                <ci> cXn </ci>
              </apply>
              <apply>
                <plus/>
                <ci> k9 </ci>
                <ci> cXn </ci>
              </apply>
            </apply>
          </math>
                </kineticLaw>
      </reaction>
      <reaction id="R23" metaid="_151145" name="cYm transcription" reversible="false">
        <annotation>
          <rdf:RDF xmlns:rdf="http://www.w3.org/1999/02/22-rdf-syntax-ns#" xmlns:bqmodel="http://biomodels.net/model-qualifiers/" xmlns:bqbiol="http://biomodels.net/biology-qualifiers/">
            <rdf:Description rdf:about="#_151145">
              <bqbiol:is>
	<rdf:Bag>
	<rdf:li rdf:resource="http://identifiers.org/obo.go/GO:0006351"/>
	</rdf:Bag>
	</bqbiol:is>
	
	<bqbiol:hasPart>
	<rdf:Bag>
	<rdf:li rdf:resource="http://identifiers.org/obo.go/GO:0009642"/>
	</rdf:Bag>
	</bqbiol:hasPart>
	</rdf:Description>
	
          </rdf:RDF>
        </annotation>
              <listOfProducts>
          <speciesReference metaid="_539663" species="cYm"/>
        </listOfProducts>
        <listOfModifiers>
          <modifierSpeciesReference metaid="_539675" species="cTn"/>
          <modifierSpeciesReference metaid="_539687" species="cLn"/>
          <modifierSpeciesReference metaid="_539699" species="cPn"/>
        </listOfModifiers>
        <kineticLaw metaid="_539711">
          <math xmlns="http://www.w3.org/1998/Math/MathML">          
            <apply>
              <times/>
              <ci> nucleus </ci>
              <apply>
                <plus/>
                <apply>
                  <times/>
                  <ci> ld </ci>
                  <ci> q2 </ci>
                  <ci> cPn </ci>
                </apply>
                <apply>
                  <divide/>
                  <apply>
                    <times/>
                    <apply>
                      <plus/>
                      <apply>
                        <times/>
                        <ci> ld </ci>
                        <ci> n4 </ci>
                      </apply>
                      <ci> n5 </ci>
                    </apply>
                    <apply>
                      <power/>
                      <ci> g5 </ci>
                      <ci> e </ci>
                    </apply>
                  </apply>
                  <apply>
                    <plus/>
                    <apply>
                      <power/>
                      <ci> g5 </ci>
                      <ci> e </ci>
                    </apply>
                    <apply>
                      <power/>
                      <ci> cTn </ci>
                      <ci> e </ci>
                    </apply>
                  </apply>
                </apply>
              </apply>
              <apply>
                <divide/>
                <apply>
                  <power/>
                  <ci> g6 </ci>
                  <ci> f </ci>
                </apply>
                <apply>
                  <plus/>
                  <apply>
                    <power/>
                    <ci> g6 </ci>
                    <ci> f </ci>
                  </apply>
                  <apply>
                    <power/>
                    <ci> cLn </ci>
                    <ci> f </ci>
                  </apply>
                </apply>
              </apply>
            </apply>
          </math>
                </kineticLaw>
      </reaction>
      <reaction id="R24" metaid="_151165" name="cYm degradation" reversible="false">
        <annotation>
          <rdf:RDF xmlns:rdf="http://www.w3.org/1999/02/22-rdf-syntax-ns#" xmlns:bqmodel="http://biomodels.net/model-qualifiers/" xmlns:bqbiol="http://biomodels.net/biology-qualifiers/">
            <rdf:Description rdf:about="#_151165">
	<bqbiol:is>
	<rdf:Bag>
	<rdf:li rdf:resource="http://identifiers.org/obo.go/GO:0006402"/>
	</rdf:Bag>
	</bqbiol:is>
	</rdf:Description>
	
          </rdf:RDF>
        </annotation>
              <listOfReactants>
          <speciesReference metaid="_539723" species="cYm"/>
        </listOfReactants>
        <kineticLaw metaid="_539735">
          <math xmlns="http://www.w3.org/1998/Math/MathML">          
            <apply>
              <divide/>
              <apply>
                <times/>
                <ci> nucleus </ci>
                <ci> m12 </ci>
                <ci> cYm </ci>
              </apply>
              <apply>
                <plus/>
                <ci> k10 </ci>
                <ci> cYm </ci>
              </apply>
            </apply>
          </math>
                </kineticLaw>
      </reaction>
      <reaction id="R25" metaid="_151185" name="cYc synthesis" reversible="false">
        <annotation>
          <rdf:RDF xmlns:rdf="http://www.w3.org/1999/02/22-rdf-syntax-ns#" xmlns:bqmodel="http://biomodels.net/model-qualifiers/" xmlns:bqbiol="http://biomodels.net/biology-qualifiers/">
            <rdf:Description rdf:about="#_151185">
	<bqbiol:is>
	<rdf:Bag>
	<rdf:li rdf:resource="http://identifiers.org/obo.go/GO:0006412"/>
	</rdf:Bag>
	</bqbiol:is>
	</rdf:Description>
	
          </rdf:RDF>
        </annotation>
              <listOfProducts>
          <speciesReference metaid="_539747" species="cYc"/>
        </listOfProducts>
        <listOfModifiers>
          <modifierSpeciesReference metaid="_539759" species="cYm"/>
        </listOfModifiers>
        <kineticLaw metaid="_539771">
          <math xmlns="http://www.w3.org/1998/Math/MathML">          
            <apply>
              <times/>
              <ci> cytoplasm </ci>
              <ci> p4 </ci>
              <ci> cYm </ci>
            </apply>
          </math>
                </kineticLaw>
      </reaction>
      <reaction id="R26" metaid="_151205" name="cYc transport to nucleus" reversible="false">
        <annotation>
          <rdf:RDF xmlns:rdf="http://www.w3.org/1999/02/22-rdf-syntax-ns#" xmlns:bqmodel="http://biomodels.net/model-qualifiers/" xmlns:bqbiol="http://biomodels.net/biology-qualifiers/">
            <rdf:Description rdf:about="#_151205">
	<bqbiol:is>
	<rdf:Bag>
	<rdf:li rdf:resource="http://identifiers.org/obo.go/GO:0000060"/>
	</rdf:Bag>
	</bqbiol:is>
	</rdf:Description>
	
          </rdf:RDF>
        </annotation>
              <listOfReactants>
          <speciesReference metaid="_539783" species="cYc"/>
        </listOfReactants>
        <listOfProducts>
          <speciesReference metaid="_539795" species="cYn"/>
        </listOfProducts>
        <kineticLaw metaid="_539808">
          <math xmlns="http://www.w3.org/1998/Math/MathML">          
            <apply>
              <times/>
              <ci> cytoplasm </ci>
              <ci> r7 </ci>
              <ci> cYc </ci>
            </apply>
          </math>
                </kineticLaw>
      </reaction>
      <reaction id="R27" metaid="_151225" name="cYn transport to cytoplasm" reversible="false">
        <annotation>
          <rdf:RDF xmlns:rdf="http://www.w3.org/1999/02/22-rdf-syntax-ns#" xmlns:bqmodel="http://biomodels.net/model-qualifiers/" xmlns:bqbiol="http://biomodels.net/biology-qualifiers/">
            <rdf:Description rdf:about="#_151225">
	<bqbiol:is>
	<rdf:Bag>
	<rdf:li rdf:resource="http://identifiers.org/obo.go/GO:0065002"/>
	</rdf:Bag>
	</bqbiol:is>
	</rdf:Description>
	
          </rdf:RDF>
        </annotation>
              <listOfReactants>
          <speciesReference metaid="_539820" species="cYn"/>
        </listOfReactants>
        <listOfProducts>
          <speciesReference metaid="_539832" species="cYc"/>
        </listOfProducts>
        <kineticLaw metaid="_539844">
          <math xmlns="http://www.w3.org/1998/Math/MathML">          
            <apply>
              <times/>
              <ci> nucleus </ci>
              <ci> r8 </ci>
              <ci> cYn </ci>
            </apply>
          </math>
                </kineticLaw>
      </reaction>
      <reaction id="R28" metaid="_151245" name="cYc degradation" reversible="false">
        <annotation>
          <rdf:RDF xmlns:rdf="http://www.w3.org/1999/02/22-rdf-syntax-ns#" xmlns:bqmodel="http://biomodels.net/model-qualifiers/" xmlns:bqbiol="http://biomodels.net/biology-qualifiers/">
            <rdf:Description rdf:about="#_151245">
	<bqbiol:is>
	<rdf:Bag>
	<rdf:li rdf:resource="http://identifiers.org/obo.go/GO:0044257"/>
	</rdf:Bag>
	</bqbiol:is>
	</rdf:Description>
	
          </rdf:RDF>
        </annotation>
              <listOfReactants>
          <speciesReference metaid="_539856" species="cYc"/>
        </listOfReactants>
        <kineticLaw metaid="_539868">
          <math xmlns="http://www.w3.org/1998/Math/MathML">          
            <apply>
              <divide/>
              <apply>
                <times/>
                <ci> cytoplasm </ci>
                <ci> m13 </ci>
                <ci> cYc </ci>
              </apply>
              <apply>
                <plus/>
                <ci> k11 </ci>
                <ci> cYc </ci>
              </apply>
            </apply>
          </math>
                </kineticLaw>
      </reaction>
      <reaction id="R29" metaid="_151265" name="cYn degradation" reversible="false">
        <annotation>
          <rdf:RDF xmlns:rdf="http://www.w3.org/1999/02/22-rdf-syntax-ns#" xmlns:bqmodel="http://biomodels.net/model-qualifiers/" xmlns:bqbiol="http://biomodels.net/biology-qualifiers/">
            <rdf:Description rdf:about="#_151265">
	<bqbiol:is>
	<rdf:Bag>
	<rdf:li rdf:resource="http://identifiers.org/obo.go/GO:0044257"/>
	</rdf:Bag>
	</bqbiol:is>
	</rdf:Description>
	
          </rdf:RDF>
        </annotation>
              <listOfReactants>
          <speciesReference metaid="_539880" species="cYn"/>
        </listOfReactants>
        <kineticLaw metaid="_539892">
          <math xmlns="http://www.w3.org/1998/Math/MathML">          
            <apply>
              <divide/>
              <apply>
                <times/>
                <ci> nucleus </ci>
                <ci> m14 </ci>
                <ci> cYn </ci>
              </apply>
              <apply>
                <plus/>
                <ci> k12 </ci>
                <ci> cYn </ci>
              </apply>
            </apply>
          </math>
                </kineticLaw>
      </reaction>
      <reaction id="R30" metaid="_151285" name="cPn synthesis" reversible="false">
        <annotation>
          <rdf:RDF xmlns:rdf="http://www.w3.org/1999/02/22-rdf-syntax-ns#" xmlns:bqmodel="http://biomodels.net/model-qualifiers/" xmlns:bqbiol="http://biomodels.net/biology-qualifiers/">
            <rdf:Description rdf:about="#_151285">
	<bqbiol:is>
	<rdf:Bag>
	<rdf:li rdf:resource="http://identifiers.org/obo.go/GO:0009642"/>
	<rdf:li rdf:resource="http://identifiers.org/obo.go/GO:0006412"/>
	</rdf:Bag>
	</bqbiol:is>
	</rdf:Description>
	
          </rdf:RDF>
        </annotation>
              <listOfProducts>
          <speciesReference metaid="_539904" species="cPn"/>
        </listOfProducts>
        <kineticLaw metaid="_539916">
          <math xmlns="http://www.w3.org/1998/Math/MathML">          
            <apply>
              <times/>
              <ci> nucleus </ci>
              <apply>
                <minus/>
                <ci> lmax </ci>
                <ci> ld </ci>
              </apply>
              <ci> p5 </ci>
            </apply>
          </math>
                </kineticLaw>
      </reaction>
      <reaction id="R31a" metaid="_151305" name="cPn degradation" reversible="false">
        <annotation>
          <rdf:RDF xmlns:rdf="http://www.w3.org/1999/02/22-rdf-syntax-ns#" xmlns:bqmodel="http://biomodels.net/model-qualifiers/" xmlns:bqbiol="http://biomodels.net/biology-qualifiers/">
            <rdf:Description rdf:about="#_151305">
	<bqbiol:is>
	<rdf:Bag>
	<rdf:li rdf:resource="http://identifiers.org/obo.go/GO:0044257"/>
	</rdf:Bag>
	</bqbiol:is>
	</rdf:Description>
	
          </rdf:RDF>
        </annotation>
              <listOfReactants>
          <speciesReference metaid="_539928" species="cPn"/>
        </listOfReactants>
        <kineticLaw metaid="_539940">
          <math xmlns="http://www.w3.org/1998/Math/MathML">          
            <apply>
              <divide/>
              <apply>
                <times/>
                <ci> nucleus </ci>
                <ci> m15 </ci>
                <ci> cPn </ci>
              </apply>
              <apply>
                <plus/>
                <ci> k13 </ci>
                <ci> cPn </ci>
              </apply>
            </apply>
          </math>
                </kineticLaw>
      </reaction>
      <reaction id="R31b" metaid="_151306" name="Light dependent cPn degradation" reversible="false">
        <annotation>
          <rdf:RDF xmlns:rdf="http://www.w3.org/1999/02/22-rdf-syntax-ns#" xmlns:bqmodel="http://biomodels.net/model-qualifiers/" xmlns:bqbiol="http://biomodels.net/biology-qualifiers/">
            <rdf:Description rdf:about="#_151306">
	<bqbiol:is>
	<rdf:Bag>
	<rdf:li rdf:resource="http://identifiers.org/obo.go/GO:0045732"/>
	<rdf:li rdf:resource="http://identifiers.org/obo.go/GO:0009642"/>
	</rdf:Bag>
	</bqbiol:is>
	</rdf:Description>
	
          </rdf:RDF>
        </annotation>
              <listOfReactants>
          <speciesReference metaid="_539952" species="cPn"/>
        </listOfReactants>
        <kineticLaw metaid="_539964">
          <math xmlns="http://www.w3.org/1998/Math/MathML">          
            <apply>
              <times/>
              <ci> nucleus </ci>
              <ci> q3 </ci>
              <ci> ld </ci>
              <ci> cPn </ci>
            </apply>
          </math>
                </kineticLaw>
      </reaction>
      <reaction id="R32" metaid="_151325" name="cP7m transcription" reversible="false">
        <annotation>
          <rdf:RDF xmlns:rdf="http://www.w3.org/1999/02/22-rdf-syntax-ns#" xmlns:bqmodel="http://biomodels.net/model-qualifiers/" xmlns:bqbiol="http://biomodels.net/biology-qualifiers/">
            <rdf:Description rdf:about="#_151325">
	<bqbiol:is>
	<rdf:Bag>
	<rdf:li rdf:resource="http://identifiers.org/obo.go/GO:0006351"/>
	</rdf:Bag>
	</bqbiol:is>
	</rdf:Description>
	
          </rdf:RDF>
        </annotation>
              <listOfProducts>
          <speciesReference metaid="_539976" species="cP7m"/>
        </listOfProducts>
        <listOfModifiers>
          <modifierSpeciesReference metaid="_539988" species="cLn"/>
        </listOfModifiers>
        <kineticLaw metaid="_540000">
          <math xmlns="http://www.w3.org/1998/Math/MathML">          
            <apply>
              <divide/>
              <apply>
                <times/>
                <ci> nucleus </ci>
                <ci> n6 </ci>
                <apply>
                  <power/>
                  <ci> cLn </ci>
                  <ci> j </ci>
                </apply>
              </apply>
              <apply>
                <plus/>
                <apply>
                  <power/>
                  <ci> g9 </ci>
                  <ci> j </ci>
                </apply>
                <apply>
                  <power/>
                  <ci> cLn </ci>
                  <ci> j </ci>
                </apply>
              </apply>
            </apply>
          </math>
                </kineticLaw>
      </reaction>
      <reaction id="R33" metaid="_151326" name="cP7m degradation" reversible="false">
        <annotation>
          <rdf:RDF xmlns:rdf="http://www.w3.org/1999/02/22-rdf-syntax-ns#" xmlns:bqmodel="http://biomodels.net/model-qualifiers/" xmlns:bqbiol="http://biomodels.net/biology-qualifiers/">
            <rdf:Description rdf:about="#_151326">
	<bqbiol:is>
	<rdf:Bag>
	<rdf:li rdf:resource="http://identifiers.org/obo.go/GO:0006402"/>
	</rdf:Bag>
	</bqbiol:is>
	</rdf:Description>
	
          </rdf:RDF>
        </annotation>
              <listOfReactants>
          <speciesReference metaid="_540012" species="cP7m"/>
        </listOfReactants>
        <kineticLaw metaid="_540024">
          <math xmlns="http://www.w3.org/1998/Math/MathML">          
            <apply>
              <divide/>
              <apply>
                <times/>
                <ci> nucleus </ci>
                <ci> m16 </ci>
                <ci> cP7m </ci>
              </apply>
              <apply>
                <plus/>
                <ci> k14 </ci>
                <ci> cP7m </ci>
              </apply>
            </apply>
          </math>
                </kineticLaw>
      </reaction>
      <reaction id="R34" metaid="_151345" name="cP7c synthesis" reversible="false">
        <annotation>
          <rdf:RDF xmlns:rdf="http://www.w3.org/1999/02/22-rdf-syntax-ns#" xmlns:bqmodel="http://biomodels.net/model-qualifiers/" xmlns:bqbiol="http://biomodels.net/biology-qualifiers/">
            <rdf:Description rdf:about="#_151345">
	<bqbiol:is>
	<rdf:Bag>
	<rdf:li rdf:resource="http://identifiers.org/obo.go/GO:0006412"/>
	</rdf:Bag>
	</bqbiol:is>
	</rdf:Description>
	
          </rdf:RDF>
        </annotation>
              <listOfProducts>
          <speciesReference metaid="_540036" species="cP7c"/>
        </listOfProducts>
        <listOfModifiers>
          <modifierSpeciesReference metaid="_540048" species="cP7m"/>
        </listOfModifiers>
        <kineticLaw metaid="_540060">
          <math xmlns="http://www.w3.org/1998/Math/MathML">          
            <apply>
              <times/>
              <ci> cytoplasm </ci>
              <ci> p6 </ci>
              <ci> cP7m </ci>
            </apply>
          </math>
                </kineticLaw>
      </reaction>
      <reaction id="R35" metaid="_151365" name="cP7c transport to nucleus" reversible="false">
        <annotation>
          <rdf:RDF xmlns:rdf="http://www.w3.org/1999/02/22-rdf-syntax-ns#" xmlns:bqmodel="http://biomodels.net/model-qualifiers/" xmlns:bqbiol="http://biomodels.net/biology-qualifiers/">
            <rdf:Description rdf:about="#_151365">
	<bqbiol:is>
	<rdf:Bag>
	<rdf:li rdf:resource="http://identifiers.org/obo.go/GO:0000060"/>
	</rdf:Bag>
	</bqbiol:is>
	</rdf:Description>
	
          </rdf:RDF>
        </annotation>
              <listOfReactants>
          <speciesReference metaid="_540072" species="cP7c"/>
        </listOfReactants>
        <listOfProducts>
          <speciesReference metaid="_540084" species="cP7n"/>
        </listOfProducts>
        <kineticLaw metaid="_540096">
          <math xmlns="http://www.w3.org/1998/Math/MathML">          
            <apply>
              <times/>
              <ci> cytoplasm </ci>
              <ci> r9 </ci>
              <ci> cP7c </ci>
            </apply>
          </math>
                </kineticLaw>
      </reaction>
      <reaction id="R36" metaid="_151385" name="cP7n transport to cytoplasm" reversible="false">
        <annotation>
          <rdf:RDF xmlns:rdf="http://www.w3.org/1999/02/22-rdf-syntax-ns#" xmlns:bqmodel="http://biomodels.net/model-qualifiers/" xmlns:bqbiol="http://biomodels.net/biology-qualifiers/">
            <rdf:Description rdf:about="#_151385">
	<bqbiol:is>
	<rdf:Bag>
	<rdf:li rdf:resource="http://identifiers.org/obo.go/GO:0065002"/>
	</rdf:Bag>
	</bqbiol:is>
	</rdf:Description>
	
          </rdf:RDF>
        </annotation>
              <listOfReactants>
          <speciesReference metaid="_540108" species="cP7n"/>
        </listOfReactants>
        <listOfProducts>
          <speciesReference metaid="_540120" species="cP7c"/>
        </listOfProducts>
        <kineticLaw metaid="_540132">
          <math xmlns="http://www.w3.org/1998/Math/MathML">          
            <apply>
              <times/>
              <ci> nucleus </ci>
              <ci> r10 </ci>
              <ci> cP7n </ci>
            </apply>
          </math>
                </kineticLaw>
      </reaction>
      <reaction id="R37" metaid="_151405" name="cP7c degradation" reversible="false">
        <annotation>
          <rdf:RDF xmlns:rdf="http://www.w3.org/1999/02/22-rdf-syntax-ns#" xmlns:bqmodel="http://biomodels.net/model-qualifiers/" xmlns:bqbiol="http://biomodels.net/biology-qualifiers/">
            <rdf:Description rdf:about="#_151405">
	<bqbiol:is>
	<rdf:Bag>
	<rdf:li rdf:resource="http://identifiers.org/obo.go/GO:0044257"/>
	</rdf:Bag>
	</bqbiol:is>
	</rdf:Description>
	
          </rdf:RDF>
        </annotation>
              <listOfReactants>
          <speciesReference metaid="_540144" species="cP7c"/>
        </listOfReactants>
        <kineticLaw metaid="_540156">
          <math xmlns="http://www.w3.org/1998/Math/MathML">          
            <apply>
              <divide/>
              <apply>
                <times/>
                <ci> cytoplasm </ci>
                <ci> m17 </ci>
                <ci> cP7c </ci>
              </apply>
              <apply>
                <plus/>
                <ci> k15 </ci>
                <ci> cP7c </ci>
              </apply>
            </apply>
          </math>
                </kineticLaw>
      </reaction>
      <reaction id="R38" metaid="_151425" name="cP7n degradation" reversible="false">
        <annotation>
          <rdf:RDF xmlns:rdf="http://www.w3.org/1999/02/22-rdf-syntax-ns#" xmlns:bqmodel="http://biomodels.net/model-qualifiers/" xmlns:bqbiol="http://biomodels.net/biology-qualifiers/">
            <rdf:Description rdf:about="#_151425">
	<bqbiol:is>
	<rdf:Bag>
	<rdf:li rdf:resource="http://identifiers.org/obo.go/GO:0044257"/>
	</rdf:Bag>
	</bqbiol:is>
	</rdf:Description>
	
          </rdf:RDF>
        </annotation>
              <listOfReactants>
          <speciesReference metaid="_540168" species="cP7n"/>
        </listOfReactants>
        <kineticLaw metaid="_540180">
          <math xmlns="http://www.w3.org/1998/Math/MathML">          
            <apply>
              <divide/>
              <apply>
                <times/>
                <ci> nucleus </ci>
                <ci> m18 </ci>
                <ci> cP7n </ci>
              </apply>
              <apply>
                <plus/>
                <ci> k16 </ci>
                <ci> cP7n </ci>
              </apply>
            </apply>
          </math>
                </kineticLaw>
      </reaction>
      <reaction id="R39" metaid="_151445" name="cP9m transcription" reversible="false">
        <annotation>
          <rdf:RDF xmlns:rdf="http://www.w3.org/1999/02/22-rdf-syntax-ns#" xmlns:bqmodel="http://biomodels.net/model-qualifiers/" xmlns:bqbiol="http://biomodels.net/biology-qualifiers/">
            <rdf:Description rdf:about="#_151445">
	<bqbiol:is>
	<rdf:Bag>
	<rdf:li rdf:resource="http://identifiers.org/obo.go/GO:0006351"/>
	</rdf:Bag>
	</bqbiol:is>
	</rdf:Description>
	
          </rdf:RDF>
        </annotation>
              <listOfProducts>
          <speciesReference metaid="_540192" species="cP9m"/>
        </listOfProducts>
        <listOfModifiers>
          <modifierSpeciesReference metaid="_540204" species="cLn"/>
        </listOfModifiers>
        <kineticLaw metaid="_540216">
          <math xmlns="http://www.w3.org/1998/Math/MathML">          
            <apply>
              <divide/>
              <apply>
                <times/>
                <ci> nucleus </ci>
                <ci> n7 </ci>
                <apply>
                  <power/>
                  <ci> cLn </ci>
                  <ci> k </ci>
                </apply>
              </apply>
              <apply>
                <plus/>
                <apply>
                  <power/>
                  <ci> g10 </ci>
                  <ci> k </ci>
                </apply>
                <apply>
                  <power/>
                  <ci> cLn </ci>
                  <ci> k </ci>
                </apply>
              </apply>
            </apply>
          </math>
                </kineticLaw>
      </reaction>
      <reaction id="R40" metaid="_151465" name="cP9m degradation" reversible="false">
        <annotation>
          <rdf:RDF xmlns:rdf="http://www.w3.org/1999/02/22-rdf-syntax-ns#" xmlns:bqmodel="http://biomodels.net/model-qualifiers/" xmlns:bqbiol="http://biomodels.net/biology-qualifiers/">
            <rdf:Description rdf:about="#_151465">
	<bqbiol:is>
	<rdf:Bag>
	<rdf:li rdf:resource="http://identifiers.org/obo.go/GO:0006402"/>
	</rdf:Bag>
	</bqbiol:is>
	</rdf:Description>
	
          </rdf:RDF>
        </annotation>
              <listOfReactants>
          <speciesReference metaid="_540228" species="cP9m"/>
        </listOfReactants>
        <kineticLaw metaid="_540240">
          <math xmlns="http://www.w3.org/1998/Math/MathML">          
            <apply>
              <divide/>
              <apply>
                <times/>
                <ci> nucleus </ci>
                <ci> m19 </ci>
                <ci> cP9m </ci>
              </apply>
              <apply>
                <plus/>
                <ci> k17 </ci>
                <ci> cP9m </ci>
              </apply>
            </apply>
          </math>
                </kineticLaw>
      </reaction>
      <reaction id="R41" metaid="_151485" name="cP9c synthesis" reversible="false">
        <annotation>
          <rdf:RDF xmlns:rdf="http://www.w3.org/1999/02/22-rdf-syntax-ns#" xmlns:bqmodel="http://biomodels.net/model-qualifiers/" xmlns:bqbiol="http://biomodels.net/biology-qualifiers/">
            <rdf:Description rdf:about="#_151485">
	<bqbiol:is>
	<rdf:Bag>
	<rdf:li rdf:resource="http://identifiers.org/obo.go/GO:0006412"/>
	</rdf:Bag>
	</bqbiol:is>
	</rdf:Description>
	
          </rdf:RDF>
        </annotation>
              <listOfProducts>
          <speciesReference metaid="_540252" species="cP9c"/>
        </listOfProducts>
        <listOfModifiers>
          <modifierSpeciesReference metaid="_540265" species="cP9m"/>
        </listOfModifiers>
        <kineticLaw metaid="_540277">
          <math xmlns="http://www.w3.org/1998/Math/MathML">          
            <apply>
              <times/>
              <ci> cytoplasm </ci>
              <ci> p7 </ci>
              <ci> cP9m </ci>
            </apply>
          </math>
                </kineticLaw>
      </reaction>
      <reaction id="R42" metaid="_151505" name="cP9c transport to nucleus" reversible="false">
        <annotation>
          <rdf:RDF xmlns:rdf="http://www.w3.org/1999/02/22-rdf-syntax-ns#" xmlns:bqmodel="http://biomodels.net/model-qualifiers/" xmlns:bqbiol="http://biomodels.net/biology-qualifiers/">
            <rdf:Description rdf:about="#_151505">
	<bqbiol:is>
	<rdf:Bag>
	<rdf:li rdf:resource="http://identifiers.org/obo.go/GO:0000060"/>
	</rdf:Bag>
	</bqbiol:is>
	</rdf:Description>
	
          </rdf:RDF>
        </annotation>
              <listOfReactants>
          <speciesReference metaid="_540289" species="cP9c"/>
        </listOfReactants>
        <listOfProducts>
          <speciesReference metaid="_540301" species="cP9n"/>
        </listOfProducts>
        <kineticLaw metaid="_540313">
          <math xmlns="http://www.w3.org/1998/Math/MathML">          
            <apply>
              <times/>
              <ci> cytoplasm </ci>
              <ci> r11 </ci>
              <ci> cP9c </ci>
            </apply>
          </math>
                </kineticLaw>
      </reaction>
      <reaction id="R43" metaid="_151525" name="cP9n transport to cytoplasm" reversible="false">
        <annotation>
          <rdf:RDF xmlns:rdf="http://www.w3.org/1999/02/22-rdf-syntax-ns#" xmlns:bqmodel="http://biomodels.net/model-qualifiers/" xmlns:bqbiol="http://biomodels.net/biology-qualifiers/">
            <rdf:Description rdf:about="#_151525">
	<bqbiol:is>
	<rdf:Bag>
	<rdf:li rdf:resource="http://identifiers.org/obo.go/GO:0065002"/>
	</rdf:Bag>
	</bqbiol:is>
	</rdf:Description>
	
          </rdf:RDF>
        </annotation>
              <listOfReactants>
          <speciesReference metaid="_540325" species="cP9n"/>
        </listOfReactants>
        <listOfProducts>
          <speciesReference metaid="_540337" species="cP9c"/>
        </listOfProducts>
        <kineticLaw metaid="_540350">
          <math xmlns="http://www.w3.org/1998/Math/MathML">          
            <apply>
              <times/>
              <ci> nucleus </ci>
              <ci> r12 </ci>
              <ci> cP9n </ci>
            </apply>
          </math>
                </kineticLaw>
      </reaction>
      <reaction id="R44" metaid="_151545" name="cP9c degradation" reversible="false">
        <annotation>
          <rdf:RDF xmlns:rdf="http://www.w3.org/1999/02/22-rdf-syntax-ns#" xmlns:bqmodel="http://biomodels.net/model-qualifiers/" xmlns:bqbiol="http://biomodels.net/biology-qualifiers/">
            <rdf:Description rdf:about="#_151545">
	<bqbiol:is>
	<rdf:Bag>
	<rdf:li rdf:resource="http://identifiers.org/obo.go/GO:0044257"/>
	</rdf:Bag>
	</bqbiol:is>
	</rdf:Description>
	
          </rdf:RDF>
        </annotation>
              <listOfReactants>
          <speciesReference metaid="_540362" species="cP9c"/>
        </listOfReactants>
        <kineticLaw metaid="_540374">
          <math xmlns="http://www.w3.org/1998/Math/MathML">          
            <apply>
              <divide/>
              <apply>
                <times/>
                <ci> cytoplasm </ci>
                <ci> m20 </ci>
                <ci> cP9c </ci>
              </apply>
              <apply>
                <plus/>
                <ci> k18 </ci>
                <ci> cP9c </ci>
              </apply>
            </apply>
          </math>
                </kineticLaw>
      </reaction>
      <reaction id="R45" metaid="_151565" name="cP9n degradation" reversible="false">
        <annotation>
          <rdf:RDF xmlns:rdf="http://www.w3.org/1999/02/22-rdf-syntax-ns#" xmlns:bqmodel="http://biomodels.net/model-qualifiers/" xmlns:bqbiol="http://biomodels.net/biology-qualifiers/">
            <rdf:Description rdf:about="#_151565">
	<bqbiol:is>
	<rdf:Bag>
	<rdf:li rdf:resource="http://identifiers.org/obo.go/GO:0044257"/>
	</rdf:Bag>
	</bqbiol:is>
	</rdf:Description>
	
          </rdf:RDF>
        </annotation>
              <listOfReactants>
          <speciesReference metaid="_540386" species="cP9n"/>
        </listOfReactants>
        <kineticLaw metaid="_540398">
          <math xmlns="http://www.w3.org/1998/Math/MathML">          
            <apply>
              <divide/>
              <apply>
                <times/>
                <ci> nucleus </ci>
                <ci> m21 </ci>
                <ci> cP9n </ci>
              </apply>
              <apply>
                <plus/>
                <ci> k19 </ci>
                <ci> cP9n </ci>
              </apply>
            </apply>
          </math>
                </kineticLaw>
      </reaction>
    </listOfReactions>
    <listOfEvents>
      <event id="event_0000001" metaid="metaid_0000160">
        <trigger metaid="_540410">
          <math xmlns="http://www.w3.org/1998/Math/MathML">          
            <apply>
              <gt/>
              <csymbol encoding="text" definitionURL="http://www.sbml.org/sbml/symbols/time"> t </csymbol>
              <cn type="integer"> 30 </cn>
            </apply>
          </math>
                </trigger>
        <listOfEventAssignments>
          <eventAssignment metaid="_540422" variable="ld">
            <math xmlns="http://www.w3.org/1998/Math/MathML">            
              <cn type="integer"> 1 </cn>
            </math>
                    </eventAssignment>
        </listOfEventAssignments>
      </event>
    </listOfEvents>
  </model>
</sbml>