<?xml version='1.0' encoding='UTF-8' standalone='no'?>
<sbml xmlns="http://www.sbml.org/sbml/level2/version4" level="2" metaid="_513161" version="4">
  <model metaid="_307000" name="Queralt2006_MitoticExit_Cdc55DownregulationBySeparase">
    <notes>
      <body xmlns="http://www.w3.org/1999/xhtml">
        <p>This model is from the article:      <br/>
                <strong>Downregulation of PP2A(Cdc55) phosphatase by separase initiates mitotic exit in budding yeast.</strong>
                <br/>
          Queralt E, Lehane C, Novak B, Uhlmann F.      <em>Cell.</em>
          2006 May 19;125(4):719-32.      <a href="http://www.ncbi.nlm.nih.gov/pubmed/16713564">16713564</a>
          ,      <br/>
                <strong>Abstract:</strong>
                <br/>
          After anaphase, the high mitotic cyclin-dependent kinase (Cdk) activity is downregulated to promote exit from mitosis. To this end, in the budding yeast S. cerevisiae, the Cdk counteracting phosphatase Cdc14 is activated. In metaphase, Cdc14 is kept inactive in the nucleolus by its inhibitor Net1. During anaphase, Cdk- and Polo-dependent phosphorylation of Net1 is thought to release active Cdc14. How Net1 is phosphorylated specifically in anaphase, when mitotic kinase activity starts to decline, has remained unexplained. Here, we show that PP2A(Cdc55) phosphatase keeps Net1 underphosphorylated in metaphase. The sister chromatid-separating protease separase, activated at anaphase onset, interacts with and downregulates PP2A(Cdc55), thereby facilitating Cdk-dependent Net1 phosphorylation. PP2A(Cdc55) downregulation also promotes phosphorylation of Bfa1, contributing to activation of the "mitotic exit network" that sustains Cdc14 as Cdk activity declines. These findings allow us to present a new quantitative model for mitotic exit in budding yeast.      </p>
            <p>This model originates from BioModels Database: A Database of Annotated Published Models (http://www.ebi.ac.uk/biomodels/). It is copyright (c) 2005-2012 The BioModels.net Team.      <br/>
          For more information see the      <a href="http://www.ebi.ac.uk/biomodels/legal.html" target="_blank">terms of use</a>
          .      <br/>
          To cite BioModels Database, please use:      <a href="http://www.ncbi.nlm.nih.gov/pubmed/20587024" target="_blank">Li C, Donizelli M, Rodriguez N, Dharuri H, Endler L, Chelliah V, Li L, He E, Henry A, Stefan MI, Snoep JL, Hucka M, Le Novère N, Laibe C (2010) BioModels Database: An enhanced, curated and annotated resource for published quantitative kinetic models. BMC Syst Biol., 4:92.</a>
                </p>
            </body>
      
    </notes>
    <annotation>
      <rdf:RDF xmlns:rdf="http://www.w3.org/1999/02/22-rdf-syntax-ns#" xmlns:bqmodel="http://biomodels.net/model-qualifiers/" xmlns:vCard="http://www.w3.org/2001/vcard-rdf/3.0#" xmlns:dc="http://purl.org/dc/elements/1.1/" xmlns:dcterms="http://purl.org/dc/terms/" xmlns:bqbiol="http://biomodels.net/biology-qualifiers/">
        <rdf:Description rdf:about="#_307000">
	<dc:creator>
	<rdf:Bag>
	<rdf:li rdf:parseType="Resource">
	<vCard:N rdf:parseType="Resource">
	<vCard:Family>Endler</vCard:Family>
	<vCard:Given>Lukas</vCard:Given>
	</vCard:N>
	<vCard:EMAIL>lukas@ebi.ac.uk</vCard:EMAIL>
	<vCard:ORG rdf:parseType="Resource">
	<vCard:Orgname>EMBL-EBI</vCard:Orgname>
	</vCard:ORG>
	</rdf:li>
	<rdf:li rdf:parseType="Resource">
	<vCard:N rdf:parseType="Resource">
	<vCard:Family>Chelliah</vCard:Family>
	<vCard:Given>Vijayalakshmi</vCard:Given>
	</vCard:N>
	<vCard:EMAIL>viji@ebi.ac.uk</vCard:EMAIL>
	<vCard:ORG rdf:parseType="Resource">
	<vCard:Orgname>EMBL-EBI</vCard:Orgname>
	</vCard:ORG>
	</rdf:li>
	</rdf:Bag>
	</dc:creator>
	<dcterms:created rdf:parseType="Resource">
	<dcterms:W3CDTF>2009-08-20T16:15:09Z</dcterms:W3CDTF>
	</dcterms:created>
	<dcterms:modified rdf:parseType="Resource">
	<dcterms:W3CDTF>2012-07-16T12:01:33Z</dcterms:W3CDTF>
	</dcterms:modified>
	<bqmodel:is>
	<rdf:Bag>
	<rdf:li rdf:resource="http://identifiers.org/biomodels.db/MODEL5951818256"/>
	</rdf:Bag>
	</bqmodel:is>
	<bqmodel:is>
	<rdf:Bag>
	<rdf:li rdf:resource="http://identifiers.org/biomodels.db/BIOMD0000000409"/>
	</rdf:Bag>
	</bqmodel:is>
	<bqmodel:isDescribedBy>
	<rdf:Bag>
	<rdf:li rdf:resource="http://identifiers.org/pubmed/16713564"/>
	</rdf:Bag>
	</bqmodel:isDescribedBy>
	<bqbiol:hasTaxon>
	<rdf:Bag>
	<rdf:li rdf:resource="http://identifiers.org/taxonomy/4932"/>
	</rdf:Bag>
	</bqbiol:hasTaxon>
	<bqbiol:isVersionOf>
	<rdf:Bag>
	<rdf:li rdf:resource="http://identifiers.org/obo.go/GO:0000278"/>
	<rdf:li rdf:resource="http://identifiers.org/cco/CCO:P0000038"/>
	</rdf:Bag>
	</bqbiol:isVersionOf>
	</rdf:Description>
	
      </rdf:RDF>
    </annotation>
      <listOfCompartments>
      <compartment id="compartment" metaid="_307002" name="compartment" sboTerm="SBO:0000290" size="1">
        <annotation>
          <rdf:RDF xmlns:rdf="http://www.w3.org/1999/02/22-rdf-syntax-ns#" xmlns:bqmodel="http://biomodels.net/model-qualifiers/" xmlns:bqbiol="http://biomodels.net/biology-qualifiers/">
            <rdf:Description rdf:about="#_307002">
	<bqbiol:isVersionOf>
	<rdf:Bag>
	<rdf:li rdf:resource="http://identifiers.org/obo.go/GO:0005623"/>
	</rdf:Bag>
	</bqbiol:isVersionOf>
	</rdf:Description>
	
          </rdf:RDF>
        </annotation>
            </compartment>
    </listOfCompartments>
    <listOfSpecies>
      <species boundaryCondition="true" compartment="compartment" constant="true" id="AA" initialConcentration="1" metaid="_307003" name="AA" sboTerm="SBO:0000291">
        <annotation>
          <rdf:RDF xmlns:rdf="http://www.w3.org/1999/02/22-rdf-syntax-ns#" xmlns:bqmodel="http://biomodels.net/model-qualifiers/" xmlns:bqbiol="http://biomodels.net/biology-qualifiers/">
            <rdf:Description rdf:about="#_307003">
	<bqbiol:isVersionOf>
	<rdf:Bag>
	<rdf:li rdf:resource="http://identifiers.org/obo.chebi/CHEBI:33704"/>
	</rdf:Bag>
	</bqbiol:isVersionOf>
	</rdf:Description>
	
          </rdf:RDF>
        </annotation>
            </species>
      <species compartment="compartment" id="Clb2" initialConcentration="0.997" metaid="_307004" name="Clb2" sboTerm="SBO:0000252">
        <annotation>
          <rdf:RDF xmlns:rdf="http://www.w3.org/1999/02/22-rdf-syntax-ns#" xmlns:bqmodel="http://biomodels.net/model-qualifiers/" xmlns:bqbiol="http://biomodels.net/biology-qualifiers/">
            <rdf:Description rdf:about="#_307004">
	<bqbiol:isVersionOf>
	<rdf:Bag>
	<rdf:li rdf:resource="http://identifiers.org/uniprot/P24869"/>
	</rdf:Bag>
	</bqbiol:isVersionOf>
	</rdf:Description>
	
          </rdf:RDF>
        </annotation>
            </species>
      <species boundaryCondition="true" compartment="compartment" constant="true" id="degr" initialConcentration="1" metaid="_307005" name="degr" sboTerm="SBO:0000291"/>
      <species compartment="compartment" id="Cdc20" initialConcentration="0" metaid="_307006" name="Cdc20" sboTerm="SBO:0000252">
        <annotation>
          <rdf:RDF xmlns:rdf="http://www.w3.org/1999/02/22-rdf-syntax-ns#" xmlns:bqmodel="http://biomodels.net/model-qualifiers/" xmlns:bqbiol="http://biomodels.net/biology-qualifiers/">
            <rdf:Description rdf:about="#_307006">
	<bqbiol:isVersionOf>
	<rdf:Bag>
	<rdf:li rdf:resource="http://identifiers.org/uniprot/P26309"/>
	</rdf:Bag>
	</bqbiol:isVersionOf>
	</rdf:Description>
	
          </rdf:RDF>
        </annotation>
            </species>
      <species compartment="compartment" id="Cdh1" initialConcentration="3.8E-5" metaid="_307008" name="Cdh1" sboTerm="SBO:0000252">
        <annotation>
          <rdf:RDF xmlns:rdf="http://www.w3.org/1999/02/22-rdf-syntax-ns#" xmlns:bqmodel="http://biomodels.net/model-qualifiers/" xmlns:bqbiol="http://biomodels.net/biology-qualifiers/">
            <rdf:Description rdf:about="#_307008">
	<bqbiol:isVersionOf>
	<rdf:Bag>
	<rdf:li rdf:resource="http://identifiers.org/uniprot/P53197"/>
	</rdf:Bag>
	</bqbiol:isVersionOf>
	</rdf:Description>
	
          </rdf:RDF>
        </annotation>
            </species>
      <species boundaryCondition="true" compartment="compartment" id="Cdh1_i" metaid="_307009" name="inactive Cdh1" sboTerm="SBO:0000252">
        <annotation>
          <rdf:RDF xmlns:rdf="http://www.w3.org/1999/02/22-rdf-syntax-ns#" xmlns:bqmodel="http://biomodels.net/model-qualifiers/" xmlns:bqbiol="http://biomodels.net/biology-qualifiers/">
            <rdf:Description rdf:about="#_307009">
	<bqbiol:isVersionOf>
	<rdf:Bag>
	<rdf:li rdf:resource="http://identifiers.org/uniprot/P53197"/>
	</rdf:Bag>
	</bqbiol:isVersionOf>
	</rdf:Description>
	
          </rdf:RDF>
        </annotation>
            </species>
      <species compartment="compartment" id="securinT" initialConcentration="0.6" metaid="_307010" name="securinT" sboTerm="SBO:0000252">
        <annotation>
          <rdf:RDF xmlns:rdf="http://www.w3.org/1999/02/22-rdf-syntax-ns#" xmlns:bqmodel="http://biomodels.net/model-qualifiers/" xmlns:bqbiol="http://biomodels.net/biology-qualifiers/">
            <rdf:Description rdf:about="#_307010">
	<bqbiol:isVersionOf>
	<rdf:Bag>
	<rdf:li rdf:resource="http://identifiers.org/uniprot/P40316"/>
	</rdf:Bag>
	</bqbiol:isVersionOf>
	</rdf:Description>
	
          </rdf:RDF>
        </annotation>
            </species>
      <species boundaryCondition="true" compartment="compartment" id="securin" metaid="_307011" name="securin" sboTerm="SBO:0000252">
        <annotation>
          <rdf:RDF xmlns:rdf="http://www.w3.org/1999/02/22-rdf-syntax-ns#" xmlns:bqmodel="http://biomodels.net/model-qualifiers/" xmlns:bqbiol="http://biomodels.net/biology-qualifiers/">
            <rdf:Description rdf:about="#_307011">
	<bqbiol:isVersionOf>
	<rdf:Bag>
	<rdf:li rdf:resource="http://identifiers.org/uniprot/P40316"/>
	</rdf:Bag>
	</bqbiol:isVersionOf>
	</rdf:Description>
	
          </rdf:RDF>
        </annotation>
            </species>
      <species compartment="compartment" id="separaseT" initialConcentration="0.25" metaid="_307013" name="separaseT" sboTerm="SBO:0000252">
        <annotation>
          <rdf:RDF xmlns:rdf="http://www.w3.org/1999/02/22-rdf-syntax-ns#" xmlns:bqmodel="http://biomodels.net/model-qualifiers/" xmlns:bqbiol="http://biomodels.net/biology-qualifiers/">
            <rdf:Description rdf:about="#_307013">
	<bqbiol:isVersionOf>
	<rdf:Bag>
	<rdf:li rdf:resource="http://identifiers.org/uniprot/Q03018"/>
	</rdf:Bag>
	</bqbiol:isVersionOf>
	</rdf:Description>
	
          </rdf:RDF>
        </annotation>
            </species>
      <species boundaryCondition="true" compartment="compartment" id="separase" metaid="_307014" name="separase" sboTerm="SBO:0000252">
        <annotation>
          <rdf:RDF xmlns:rdf="http://www.w3.org/1999/02/22-rdf-syntax-ns#" xmlns:bqmodel="http://biomodels.net/model-qualifiers/" xmlns:bqbiol="http://biomodels.net/biology-qualifiers/">
            <rdf:Description rdf:about="#_307014">
	<bqbiol:isVersionOf>
	<rdf:Bag>
	<rdf:li rdf:resource="http://identifiers.org/uniprot/Q03018"/>
	</rdf:Bag>
	</bqbiol:isVersionOf>
	</rdf:Description>
	
          </rdf:RDF>
        </annotation>
            </species>
      <species compartment="compartment" id="securinseparase" initialConcentration="0.248" metaid="_307015" name="securin:separase" sboTerm="SBO:0000297">
        <annotation>
          <rdf:RDF xmlns:rdf="http://www.w3.org/1999/02/22-rdf-syntax-ns#" xmlns:bqmodel="http://biomodels.net/model-qualifiers/" xmlns:bqbiol="http://biomodels.net/biology-qualifiers/">
            <rdf:Description rdf:about="#_307015">
	<bqbiol:hasPart>
	<rdf:Bag>
	<rdf:li rdf:resource="http://identifiers.org/uniprot/P40316"/>
	<rdf:li rdf:resource="http://identifiers.org/uniprot/Q03018"/>
	</rdf:Bag>
	</bqbiol:hasPart>
	</rdf:Description>
	
          </rdf:RDF>
        </annotation>
            </species>
      <species compartment="compartment" id="Net1" initialConcentration="0.098" metaid="_307016" name="Net1" sboTerm="SBO:0000252">
        <annotation>
          <rdf:RDF xmlns:rdf="http://www.w3.org/1999/02/22-rdf-syntax-ns#" xmlns:bqmodel="http://biomodels.net/model-qualifiers/" xmlns:bqbiol="http://biomodels.net/biology-qualifiers/">
            <rdf:Description rdf:about="#_307016">
	<bqbiol:isVersionOf>
	<rdf:Bag>
	<rdf:li rdf:resource="http://identifiers.org/uniprot/P47035"/>
	</rdf:Bag>
	</bqbiol:isVersionOf>
	</rdf:Description>
	
          </rdf:RDF>
        </annotation>
            </species>
      <species compartment="compartment" id="Net1Cdc14" initialConcentration="0.485" metaid="_307018" name="Net1Cdc14" sboTerm="SBO:0000297">
        <annotation>
          <rdf:RDF xmlns:rdf="http://www.w3.org/1999/02/22-rdf-syntax-ns#" xmlns:bqmodel="http://biomodels.net/model-qualifiers/" xmlns:bqbiol="http://biomodels.net/biology-qualifiers/">
            <rdf:Description rdf:about="#_307018">
	<bqbiol:hasPart>
	<rdf:Bag>
	<rdf:li rdf:resource="http://identifiers.org/uniprot/P47035"/>
	<rdf:li rdf:resource="http://identifiers.org/uniprot/Q00684"/>
	</rdf:Bag>
	</bqbiol:hasPart>
	</rdf:Description>
	
          </rdf:RDF>
        </annotation>
            </species>
      <species compartment="compartment" id="PoloT" initialConcentration="0.99" metaid="_307019" name="PoloT" sboTerm="SBO:0000252">
        <annotation>
          <rdf:RDF xmlns:rdf="http://www.w3.org/1999/02/22-rdf-syntax-ns#" xmlns:bqmodel="http://biomodels.net/model-qualifiers/" xmlns:bqbiol="http://biomodels.net/biology-qualifiers/">
            <rdf:Description rdf:about="#_307019">
	<bqbiol:isVersionOf>
	<rdf:Bag>
	<rdf:li rdf:resource="http://identifiers.org/uniprot/P32562"/>
	</rdf:Bag>
	</bqbiol:isVersionOf>
	</rdf:Description>
	
          </rdf:RDF>
        </annotation>
            </species>
      <species compartment="compartment" id="Polo" initialConcentration="0.945" metaid="_307020" name="Polo" sboTerm="SBO:0000252">
        <annotation>
          <rdf:RDF xmlns:rdf="http://www.w3.org/1999/02/22-rdf-syntax-ns#" xmlns:bqmodel="http://biomodels.net/model-qualifiers/" xmlns:bqbiol="http://biomodels.net/biology-qualifiers/">
            <rdf:Description rdf:about="#_307020">
	<bqbiol:isVersionOf>
	<rdf:Bag>
	<rdf:li rdf:resource="http://identifiers.org/uniprot/P32562"/>
	</rdf:Bag>
	</bqbiol:isVersionOf>
	</rdf:Description>
	
          </rdf:RDF>
        </annotation>
            </species>
      <species boundaryCondition="true" compartment="compartment" id="Polo_i" metaid="_307021" name="inactive Polo" sboTerm="SBO:0000252">
        <annotation>
          <rdf:RDF xmlns:rdf="http://www.w3.org/1999/02/22-rdf-syntax-ns#" xmlns:bqmodel="http://biomodels.net/model-qualifiers/" xmlns:bqbiol="http://biomodels.net/biology-qualifiers/">
            <rdf:Description rdf:about="#_307021">
	<bqbiol:isVersionOf>
	<rdf:Bag>
	<rdf:li rdf:resource="http://identifiers.org/uniprot/P32562"/>
	</rdf:Bag>
	</bqbiol:isVersionOf>
	</rdf:Description>
	
          </rdf:RDF>
        </annotation>
            </species>
      <species compartment="compartment" id="Tem1" initialConcentration="0.00389" metaid="_307023" name="Tem1" sboTerm="SBO:0000252">
        <annotation>
          <rdf:RDF xmlns:rdf="http://www.w3.org/1999/02/22-rdf-syntax-ns#" xmlns:bqmodel="http://biomodels.net/model-qualifiers/" xmlns:bqbiol="http://biomodels.net/biology-qualifiers/">
            <rdf:Description rdf:about="#_307023">
	<bqbiol:isVersionOf>
	<rdf:Bag>
	<rdf:li rdf:resource="http://identifiers.org/uniprot/P38987"/>
	</rdf:Bag>
	</bqbiol:isVersionOf>
	</rdf:Description>
	
          </rdf:RDF>
        </annotation>
            </species>
      <species boundaryCondition="true" compartment="compartment" id="Tem1_i" metaid="_307024" name="inactive Tem1" sboTerm="SBO:0000252">
        <annotation>
          <rdf:RDF xmlns:rdf="http://www.w3.org/1999/02/22-rdf-syntax-ns#" xmlns:bqmodel="http://biomodels.net/model-qualifiers/" xmlns:bqbiol="http://biomodels.net/biology-qualifiers/">
            <rdf:Description rdf:about="#_307024">
	<bqbiol:isVersionOf>
	<rdf:Bag>
	<rdf:li rdf:resource="http://identifiers.org/uniprot/P38987"/>
	</rdf:Bag>
	</bqbiol:isVersionOf>
	</rdf:Description>
	
          </rdf:RDF>
        </annotation>
            </species>
      <species compartment="compartment" id="Cdc15" initialConcentration="0.0257" metaid="_307025" name="Cdc15" sboTerm="SBO:0000252">
        <annotation>
          <rdf:RDF xmlns:rdf="http://www.w3.org/1999/02/22-rdf-syntax-ns#" xmlns:bqmodel="http://biomodels.net/model-qualifiers/" xmlns:bqbiol="http://biomodels.net/biology-qualifiers/">
            <rdf:Description rdf:about="#_307025">
	<bqbiol:isVersionOf>
	<rdf:Bag>
	<rdf:li rdf:resource="http://identifiers.org/uniprot/P27636"/>
	</rdf:Bag>
	</bqbiol:isVersionOf>
	</rdf:Description>
	
          </rdf:RDF>
        </annotation>
            </species>
      <species boundaryCondition="true" compartment="compartment" id="Cdc15_i" metaid="_307026" name="inactive Cdc15" sboTerm="SBO:0000252">
        <annotation>
          <rdf:RDF xmlns:rdf="http://www.w3.org/1999/02/22-rdf-syntax-ns#" xmlns:bqmodel="http://biomodels.net/model-qualifiers/" xmlns:bqbiol="http://biomodels.net/biology-qualifiers/">
            <rdf:Description rdf:about="#_307026">
	<bqbiol:isVersionOf>
	<rdf:Bag>
	<rdf:li rdf:resource="http://identifiers.org/uniprot/P27636"/>
	</rdf:Bag>
	</bqbiol:isVersionOf>
	</rdf:Description>
	
          </rdf:RDF>
        </annotation>
            </species>
      <species compartment="compartment" id="MEN" initialConcentration="8E-6" metaid="_307028" name="MEN" sboTerm="SBO:0000297">
        <annotation>
          <rdf:RDF xmlns:rdf="http://www.w3.org/1999/02/22-rdf-syntax-ns#" xmlns:bqmodel="http://biomodels.net/model-qualifiers/" xmlns:bqbiol="http://biomodels.net/biology-qualifiers/">
            <rdf:Description rdf:about="#_307028">
	<bqbiol:hasPart>
	<rdf:Bag>
	<rdf:li rdf:resource="http://identifiers.org/uniprot/P38987"/>
	<rdf:li rdf:resource="http://identifiers.org/uniprot/P27636"/>
	</rdf:Bag>
	</bqbiol:hasPart>
	</rdf:Description>
	
          </rdf:RDF>
        </annotation>
            </species>
      <species boundaryCondition="true" compartment="compartment" id="PP2A" metaid="_307029" name="PP2A" sboTerm="SBO:0000252">
        <annotation>
          <rdf:RDF xmlns:rdf="http://www.w3.org/1999/02/22-rdf-syntax-ns#" xmlns:bqmodel="http://biomodels.net/model-qualifiers/" xmlns:bqbiol="http://biomodels.net/biology-qualifiers/">
            <rdf:Description rdf:about="#_307029">
	<bqbiol:isVersionOf>
	<rdf:Bag>
	<rdf:li rdf:resource="http://identifiers.org/uniprot/Q00362"/>
	</rdf:Bag>
	</bqbiol:isVersionOf>
	</rdf:Description>
	
          </rdf:RDF>
        </annotation>
            </species>
      <species boundaryCondition="true" compartment="compartment" id="Net1P" metaid="_307030" name="Net1P" sboTerm="SBO:0000297">
        <annotation>
          <rdf:RDF xmlns:rdf="http://www.w3.org/1999/02/22-rdf-syntax-ns#" xmlns:bqmodel="http://biomodels.net/model-qualifiers/" xmlns:bqbiol="http://biomodels.net/biology-qualifiers/">
            <rdf:Description rdf:about="#_307030">
	<bqbiol:isVersionOf>
	<rdf:Bag>
	<rdf:li rdf:resource="http://identifiers.org/uniprot/P47035"/>
	<rdf:li rdf:resource="http://identifiers.org/kegg.compound/C00562"/>
	</rdf:Bag>
	</bqbiol:isVersionOf>
	</rdf:Description>
	
          </rdf:RDF>
        </annotation>
            </species>
      <species boundaryCondition="true" compartment="compartment" id="Cdc14" metaid="_307031" name="Cdc14" sboTerm="SBO:0000252">
        <annotation>
          <rdf:RDF xmlns:rdf="http://www.w3.org/1999/02/22-rdf-syntax-ns#" xmlns:bqmodel="http://biomodels.net/model-qualifiers/" xmlns:bqbiol="http://biomodels.net/biology-qualifiers/">
            <rdf:Description rdf:about="#_307031">
	<bqbiol:isVersionOf>
	<rdf:Bag>
	<rdf:li rdf:resource="http://identifiers.org/uniprot/Q00684"/>
	</rdf:Bag>
	</bqbiol:isVersionOf>
	</rdf:Description>
	
          </rdf:RDF>
        </annotation>
            </species>
    </listOfSpecies>
    <listOfParameters>
      <parameter constant="false" id="Cdk" metaid="_307108" name="Cdk activity"/>
      <parameter id="ksclb2" metaid="_307110" name="ksclb2" value="0.03"/>
      <parameter id="kdclb2" metaid="_307111" name="kdclb2" value="0.03"/>
      <parameter id="kadclb2" metaid="_307112" name="kadclb2" value="0.2"/>
      <parameter id="kaadclb2" metaid="_307113" name="kaadclb2" value="2"/>
      <parameter id="kscdc20" metaid="_307115" name="kscdc20" value="0.015"/>
      <parameter id="kdcdc20" metaid="_307116" name="kdcdc20" value="0.05"/>
      <parameter id="kadcdc20" metaid="_307117" name="kadcdc20" value="2"/>
      <parameter id="kdcdh" metaid="_307118" name="kdcdh" value="0.01"/>
      <parameter id="kadcdh" metaid="_307120" name="kadcdh" value="1"/>
      <parameter id="kapcdh" metaid="_307121" name="kapcdh" value="1"/>
      <parameter id="Jcdh" metaid="_307122" name="Jcdh" value="0.0015"/>
      <parameter id="Cdh1T" metaid="_307123" name="Cdh1T" value="1"/>
      <parameter id="kssecurin" metaid="_307125" name="kssecurin" value="0.03"/>
      <parameter id="kdsecurin" metaid="_307126" name="kdsecurin" value="0.05"/>
      <parameter id="kadsecurin" metaid="_307127" name="kadsecurin" value="2"/>
      <parameter id="ksseparase" metaid="_307128" name="ksseparase" value="0.001"/>
      <parameter id="kdseparase" metaid="_307130" name="kdseparase" value="0.004"/>
      <parameter id="lasecurin" metaid="_307131" name="lasecurin" value="500"/>
      <parameter id="ldsecurin" metaid="_307132" name="ldsecurin" value="1"/>
      <parameter id="kad" metaid="_307133" name="kad" value="0.1"/>
      <parameter id="kd" metaid="_307135" name="kd" value="0.45"/>
      <parameter id="kp" metaid="_307136" name="kp" value="0.4"/>
      <parameter id="kap" metaid="_307137" name="kap" value="2"/>
      <parameter id="Jnet" metaid="_307138" name="Jnet" value="0.2"/>
      <parameter id="lanet" metaid="_307140" name="lanet" value="500"/>
      <parameter id="ldnet" metaid="_307141" name="ldnet" value="1"/>
      <parameter id="Net1T" metaid="_307142" name="Net1T" value="1"/>
      <parameter id="Cdc14T" metaid="_307143" name="Cdc14T" value="0.5"/>
      <parameter id="kspolo" metaid="_307145" name="kspolo" value="0.01"/>
      <parameter id="kdpolo" metaid="_307146" name="kdpolo" value="0.01"/>
      <parameter id="kadpolo" metaid="_307147" name="kadpolo" value="0.25"/>
      <parameter id="kapolo" metaid="_307148" name="kapolo" value="0"/>
      <parameter id="kaapolo" metaid="_307150" name="kaapolo" value="0.5"/>
      <parameter id="kipolo" metaid="_307151" name="kipolo" value="0.1"/>
      <parameter id="Jpolo" metaid="_307152" name="Jpolo" value="0.25"/>
      <parameter id="katem" metaid="_307153" name="katem" value="0"/>
      <parameter id="kaatem" metaid="_307155" name="kaatem" value="0.5"/>
      <parameter id="kitem" metaid="_307156" name="kitem" value="0.1"/>
      <parameter id="kaitem" metaid="_307157" name="kaitem" value="1"/>
      <parameter id="Jtem1" metaid="_307158" name="Jtem1" value="0.005"/>
      <parameter id="Tem1T" metaid="_307160" name="Tem1T" value="1"/>
      <parameter id="kacdc15" metaid="_307161" name="kacdc15" value="0.02"/>
      <parameter id="kaacdc15" metaid="_307162" name="kaacdc15" value="0.5"/>
      <parameter id="kicdc15" metaid="_307163" name="kicdc15" value="0"/>
      <parameter id="kaicdc15" metaid="_307165" name="kaicdc15" value="0.2"/>
      <parameter id="Jcdc15" metaid="_307166" name="Jcdc15" value="0.2"/>
      <parameter id="lamen" metaid="_307167" name="lamen" value="10"/>
      <parameter id="ldmen" metaid="_307168" name="ldmen" value="0.1"/>
      <parameter id="Cdc15T" metaid="_307170" name="Cdc15T" value="1"/>
      <parameter id="kpp" metaid="_307171" name="kpp" value="0.1"/>
      <parameter id="ki" metaid="_307172" name="ki" value="20"/>
      <parameter id="PP2AT" metaid="_307173" name="PP2AT" value="1"/>
      <parameter id="Inh" metaid="_307175" name="Inh" value="0"/>
    </listOfParameters>
    <listOfRules>
      <assignmentRule metaid="_307093" variable="separase">
        <math xmlns="http://www.w3.org/1998/Math/MathML">        
          <apply>
            <minus/>
            <ci> separaseT </ci>
            <ci> securinseparase </ci>
          </apply>
        </math>
            </assignmentRule>
      <assignmentRule metaid="_307095" variable="Cdh1_i">
        <math xmlns="http://www.w3.org/1998/Math/MathML">        
          <apply>
            <minus/>
            <ci> Cdh1T </ci>
            <ci> Cdh1 </ci>
          </apply>
        </math>
            </assignmentRule>
      <assignmentRule metaid="_307096" variable="Tem1_i">
        <math xmlns="http://www.w3.org/1998/Math/MathML">        
          <apply>
            <minus/>
            <ci> Tem1T </ci>
            <ci> Tem1 </ci>
          </apply>
        </math>
            </assignmentRule>
      <assignmentRule metaid="_307097" variable="securin">
        <math xmlns="http://www.w3.org/1998/Math/MathML">        
          <apply>
            <minus/>
            <ci> securinT </ci>
            <ci> securinseparase </ci>
          </apply>
        </math>
            </assignmentRule>
      <assignmentRule metaid="_307098" variable="Polo_i">
        <math xmlns="http://www.w3.org/1998/Math/MathML">        
          <apply>
            <minus/>
            <ci> PoloT </ci>
            <ci> Polo </ci>
          </apply>
        </math>
            </assignmentRule>
      <assignmentRule metaid="_307100" variable="Cdk">
        <math xmlns="http://www.w3.org/1998/Math/MathML">        
          <apply>
            <divide/>
            <ci> Clb2 </ci>
            <apply>
              <plus/>
              <cn type="integer"> 1 </cn>
              <ci> Inh </ci>
            </apply>
          </apply>
        </math>
            </assignmentRule>
      <assignmentRule metaid="_307101" variable="Net1P">
        <math xmlns="http://www.w3.org/1998/Math/MathML">        
          <apply>
            <minus/>
            <apply>
              <minus/>
              <ci> Net1T </ci>
              <ci> Net1 </ci>
            </apply>
            <ci> Net1Cdc14 </ci>
          </apply>
        </math>
            </assignmentRule>
      <assignmentRule metaid="_307102" variable="Cdc14">
        <math xmlns="http://www.w3.org/1998/Math/MathML">        
          <apply>
            <minus/>
            <ci> Cdc14T </ci>
            <ci> Net1Cdc14 </ci>
          </apply>
        </math>
            </assignmentRule>
      <assignmentRule metaid="_307103" variable="Cdc15_i">
        <math xmlns="http://www.w3.org/1998/Math/MathML">        
          <apply>
            <minus/>
            <ci> Cdc15T </ci>
            <ci> Cdc15 </ci>
          </apply>
        </math>
            </assignmentRule>
      <assignmentRule metaid="_307105" variable="PP2A">
        <math xmlns="http://www.w3.org/1998/Math/MathML">        
          <apply>
            <times/>
            <apply>
              <divide/>
              <apply>
                <plus/>
                <cn type="integer"> 1 </cn>
                <apply>
                  <times/>
                  <ci> kpp </ci>
                  <ci> ki </ci>
                  <ci> separase </ci>
                </apply>
              </apply>
              <apply>
                <plus/>
                <cn type="integer"> 1 </cn>
                <apply>
                  <times/>
                  <ci> ki </ci>
                  <ci> separase </ci>
                </apply>
              </apply>
            </apply>
            <ci> PP2AT </ci>
          </apply>
        </math>
            </assignmentRule>
    </listOfRules>
    <listOfReactions>
      <reaction id="v1" metaid="_307032" name="v1" sboTerm="SBO:0000393">
        <annotation>
          <rdf:RDF xmlns:rdf="http://www.w3.org/1999/02/22-rdf-syntax-ns#" xmlns:bqmodel="http://biomodels.net/model-qualifiers/" xmlns:bqbiol="http://biomodels.net/biology-qualifiers/">
            <rdf:Description rdf:about="#_307032">
	<bqbiol:isVersionOf>
	<rdf:Bag>
	<rdf:li rdf:resource="http://identifiers.org/obo.go/GO:0006412"/>
	</rdf:Bag>
	</bqbiol:isVersionOf>
	</rdf:Description>
	
          </rdf:RDF>
        </annotation>
              <listOfReactants>
          <speciesReference metaid="_513173" species="AA"/>
        </listOfReactants>
        <listOfProducts>
          <speciesReference metaid="_513185" species="Clb2"/>
        </listOfProducts>
        <kineticLaw metaid="_513197">
          <math xmlns="http://www.w3.org/1998/Math/MathML">          
            <ci> ksclb2 </ci>
          </math>
                </kineticLaw>
      </reaction>
      <reaction id="v2" metaid="_307033" name="v2" sboTerm="SBO:0000179">
        <annotation>
          <rdf:RDF xmlns:rdf="http://www.w3.org/1999/02/22-rdf-syntax-ns#" xmlns:bqmodel="http://biomodels.net/model-qualifiers/" xmlns:bqbiol="http://biomodels.net/biology-qualifiers/">
            <rdf:Description rdf:about="#_307033">
	<bqbiol:isVersionOf>
	<rdf:Bag>
	<rdf:li rdf:resource="http://identifiers.org/obo.go/GO:0030163"/>
	</rdf:Bag>
	</bqbiol:isVersionOf>
	</rdf:Description>
	
          </rdf:RDF>
        </annotation>
              <listOfReactants>
          <speciesReference metaid="_513209" species="Clb2"/>
        </listOfReactants>
        <listOfProducts>
          <speciesReference metaid="_513221" species="degr"/>
        </listOfProducts>
        <listOfModifiers>
          <modifierSpeciesReference metaid="_513233" species="Cdc20"/>
          <modifierSpeciesReference metaid="_513245" species="Cdh1"/>
        </listOfModifiers>
        <kineticLaw metaid="_513257">
          <math xmlns="http://www.w3.org/1998/Math/MathML">          
            <apply>
              <times/>
              <apply>
                <plus/>
                <ci> kdclb2 </ci>
                <apply>
                  <times/>
                  <ci> kadclb2 </ci>
                  <ci> Cdc20 </ci>
                </apply>
                <apply>
                  <times/>
                  <ci> kaadclb2 </ci>
                  <ci> Cdh1 </ci>
                </apply>
              </apply>
              <ci> Clb2 </ci>
            </apply>
          </math>
                </kineticLaw>
      </reaction>
      <reaction id="v3" metaid="_307034" name="v3" sboTerm="SBO:0000393">
        <annotation>
          <rdf:RDF xmlns:rdf="http://www.w3.org/1999/02/22-rdf-syntax-ns#" xmlns:bqmodel="http://biomodels.net/model-qualifiers/" xmlns:bqbiol="http://biomodels.net/biology-qualifiers/">
            <rdf:Description rdf:about="#_307034">
	<bqbiol:isVersionOf>
	<rdf:Bag>
	<rdf:li rdf:resource="http://identifiers.org/obo.go/GO:0006412"/>
	</rdf:Bag>
	</bqbiol:isVersionOf>
	</rdf:Description>
	
          </rdf:RDF>
        </annotation>
              <listOfReactants>
          <speciesReference metaid="_513269" species="AA"/>
        </listOfReactants>
        <listOfProducts>
          <speciesReference metaid="_513281" species="Cdc20"/>
        </listOfProducts>
        <kineticLaw metaid="_513294">
          <math xmlns="http://www.w3.org/1998/Math/MathML">          
            <ci> kscdc20 </ci>
          </math>
                </kineticLaw>
      </reaction>
      <reaction id="v4" metaid="_307036" name="v4" sboTerm="SBO:0000179">
        <annotation>
          <rdf:RDF xmlns:rdf="http://www.w3.org/1999/02/22-rdf-syntax-ns#" xmlns:bqmodel="http://biomodels.net/model-qualifiers/" xmlns:bqbiol="http://biomodels.net/biology-qualifiers/">
            <rdf:Description rdf:about="#_307036">
	<bqbiol:isVersionOf>
	<rdf:Bag>
	<rdf:li rdf:resource="http://identifiers.org/obo.go/GO:0030163"/>
	</rdf:Bag>
	</bqbiol:isVersionOf>
	</rdf:Description>
	
          </rdf:RDF>
        </annotation>
              <listOfReactants>
          <speciesReference metaid="_513306" species="Cdc20"/>
        </listOfReactants>
        <listOfProducts>
          <speciesReference metaid="_513318" species="degr"/>
        </listOfProducts>
        <listOfModifiers>
          <modifierSpeciesReference metaid="_513330" species="Cdh1"/>
        </listOfModifiers>
        <kineticLaw metaid="_513343">
          <math xmlns="http://www.w3.org/1998/Math/MathML">          
            <apply>
              <times/>
              <apply>
                <plus/>
                <ci> kdcdc20 </ci>
                <apply>
                  <times/>
                  <ci> kadcdc20 </ci>
                  <ci> Cdh1 </ci>
                </apply>
              </apply>
              <ci> Cdc20 </ci>
            </apply>
          </math>
                </kineticLaw>
      </reaction>
      <reaction id="v5" metaid="_307037" name="v5" sboTerm="SBO:0000181">
        <annotation>
          <rdf:RDF xmlns:rdf="http://www.w3.org/1999/02/22-rdf-syntax-ns#" xmlns:bqmodel="http://biomodels.net/model-qualifiers/" xmlns:bqbiol="http://biomodels.net/biology-qualifiers/">
            <rdf:Description rdf:about="#_307037">
	<bqbiol:isVersionOf>
	<rdf:Bag>
	<rdf:li rdf:resource="http://identifiers.org/obo.go/GO:0006464"/>
	</rdf:Bag>
	</bqbiol:isVersionOf>
	</rdf:Description>
	
          </rdf:RDF>
        </annotation>
              <listOfReactants>
          <speciesReference metaid="_513355" species="Cdh1_i"/>
        </listOfReactants>
        <listOfProducts>
          <speciesReference metaid="_513367" species="Cdh1"/>
        </listOfProducts>
        <listOfModifiers>
          <modifierSpeciesReference metaid="_513379" species="Cdc14"/>
        </listOfModifiers>
        <kineticLaw metaid="_513392">
          <math xmlns="http://www.w3.org/1998/Math/MathML">          
            <apply>
              <times/>
              <apply>
                <plus/>
                <ci> kdcdh </ci>
                <apply>
                  <times/>
                  <ci> kadcdh </ci>
                  <ci> Cdc14 </ci>
                </apply>
              </apply>
              <apply>
                <divide/>
                <apply>
                  <minus/>
                  <ci> Cdh1T </ci>
                  <ci> Cdh1 </ci>
                </apply>
                <apply>
                  <minus/>
                  <apply>
                    <plus/>
                    <ci> Jcdh </ci>
                    <ci> Cdh1T </ci>
                  </apply>
                  <ci> Cdh1 </ci>
                </apply>
              </apply>
            </apply>
          </math>
                </kineticLaw>
      </reaction>
      <reaction id="v6" metaid="_307038" name="v6" sboTerm="SBO:0000181">
        <annotation>
          <rdf:RDF xmlns:rdf="http://www.w3.org/1999/02/22-rdf-syntax-ns#" xmlns:bqmodel="http://biomodels.net/model-qualifiers/" xmlns:bqbiol="http://biomodels.net/biology-qualifiers/">
            <rdf:Description rdf:about="#_307038">
	<bqbiol:isVersionOf>
	<rdf:Bag>
	<rdf:li rdf:resource="http://identifiers.org/obo.go/GO:0006464"/>
	</rdf:Bag>
	</bqbiol:isVersionOf>
	</rdf:Description>
	
          </rdf:RDF>
        </annotation>
              <listOfReactants>
          <speciesReference metaid="_513404" species="Cdh1"/>
        </listOfReactants>
        <listOfProducts>
          <speciesReference metaid="_513416" species="Cdh1_i"/>
        </listOfProducts>
        <kineticLaw metaid="_513428">
          <math xmlns="http://www.w3.org/1998/Math/MathML">          
            <apply>
              <times/>
              <ci> kapcdh </ci>
              <ci> Cdk </ci>
              <apply>
                <divide/>
                <ci> Cdh1 </ci>
                <apply>
                  <plus/>
                  <ci> Jcdh </ci>
                  <ci> Cdh1 </ci>
                </apply>
              </apply>
            </apply>
          </math>
                </kineticLaw>
      </reaction>
      <reaction id="v7" metaid="_307039" name="v7" sboTerm="SBO:0000393">
        <annotation>
          <rdf:RDF xmlns:rdf="http://www.w3.org/1999/02/22-rdf-syntax-ns#" xmlns:bqmodel="http://biomodels.net/model-qualifiers/" xmlns:bqbiol="http://biomodels.net/biology-qualifiers/">
            <rdf:Description rdf:about="#_307039">
	<bqbiol:isVersionOf>
	<rdf:Bag>
	<rdf:li rdf:resource="http://identifiers.org/obo.go/GO:0006412"/>
	</rdf:Bag>
	</bqbiol:isVersionOf>
	</rdf:Description>
	
          </rdf:RDF>
        </annotation>
              <listOfReactants>
          <speciesReference metaid="_513440" species="AA"/>
        </listOfReactants>
        <listOfProducts>
          <speciesReference metaid="_513452" species="securinT"/>
          <speciesReference metaid="_513464" species="securin"/>
        </listOfProducts>
        <kineticLaw metaid="_513476">
          <math xmlns="http://www.w3.org/1998/Math/MathML">          
            <ci> kssecurin </ci>
          </math>
                </kineticLaw>
      </reaction>
      <reaction id="v8" metaid="_307041" name="v8" sboTerm="SBO:0000179">
        <annotation>
          <rdf:RDF xmlns:rdf="http://www.w3.org/1999/02/22-rdf-syntax-ns#" xmlns:bqmodel="http://biomodels.net/model-qualifiers/" xmlns:bqbiol="http://biomodels.net/biology-qualifiers/">
            <rdf:Description rdf:about="#_307041">
	<bqbiol:isVersionOf>
	<rdf:Bag>
	<rdf:li rdf:resource="http://identifiers.org/obo.go/GO:0030163"/>
	</rdf:Bag>
	</bqbiol:isVersionOf>
	</rdf:Description>
	
          </rdf:RDF>
        </annotation>
              <listOfReactants>
          <speciesReference metaid="_513488" species="securinT"/>
          <speciesReference metaid="_513500" species="securin"/>
        </listOfReactants>
        <listOfProducts>
          <speciesReference metaid="_513512" species="degr"/>
        </listOfProducts>
        <listOfModifiers>
          <modifierSpeciesReference metaid="_513524" species="Cdc20"/>
        </listOfModifiers>
        <kineticLaw metaid="_513536">
          <math xmlns="http://www.w3.org/1998/Math/MathML">          
            <apply>
              <times/>
              <apply>
                <plus/>
                <ci> kdsecurin </ci>
                <apply>
                  <times/>
                  <ci> kadsecurin </ci>
                  <ci> Cdc20 </ci>
                </apply>
              </apply>
              <ci> securinT </ci>
            </apply>
          </math>
                </kineticLaw>
      </reaction>
      <reaction id="v9" metaid="_307042" name="v9" sboTerm="SBO:0000393">
        <annotation>
          <rdf:RDF xmlns:rdf="http://www.w3.org/1999/02/22-rdf-syntax-ns#" xmlns:bqmodel="http://biomodels.net/model-qualifiers/" xmlns:bqbiol="http://biomodels.net/biology-qualifiers/">
            <rdf:Description rdf:about="#_307042">
	<bqbiol:isVersionOf>
	<rdf:Bag>
	<rdf:li rdf:resource="http://identifiers.org/obo.go/GO:0006412"/>
	</rdf:Bag>
	</bqbiol:isVersionOf>
	</rdf:Description>
	
          </rdf:RDF>
        </annotation>
              <listOfReactants>
          <speciesReference metaid="_513548" species="AA"/>
        </listOfReactants>
        <listOfProducts>
          <speciesReference metaid="_513560" species="separaseT"/>
          <speciesReference metaid="_513572" species="separase"/>
        </listOfProducts>
        <kineticLaw metaid="_513584">
          <math xmlns="http://www.w3.org/1998/Math/MathML">          
            <ci> ksseparase </ci>
          </math>
                </kineticLaw>
      </reaction>
      <reaction id="v10" metaid="_307043" name="v10" sboTerm="SBO:0000179">
        <annotation>
          <rdf:RDF xmlns:rdf="http://www.w3.org/1999/02/22-rdf-syntax-ns#" xmlns:bqmodel="http://biomodels.net/model-qualifiers/" xmlns:bqbiol="http://biomodels.net/biology-qualifiers/">
            <rdf:Description rdf:about="#_307043">
	<bqbiol:isVersionOf>
	<rdf:Bag>
	<rdf:li rdf:resource="http://identifiers.org/obo.go/GO:0030163"/>
	</rdf:Bag>
	</bqbiol:isVersionOf>
	</rdf:Description>
	
          </rdf:RDF>
        </annotation>
              <listOfReactants>
          <speciesReference metaid="_513596" species="separaseT"/>
          <speciesReference metaid="_513608" species="separase"/>
        </listOfReactants>
        <listOfProducts>
          <speciesReference metaid="_513620" species="degr"/>
        </listOfProducts>
        <kineticLaw metaid="_513632">
          <math xmlns="http://www.w3.org/1998/Math/MathML">          
            <apply>
              <times/>
              <ci> kdseparase </ci>
              <ci> separaseT </ci>
            </apply>
          </math>
                </kineticLaw>
      </reaction>
      <reaction id="v11" metaid="_307044" name="v11" sboTerm="SBO:0000526">
        <annotation>
          <rdf:RDF xmlns:rdf="http://www.w3.org/1999/02/22-rdf-syntax-ns#" xmlns:bqmodel="http://biomodels.net/model-qualifiers/" xmlns:bqbiol="http://biomodels.net/biology-qualifiers/">
            <rdf:Description rdf:about="#_307044">
	<bqbiol:isVersionOf>
	<rdf:Bag>
	<rdf:li rdf:resource="http://identifiers.org/obo.go/GO:0006461"/>
	</rdf:Bag>
	</bqbiol:isVersionOf>
	</rdf:Description>
	
          </rdf:RDF>
        </annotation>
              <listOfReactants>
          <speciesReference metaid="_513644" species="securin"/>
          <speciesReference metaid="_513656" species="separase"/>
        </listOfReactants>
        <listOfProducts>
          <speciesReference metaid="_513668" species="securinseparase"/>
        </listOfProducts>
        <kineticLaw metaid="_513680">
          <math xmlns="http://www.w3.org/1998/Math/MathML">          
            <apply>
              <minus/>
              <apply>
                <times/>
                <ci> lasecurin </ci>
                <ci> securin </ci>
                <ci> separase </ci>
              </apply>
              <apply>
                <times/>
                <ci> ldsecurin </ci>
                <ci> securinseparase </ci>
              </apply>
            </apply>
          </math>
                </kineticLaw>
      </reaction>
      <reaction id="securinseparase_securindegradation" metaid="_307046" name="securinseparase securindegradation" sboTerm="SBO:0000179">
        <annotation>
          <rdf:RDF xmlns:rdf="http://www.w3.org/1999/02/22-rdf-syntax-ns#" xmlns:bqmodel="http://biomodels.net/model-qualifiers/" xmlns:bqbiol="http://biomodels.net/biology-qualifiers/">
            <rdf:Description rdf:about="#_307046">
	<bqbiol:isVersionOf>
	<rdf:Bag>
	<rdf:li rdf:resource="http://identifiers.org/obo.go/GO:0043241"/>
	</rdf:Bag>
	</bqbiol:isVersionOf>
	</rdf:Description>
	
          </rdf:RDF>
        </annotation>
              <listOfReactants>
          <speciesReference metaid="_513692" species="securinseparase"/>
        </listOfReactants>
        <listOfProducts>
          <speciesReference metaid="_513704" species="separase"/>
        </listOfProducts>
        <listOfModifiers>
          <modifierSpeciesReference metaid="_513716" species="Cdc20"/>
        </listOfModifiers>
        <kineticLaw metaid="_513729">
          <math xmlns="http://www.w3.org/1998/Math/MathML">          
            <apply>
              <times/>
              <apply>
                <plus/>
                <ci> kdsecurin </ci>
                <apply>
                  <times/>
                  <ci> kadsecurin </ci>
                  <ci> Cdc20 </ci>
                </apply>
              </apply>
              <ci> securinseparase </ci>
            </apply>
          </math>
                </kineticLaw>
      </reaction>
      <reaction id="securinseparase_separase_degradation" metaid="_307047" name="securin:separase separase degradation" sboTerm="SBO:0000179">
        <annotation>
          <rdf:RDF xmlns:rdf="http://www.w3.org/1999/02/22-rdf-syntax-ns#" xmlns:bqmodel="http://biomodels.net/model-qualifiers/" xmlns:bqbiol="http://biomodels.net/biology-qualifiers/">
            <rdf:Description rdf:about="#_307047">
	<bqbiol:isVersionOf>
	<rdf:Bag>
	<rdf:li rdf:resource="http://identifiers.org/obo.go/GO:0043241"/>
	</rdf:Bag>
	</bqbiol:isVersionOf>
	</rdf:Description>
	
          </rdf:RDF>
        </annotation>
              <listOfReactants>
          <speciesReference metaid="_513741" species="securinseparase"/>
        </listOfReactants>
        <listOfProducts>
          <speciesReference metaid="_513753" species="securin"/>
        </listOfProducts>
        <kineticLaw metaid="_513766">
          <math xmlns="http://www.w3.org/1998/Math/MathML">          
            <apply>
              <times/>
              <ci> kdseparase </ci>
              <ci> securinseparase </ci>
            </apply>
          </math>
                </kineticLaw>
      </reaction>
      <reaction id="v13" metaid="_307048" name="Net1P dephosphorylation" sboTerm="SBO:0000330">
        <annotation>
          <rdf:RDF xmlns:rdf="http://www.w3.org/1999/02/22-rdf-syntax-ns#" xmlns:bqmodel="http://biomodels.net/model-qualifiers/" xmlns:bqbiol="http://biomodels.net/biology-qualifiers/">
            <rdf:Description rdf:about="#_307048">
	<bqbiol:isVersionOf>
	<rdf:Bag>
	<rdf:li rdf:resource="http://identifiers.org/obo.go/GO:0016311"/>
	</rdf:Bag>
	</bqbiol:isVersionOf>
	</rdf:Description>
	
          </rdf:RDF>
        </annotation>
              <listOfReactants>
          <speciesReference metaid="_513778" species="Net1P"/>
        </listOfReactants>
        <listOfProducts>
          <speciesReference metaid="_513790" species="Net1"/>
        </listOfProducts>
        <listOfModifiers>
          <modifierSpeciesReference metaid="_513802" species="Cdc14"/>
          <modifierSpeciesReference metaid="_513814" species="Clb2"/>
          <modifierSpeciesReference metaid="_513826" species="PP2A"/>
        </listOfModifiers>
        <kineticLaw metaid="_513838">
          <math xmlns="http://www.w3.org/1998/Math/MathML">          
            <apply>
              <times/>
              <apply>
                <plus/>
                <apply>
                  <times/>
                  <ci> kad </ci>
                  <ci> Cdc14 </ci>
                </apply>
                <apply>
                  <times/>
                  <ci> kd </ci>
                  <ci> PP2A </ci>
                </apply>
              </apply>
              <apply>
                <divide/>
                <ci> Net1P </ci>
                <apply>
                  <plus/>
                  <ci> Jnet </ci>
                  <ci> Net1P </ci>
                </apply>
              </apply>
            </apply>
          </math>
                </kineticLaw>
      </reaction>
      <reaction id="v14" metaid="_307049" name="Net1 phosphorylation" sboTerm="SBO:0000216">
        <annotation>
          <rdf:RDF xmlns:rdf="http://www.w3.org/1999/02/22-rdf-syntax-ns#" xmlns:bqmodel="http://biomodels.net/model-qualifiers/" xmlns:bqbiol="http://biomodels.net/biology-qualifiers/">
            <rdf:Description rdf:about="#_307049">
	<bqbiol:isVersionOf>
	<rdf:Bag>
	<rdf:li rdf:resource="http://identifiers.org/obo.go/GO:0016310"/>
	</rdf:Bag>
	</bqbiol:isVersionOf>
	</rdf:Description>
	
          </rdf:RDF>
        </annotation>
              <listOfReactants>
          <speciesReference metaid="_513850" species="Net1"/>
        </listOfReactants>
        <listOfProducts>
          <speciesReference metaid="_513862" species="Net1P"/>
        </listOfProducts>
        <listOfModifiers>
          <modifierSpeciesReference metaid="_513874" species="MEN"/>
          <modifierSpeciesReference metaid="_513886" species="Net1Cdc14"/>
          <modifierSpeciesReference metaid="_513898" species="Clb2"/>
        </listOfModifiers>
        <kineticLaw metaid="_513910">
          <math xmlns="http://www.w3.org/1998/Math/MathML">          
            <apply>
              <times/>
              <apply>
                <plus/>
                <apply>
                  <times/>
                  <ci> kp </ci>
                  <ci> Cdk </ci>
                </apply>
                <apply>
                  <times/>
                  <ci> kap </ci>
                  <ci> MEN </ci>
                </apply>
              </apply>
              <apply>
                <divide/>
                <ci> Net1 </ci>
                <apply>
                  <plus/>
                  <ci> Jnet </ci>
                  <ci> Net1 </ci>
                  <ci> Net1Cdc14 </ci>
                </apply>
              </apply>
            </apply>
          </math>
                </kineticLaw>
      </reaction>
      <reaction id="v15" metaid="_307051" name="v15" sboTerm="SBO:0000526">
        <annotation>
          <rdf:RDF xmlns:rdf="http://www.w3.org/1999/02/22-rdf-syntax-ns#" xmlns:bqmodel="http://biomodels.net/model-qualifiers/" xmlns:bqbiol="http://biomodels.net/biology-qualifiers/">
            <rdf:Description rdf:about="#_307051">
	<bqbiol:isVersionOf>
	<rdf:Bag>
	<rdf:li rdf:resource="http://identifiers.org/obo.go/GO:0006461"/>
	</rdf:Bag>
	</bqbiol:isVersionOf>
	</rdf:Description>
	
          </rdf:RDF>
        </annotation>
              <listOfReactants>
          <speciesReference metaid="_513923" species="Net1"/>
        </listOfReactants>
        <listOfProducts>
          <speciesReference metaid="_513935" species="Net1Cdc14"/>
        </listOfProducts>
        <listOfModifiers>
          <modifierSpeciesReference metaid="_513947" species="Cdc14"/>
        </listOfModifiers>
        <kineticLaw metaid="_513959">
          <math xmlns="http://www.w3.org/1998/Math/MathML">          
            <apply>
              <times/>
              <ci> lanet </ci>
              <ci> Net1 </ci>
              <ci> Cdc14 </ci>
            </apply>
          </math>
                </kineticLaw>
      </reaction>
      <reaction id="v16" metaid="_307052" name="v16" sboTerm="SBO:0000180">
        <annotation>
          <rdf:RDF xmlns:rdf="http://www.w3.org/1999/02/22-rdf-syntax-ns#" xmlns:bqmodel="http://biomodels.net/model-qualifiers/" xmlns:bqbiol="http://biomodels.net/biology-qualifiers/">
            <rdf:Description rdf:about="#_307052">
	<bqbiol:isVersionOf>
	<rdf:Bag>
	<rdf:li rdf:resource="http://identifiers.org/obo.go/GO:0043241"/>
	</rdf:Bag>
	</bqbiol:isVersionOf>
	</rdf:Description>
	
          </rdf:RDF>
        </annotation>
              <listOfReactants>
          <speciesReference metaid="_513971" species="Net1Cdc14"/>
        </listOfReactants>
        <listOfProducts>
          <speciesReference metaid="_513983" species="Net1"/>
        </listOfProducts>
        <kineticLaw metaid="_513995">
          <math xmlns="http://www.w3.org/1998/Math/MathML">          
            <apply>
              <times/>
              <ci> ldnet </ci>
              <ci> Net1Cdc14 </ci>
            </apply>
          </math>
                </kineticLaw>
      </reaction>
      <reaction id="v17" metaid="_307053" name="Net1Cdc14 phosphorylation" sboTerm="SBO:0000216">
        <annotation>
          <rdf:RDF xmlns:rdf="http://www.w3.org/1999/02/22-rdf-syntax-ns#" xmlns:bqmodel="http://biomodels.net/model-qualifiers/" xmlns:bqbiol="http://biomodels.net/biology-qualifiers/">
            <rdf:Description rdf:about="#_307053">
	<bqbiol:isVersionOf>
	<rdf:Bag>
	<rdf:li rdf:resource="http://identifiers.org/obo.go/GO:0016310"/>
	</rdf:Bag>
	</bqbiol:isVersionOf>
	</rdf:Description>
	
          </rdf:RDF>
        </annotation>
              <listOfReactants>
          <speciesReference metaid="_514007" species="Net1Cdc14"/>
        </listOfReactants>
        <listOfProducts>
          <speciesReference metaid="_514019" species="Net1P"/>
        </listOfProducts>
        <listOfModifiers>
          <modifierSpeciesReference metaid="_514031" species="MEN"/>
          <modifierSpeciesReference metaid="_514043" species="Net1"/>
          <modifierSpeciesReference metaid="_514055" species="Clb2"/>
        </listOfModifiers>
        <kineticLaw metaid="_514067">
          <math xmlns="http://www.w3.org/1998/Math/MathML">          
            <apply>
              <times/>
              <apply>
                <plus/>
                <apply>
                  <times/>
                  <ci> kp </ci>
                  <ci> Cdk </ci>
                </apply>
                <apply>
                  <times/>
                  <ci> kap </ci>
                  <ci> MEN </ci>
                </apply>
              </apply>
              <apply>
                <divide/>
                <ci> Net1Cdc14 </ci>
                <apply>
                  <plus/>
                  <ci> Jnet </ci>
                  <ci> Net1 </ci>
                  <ci> Net1Cdc14 </ci>
                </apply>
              </apply>
            </apply>
          </math>
                </kineticLaw>
      </reaction>
      <reaction id="v18" metaid="_307054" name="v18" sboTerm="SBO:0000393">
        <annotation>
          <rdf:RDF xmlns:rdf="http://www.w3.org/1999/02/22-rdf-syntax-ns#" xmlns:bqmodel="http://biomodels.net/model-qualifiers/" xmlns:bqbiol="http://biomodels.net/biology-qualifiers/">
            <rdf:Description rdf:about="#_307054">
	<bqbiol:isVersionOf>
	<rdf:Bag>
	<rdf:li rdf:resource="http://identifiers.org/obo.go/GO:0006412"/>
	</rdf:Bag>
	</bqbiol:isVersionOf>
	</rdf:Description>
	
          </rdf:RDF>
        </annotation>
              <listOfReactants>
          <speciesReference metaid="_514079" species="AA"/>
        </listOfReactants>
        <listOfProducts>
          <speciesReference metaid="_514091" species="PoloT"/>
          <speciesReference metaid="_514103" species="Polo_i"/>
        </listOfProducts>
        <kineticLaw metaid="_514115">
          <math xmlns="http://www.w3.org/1998/Math/MathML">          
            <ci> kspolo </ci>
          </math>
                </kineticLaw>
      </reaction>
      <reaction id="v19" metaid="_307056" name="v19" sboTerm="SBO:0000179">
        <annotation>
          <rdf:RDF xmlns:rdf="http://www.w3.org/1999/02/22-rdf-syntax-ns#" xmlns:bqmodel="http://biomodels.net/model-qualifiers/" xmlns:bqbiol="http://biomodels.net/biology-qualifiers/">
            <rdf:Description rdf:about="#_307056">
	<bqbiol:isVersionOf>
	<rdf:Bag>
	<rdf:li rdf:resource="http://identifiers.org/obo.go/GO:0030163"/>
	</rdf:Bag>
	</bqbiol:isVersionOf>
	</rdf:Description>
	
          </rdf:RDF>
        </annotation>
              <listOfReactants>
          <speciesReference metaid="_514128" species="PoloT"/>
          <speciesReference metaid="_514140" species="Polo_i"/>
        </listOfReactants>
        <listOfProducts>
          <speciesReference metaid="_514152" species="degr"/>
        </listOfProducts>
        <listOfModifiers>
          <modifierSpeciesReference metaid="_514164" species="Cdh1"/>
        </listOfModifiers>
        <kineticLaw metaid="_514176">
          <math xmlns="http://www.w3.org/1998/Math/MathML">          
            <apply>
              <times/>
              <apply>
                <plus/>
                <ci> kdpolo </ci>
                <apply>
                  <times/>
                  <ci> kadpolo </ci>
                  <ci> Cdh1 </ci>
                </apply>
              </apply>
              <ci> PoloT </ci>
            </apply>
          </math>
                </kineticLaw>
      </reaction>
      <reaction id="v20" metaid="_307057" name="v20" sboTerm="SBO:0000181">
        <annotation>
          <rdf:RDF xmlns:rdf="http://www.w3.org/1999/02/22-rdf-syntax-ns#" xmlns:bqmodel="http://biomodels.net/model-qualifiers/" xmlns:bqbiol="http://biomodels.net/biology-qualifiers/">
            <rdf:Description rdf:about="#_307057">
	<bqbiol:isVersionOf>
	<rdf:Bag>
	<rdf:li rdf:resource="http://identifiers.org/obo.go/GO:0006464"/>
	</rdf:Bag>
	</bqbiol:isVersionOf>
	</rdf:Description>
	
          </rdf:RDF>
        </annotation>
              <listOfReactants>
          <speciesReference metaid="_514188" species="Polo_i"/>
        </listOfReactants>
        <listOfProducts>
          <speciesReference metaid="_514200" species="Polo"/>
        </listOfProducts>
        <listOfModifiers>
          <modifierSpeciesReference metaid="_514213" species="PoloT"/>
        </listOfModifiers>
        <kineticLaw metaid="_514225">
          <math xmlns="http://www.w3.org/1998/Math/MathML">          
            <apply>
              <times/>
              <apply>
                <plus/>
                <ci> kapolo </ci>
                <apply>
                  <times/>
                  <ci> kaapolo </ci>
                  <ci> Cdk </ci>
                </apply>
              </apply>
              <apply>
                <divide/>
                <apply>
                  <minus/>
                  <ci> PoloT </ci>
                  <ci> Polo </ci>
                </apply>
                <apply>
                  <minus/>
                  <apply>
                    <plus/>
                    <ci> Jpolo </ci>
                    <ci> PoloT </ci>
                  </apply>
                  <ci> Polo </ci>
                </apply>
              </apply>
            </apply>
          </math>
                </kineticLaw>
      </reaction>
      <reaction id="v21" metaid="_307058" name="v21" sboTerm="SBO:0000181">
        <annotation>
          <rdf:RDF xmlns:rdf="http://www.w3.org/1999/02/22-rdf-syntax-ns#" xmlns:bqmodel="http://biomodels.net/model-qualifiers/" xmlns:bqbiol="http://biomodels.net/biology-qualifiers/">
            <rdf:Description rdf:about="#_307058">
	<bqbiol:isVersionOf>
	<rdf:Bag>
	<rdf:li rdf:resource="http://identifiers.org/obo.go/GO:0006464"/>
	</rdf:Bag>
	</bqbiol:isVersionOf>
	</rdf:Description>
	
          </rdf:RDF>
        </annotation>
              <listOfReactants>
          <speciesReference metaid="_514238" species="Polo"/>
        </listOfReactants>
        <listOfProducts>
          <speciesReference metaid="_514250" species="Polo_i"/>
        </listOfProducts>
        <kineticLaw metaid="_514262">
          <math xmlns="http://www.w3.org/1998/Math/MathML">          
            <apply>
              <times/>
              <ci> kipolo </ci>
              <apply>
                <divide/>
                <ci> Polo </ci>
                <apply>
                  <plus/>
                  <ci> Jpolo </ci>
                  <ci> Polo </ci>
                </apply>
              </apply>
            </apply>
          </math>
                </kineticLaw>
      </reaction>
      <reaction id="v22" metaid="_307059" name="v22" sboTerm="SBO:0000179">
        <annotation>
          <rdf:RDF xmlns:rdf="http://www.w3.org/1999/02/22-rdf-syntax-ns#" xmlns:bqmodel="http://biomodels.net/model-qualifiers/" xmlns:bqbiol="http://biomodels.net/biology-qualifiers/">
            <rdf:Description rdf:about="#_307059">
	<bqbiol:isVersionOf>
	<rdf:Bag>
	<rdf:li rdf:resource="http://identifiers.org/obo.go/GO:0030163"/>
	</rdf:Bag>
	</bqbiol:isVersionOf>
	</rdf:Description>
	
          </rdf:RDF>
        </annotation>
              <listOfReactants>
          <speciesReference metaid="_514274" species="Polo"/>
        </listOfReactants>
        <listOfProducts>
          <speciesReference metaid="_514287" species="degr"/>
        </listOfProducts>
        <listOfModifiers>
          <modifierSpeciesReference metaid="_514299" species="Cdh1"/>
        </listOfModifiers>
        <kineticLaw metaid="_514311">
          <math xmlns="http://www.w3.org/1998/Math/MathML">          
            <apply>
              <times/>
              <apply>
                <plus/>
                <ci> kdpolo </ci>
                <apply>
                  <times/>
                  <ci> kadpolo </ci>
                  <ci> Cdh1 </ci>
                </apply>
              </apply>
              <ci> Polo </ci>
            </apply>
          </math>
                </kineticLaw>
      </reaction>
      <reaction id="v23" metaid="_307061" name="v23" sboTerm="SBO:0000181">
        <annotation>
          <rdf:RDF xmlns:rdf="http://www.w3.org/1999/02/22-rdf-syntax-ns#" xmlns:bqmodel="http://biomodels.net/model-qualifiers/" xmlns:bqbiol="http://biomodels.net/biology-qualifiers/">
            <rdf:Description rdf:about="#_307061">
	<bqbiol:isVersionOf>
	<rdf:Bag>
	<rdf:li rdf:resource="http://identifiers.org/obo.go/GO:0006464"/>
	</rdf:Bag>
	</bqbiol:isVersionOf>
	</rdf:Description>
	
          </rdf:RDF>
        </annotation>
              <listOfReactants>
          <speciesReference metaid="_514323" species="Tem1_i"/>
        </listOfReactants>
        <listOfProducts>
          <speciesReference metaid="_514335" species="Tem1"/>
        </listOfProducts>
        <listOfModifiers>
          <modifierSpeciesReference metaid="_514347" species="Polo"/>
        </listOfModifiers>
        <kineticLaw metaid="_514360">
          <math xmlns="http://www.w3.org/1998/Math/MathML">          
            <apply>
              <times/>
              <apply>
                <plus/>
                <ci> katem </ci>
                <apply>
                  <times/>
                  <ci> kaatem </ci>
                  <ci> Polo </ci>
                </apply>
              </apply>
              <apply>
                <divide/>
                <apply>
                  <minus/>
                  <ci> Tem1T </ci>
                  <ci> Tem1 </ci>
                </apply>
                <apply>
                  <minus/>
                  <apply>
                    <plus/>
                    <ci> Jtem1 </ci>
                    <ci> Tem1T </ci>
                  </apply>
                  <ci> Tem1 </ci>
                </apply>
              </apply>
            </apply>
          </math>
                </kineticLaw>
      </reaction>
      <reaction id="v24" metaid="_307062" name="v24" sboTerm="SBO:0000181">
        <annotation>
          <rdf:RDF xmlns:rdf="http://www.w3.org/1999/02/22-rdf-syntax-ns#" xmlns:bqmodel="http://biomodels.net/model-qualifiers/" xmlns:bqbiol="http://biomodels.net/biology-qualifiers/">
            <rdf:Description rdf:about="#_307062">
	<bqbiol:isVersionOf>
	<rdf:Bag>
	<rdf:li rdf:resource="http://identifiers.org/obo.go/GO:0006464"/>
	</rdf:Bag>
	</bqbiol:isVersionOf>
	</rdf:Description>
	
          </rdf:RDF>
        </annotation>
              <listOfReactants>
          <speciesReference metaid="_514372" species="Tem1"/>
        </listOfReactants>
        <listOfProducts>
          <speciesReference metaid="_514384" species="Tem1_i"/>
        </listOfProducts>
        <listOfModifiers>
          <modifierSpeciesReference metaid="_514396" species="PP2A"/>
        </listOfModifiers>
        <kineticLaw metaid="_514408">
          <math xmlns="http://www.w3.org/1998/Math/MathML">          
            <apply>
              <times/>
              <apply>
                <plus/>
                <ci> kitem </ci>
                <apply>
                  <times/>
                  <ci> kaitem </ci>
                  <ci> PP2A </ci>
                </apply>
              </apply>
              <apply>
                <divide/>
                <ci> Tem1 </ci>
                <apply>
                  <plus/>
                  <ci> Jtem1 </ci>
                  <ci> Tem1 </ci>
                </apply>
              </apply>
            </apply>
          </math>
                </kineticLaw>
      </reaction>
      <reaction id="v25" metaid="_307063" name="v25" sboTerm="SBO:0000181">
        <annotation>
          <rdf:RDF xmlns:rdf="http://www.w3.org/1999/02/22-rdf-syntax-ns#" xmlns:bqmodel="http://biomodels.net/model-qualifiers/" xmlns:bqbiol="http://biomodels.net/biology-qualifiers/">
            <rdf:Description rdf:about="#_307063">
	<bqbiol:isVersionOf>
	<rdf:Bag>
	<rdf:li rdf:resource="http://identifiers.org/obo.go/GO:0006464"/>
	</rdf:Bag>
	</bqbiol:isVersionOf>
	</rdf:Description>
	
          </rdf:RDF>
        </annotation>
              <listOfReactants>
          <speciesReference metaid="_514420" species="Cdc15_i"/>
        </listOfReactants>
        <listOfProducts>
          <speciesReference metaid="_514432" species="Cdc15"/>
        </listOfProducts>
        <listOfModifiers>
          <modifierSpeciesReference metaid="_514444" species="Cdc14"/>
        </listOfModifiers>
        <kineticLaw metaid="_514456">
          <math xmlns="http://www.w3.org/1998/Math/MathML">          
            <apply>
              <times/>
              <apply>
                <plus/>
                <ci> kacdc15 </ci>
                <apply>
                  <times/>
                  <ci> kaacdc15 </ci>
                  <ci> Cdc14 </ci>
                </apply>
              </apply>
              <apply>
                <divide/>
                <apply>
                  <minus/>
                  <ci> Cdc15T </ci>
                  <ci> Cdc15 </ci>
                </apply>
                <apply>
                  <minus/>
                  <apply>
                    <plus/>
                    <ci> Jcdc15 </ci>
                    <ci> Cdc15T </ci>
                  </apply>
                  <ci> Cdc15 </ci>
                </apply>
              </apply>
            </apply>
          </math>
                </kineticLaw>
      </reaction>
      <reaction id="v26" metaid="_307064" name="v26" sboTerm="SBO:0000181">
        <annotation>
          <rdf:RDF xmlns:rdf="http://www.w3.org/1999/02/22-rdf-syntax-ns#" xmlns:bqmodel="http://biomodels.net/model-qualifiers/" xmlns:bqbiol="http://biomodels.net/biology-qualifiers/">
            <rdf:Description rdf:about="#_307064">
	<bqbiol:isVersionOf>
	<rdf:Bag>
	<rdf:li rdf:resource="http://identifiers.org/obo.go/GO:0006464"/>
	</rdf:Bag>
	</bqbiol:isVersionOf>
	</rdf:Description>
	
          </rdf:RDF>
        </annotation>
              <listOfReactants>
          <speciesReference metaid="_514469" species="Cdc15"/>
        </listOfReactants>
        <listOfProducts>
          <speciesReference metaid="_514481" species="Cdc15_i"/>
        </listOfProducts>
        <kineticLaw metaid="_514493">
          <math xmlns="http://www.w3.org/1998/Math/MathML">          
            <apply>
              <times/>
              <apply>
                <plus/>
                <ci> kicdc15 </ci>
                <apply>
                  <times/>
                  <ci> kaicdc15 </ci>
                  <ci> Cdk </ci>
                </apply>
              </apply>
              <apply>
                <divide/>
                <ci> Cdc15 </ci>
                <apply>
                  <plus/>
                  <ci> Jcdc15 </ci>
                  <ci> Cdc15 </ci>
                </apply>
              </apply>
            </apply>
          </math>
                </kineticLaw>
      </reaction>
      <reaction id="v27" metaid="_307066" name="v27" sboTerm="SBO:0000393">
        <annotation>
          <rdf:RDF xmlns:rdf="http://www.w3.org/1999/02/22-rdf-syntax-ns#" xmlns:bqmodel="http://biomodels.net/model-qualifiers/" xmlns:bqbiol="http://biomodels.net/biology-qualifiers/">
            <rdf:Description rdf:about="#_307066">
	<bqbiol:isVersionOf>
	<rdf:Bag>
	<rdf:li rdf:resource="http://identifiers.org/obo.go/GO:0006412"/>
	</rdf:Bag>
	</bqbiol:isVersionOf>
	</rdf:Description>
	
          </rdf:RDF>
        </annotation>
              <listOfReactants>
          <speciesReference metaid="_514505" species="AA"/>
        </listOfReactants>
        <listOfProducts>
          <speciesReference metaid="_514517" species="MEN"/>
        </listOfProducts>
        <listOfModifiers>
          <modifierSpeciesReference metaid="_514529" species="Tem1"/>
          <modifierSpeciesReference metaid="_514541" species="Cdc15"/>
        </listOfModifiers>
        <kineticLaw metaid="_514553">
          <math xmlns="http://www.w3.org/1998/Math/MathML">          
            <apply>
              <times/>
              <ci> lamen </ci>
              <apply>
                <minus/>
                <ci> Tem1 </ci>
                <ci> MEN </ci>
              </apply>
              <apply>
                <minus/>
                <ci> Cdc15 </ci>
                <ci> MEN </ci>
              </apply>
            </apply>
          </math>
                </kineticLaw>
      </reaction>
      <reaction id="v28" metaid="_307067" name="v28" sboTerm="SBO:0000179">
        <annotation>
          <rdf:RDF xmlns:rdf="http://www.w3.org/1999/02/22-rdf-syntax-ns#" xmlns:bqmodel="http://biomodels.net/model-qualifiers/" xmlns:bqbiol="http://biomodels.net/biology-qualifiers/">
            <rdf:Description rdf:about="#_307067">
	<bqbiol:isVersionOf>
	<rdf:Bag>
	<rdf:li rdf:resource="http://identifiers.org/obo.go/GO:0030163"/>
	</rdf:Bag>
	</bqbiol:isVersionOf>
	</rdf:Description>
	
          </rdf:RDF>
        </annotation>
              <listOfReactants>
          <speciesReference metaid="_514565" species="MEN"/>
        </listOfReactants>
        <listOfProducts>
          <speciesReference metaid="_514577" species="degr"/>
        </listOfProducts>
        <kineticLaw metaid="_514589">
          <math xmlns="http://www.w3.org/1998/Math/MathML">          
            <apply>
              <times/>
              <ci> ldmen </ci>
              <ci> MEN </ci>
            </apply>
          </math>
                </kineticLaw>
      </reaction>
      <reaction id="v29" metaid="_307068" name="Tem1 degradation in MEN" sboTerm="SBO:0000179">
        <annotation>
          <rdf:RDF xmlns:rdf="http://www.w3.org/1999/02/22-rdf-syntax-ns#" xmlns:bqmodel="http://biomodels.net/model-qualifiers/" xmlns:bqbiol="http://biomodels.net/biology-qualifiers/">
            <rdf:Description rdf:about="#_307068">
	<bqbiol:isVersionOf>
	<rdf:Bag>
	<rdf:li rdf:resource="http://identifiers.org/obo.go/GO:0030163"/>
	</rdf:Bag>
	</bqbiol:isVersionOf>
	</rdf:Description>
	
          </rdf:RDF>
        </annotation>
              <listOfReactants>
          <speciesReference metaid="_514601" species="MEN"/>
        </listOfReactants>
        <listOfModifiers>
          <modifierSpeciesReference metaid="_514613" species="Tem1"/>
          <modifierSpeciesReference metaid="_514625" species="PP2A"/>
        </listOfModifiers>
        <kineticLaw metaid="_514637">
          <math xmlns="http://www.w3.org/1998/Math/MathML">          
            <apply>
              <times/>
              <apply>
                <plus/>
                <ci> kitem </ci>
                <apply>
                  <times/>
                  <ci> kaitem </ci>
                  <ci> PP2A </ci>
                </apply>
              </apply>
              <apply>
                <divide/>
                <ci> MEN </ci>
                <apply>
                  <plus/>
                  <ci> Jtem1 </ci>
                  <ci> Tem1 </ci>
                </apply>
              </apply>
            </apply>
          </math>
                </kineticLaw>
      </reaction>
      <reaction id="v30" metaid="_307069" name="Cdc15 degradation in MEN" sboTerm="SBO:0000179">
        <annotation>
          <rdf:RDF xmlns:rdf="http://www.w3.org/1999/02/22-rdf-syntax-ns#" xmlns:bqmodel="http://biomodels.net/model-qualifiers/" xmlns:bqbiol="http://biomodels.net/biology-qualifiers/">
            <rdf:Description rdf:about="#_307069">
	<bqbiol:isVersionOf>
	<rdf:Bag>
	<rdf:li rdf:resource="http://identifiers.org/obo.go/GO:0030163"/>
	</rdf:Bag>
	</bqbiol:isVersionOf>
	</rdf:Description>
	
          </rdf:RDF>
        </annotation>
              <listOfReactants>
          <speciesReference metaid="_514649" species="MEN"/>
        </listOfReactants>
        <listOfModifiers>
          <modifierSpeciesReference metaid="_514661" species="Cdc15"/>
          <modifierSpeciesReference metaid="_514673" species="Clb2"/>
        </listOfModifiers>
        <kineticLaw metaid="_514685">
          <math xmlns="http://www.w3.org/1998/Math/MathML">          
            <apply>
              <times/>
              <apply>
                <plus/>
                <ci> kicdc15 </ci>
                <apply>
                  <times/>
                  <ci> kaicdc15 </ci>
                  <ci> Cdk </ci>
                </apply>
              </apply>
              <apply>
                <divide/>
                <ci> MEN </ci>
                <apply>
                  <plus/>
                  <ci> Jcdc15 </ci>
                  <ci> Cdc15 </ci>
                </apply>
              </apply>
            </apply>
          </math>
                </kineticLaw>
      </reaction>
    </listOfReactions>
  </model>
</sbml>