<?xml version='1.0' encoding='UTF-8' standalone='no'?>
<sbml xmlns="http://www.sbml.org/sbml/level2/version3" level="2" metaid="metaid_0000001" version="3">
  <model id="Romond1999_CellCycle" metaid="metaid_0000002" name="Romond1999_CellCycle">
    <notes>
      <body xmlns="http://www.w3.org/1999/xhtml">
        <p>The model reproduces Fig 3 of the paper. Model successfully reproduced using MathSBML and Jarnac.</p>
            <br/>
            <p>To the extent possible under law, all copyright and related or neighbouring rights to this encoded model have been dedicated to the public domain worldwide. Please refer to      <a href="http://creativecommons.org/publicdomain/zero/1.0/" title="Creative Commons CC0">CC0 Public Domain Dedication</a>
          for more information.      </p>
            <p>In summary, you are entitled to use this encoded model in absolutely any manner you deem suitable, verbatim, or with modification, alone or embedded it in a larger context, redistribute it, commercially or not, in a restricted way or not.</p>
            <br/>
            <p>To cite BioModels Database, please use:      <a href="http://www.ncbi.nlm.nih.gov/pubmed/20587024" target="_blank">Li C, Donizelli M, Rodriguez N, Dharuri H, Endler L, Chelliah V, Li L, He E, Henry A, Stefan MI, Snoep JL, Hucka M, Le Novère N, Laibe C (2010) BioModels Database: An enhanced, curated and annotated resource for published quantitative kinetic models. BMC Syst Biol., 4:92.</a>
                </p>
            </body>
      
    </notes>
    <annotation>
      <rdf:RDF xmlns:rdf="http://www.w3.org/1999/02/22-rdf-syntax-ns#" xmlns:bqmodel="http://biomodels.net/model-qualifiers/" xmlns:vCard="http://www.w3.org/2001/vcard-rdf/3.0#" xmlns:dc="http://purl.org/dc/elements/1.1/" xmlns:dcterms="http://purl.org/dc/terms/" xmlns:bqbiol="http://biomodels.net/biology-qualifiers/">
        <rdf:Description rdf:about="#metaid_0000002">
	<dc:creator>
	<rdf:Bag>
	<rdf:li rdf:parseType="Resource">
	<vCard:N rdf:parseType="Resource">
	<vCard:Family>Dharuri</vCard:Family>
	<vCard:Given>Harish</vCard:Given>
	</vCard:N>
	<vCard:EMAIL>hdharuri@cds.caltech.edu</vCard:EMAIL>
	<vCard:ORG rdf:parseType="Resource">
	<vCard:Orgname>California Institute of Technology</vCard:Orgname>
	</vCard:ORG>
	</rdf:li>
	</rdf:Bag>
	</dc:creator>
	<dcterms:created rdf:parseType="Resource">
	<dcterms:W3CDTF>2008-09-10T13:58:58Z</dcterms:W3CDTF>
	</dcterms:created>
	<dcterms:modified rdf:parseType="Resource">
	<dcterms:W3CDTF>2012-07-05T16:48:46Z</dcterms:W3CDTF>
	</dcterms:modified>
	<bqmodel:is>
	<rdf:Bag>
	<rdf:li rdf:resource="http://identifiers.org/biomodels.db/MODEL1111382868"/>
	</rdf:Bag>
	</bqmodel:is>
	<bqmodel:is>
	<rdf:Bag>
	<rdf:li rdf:resource="http://identifiers.org/biomodels.db/BIOMD0000000207"/>
	</rdf:Bag>
	</bqmodel:is>
	<bqmodel:isDescribedBy>
	<rdf:Bag>
	<rdf:li rdf:resource="http://identifiers.org/pubmed/10415827"/>
	</rdf:Bag>
	</bqmodel:isDescribedBy>
	<bqbiol:hasTaxon>
	<rdf:Bag>
	<rdf:li rdf:resource="http://identifiers.org/taxonomy/2759"/>
	</rdf:Bag>
	</bqbiol:hasTaxon>
	<bqbiol:isVersionOf>
	<rdf:Bag>
	<rdf:li rdf:resource="http://identifiers.org/kegg.pathway/hsa04110"/>
	<rdf:li rdf:resource="http://identifiers.org/obo.go/GO:0000278"/>
	</rdf:Bag>
	</bqbiol:isVersionOf>
	</rdf:Description>
	
      </rdf:RDF>
    </annotation>
      <listOfUnitDefinitions>
      <unitDefinition id="time" metaid="metaid_0000062" name="minute">
        <listOfUnits>
          <unit kind="second" metaid="_312638" multiplier="60"/>
        </listOfUnits>
      </unitDefinition>
      <unitDefinition id="uM" metaid="metaid_0000063" name="uM">
        <listOfUnits>
          <unit kind="mole" metaid="_312650" scale="-6"/>
          <unit exponent="-1" kind="litre" metaid="_312662"/>
        </listOfUnits>
      </unitDefinition>
      <unitDefinition id="micromole" metaid="metaid_0000064" name="micromole">
        <listOfUnits>
          <unit kind="mole" metaid="_312674" scale="-6"/>
        </listOfUnits>
      </unitDefinition>
      <unitDefinition id="min_1" metaid="metaid_0000065" name="min_1">
        <listOfUnits>
          <unit exponent="-1" kind="second" metaid="_312686" multiplier="60"/>
        </listOfUnits>
      </unitDefinition>
      <unitDefinition id="uM_min_1" metaid="metaid_0000066" name="uM_min_1">
        <listOfUnits>
          <unit kind="mole" metaid="_312698" scale="-6"/>
          <unit exponent="-1" kind="litre" metaid="_312710"/>
          <unit exponent="-1" kind="second" metaid="_312722" multiplier="60"/>
        </listOfUnits>
      </unitDefinition>
    </listOfUnitDefinitions>
    <listOfCompartments>
      <compartment id="compartment" metaid="metaid_0000035" size="1"/>
    </listOfCompartments>
    <listOfSpecies>
      <species compartment="compartment" id="C1" initialConcentration="2" metaid="metaid_0000037" name="cyclinB" substanceUnits="micromole">
        <annotation>
          <rdf:RDF xmlns:rdf="http://www.w3.org/1999/02/22-rdf-syntax-ns#" xmlns:bqmodel="http://biomodels.net/model-qualifiers/" xmlns:bqbiol="http://biomodels.net/biology-qualifiers/">
            <rdf:Description rdf:about="#metaid_0000037">
	<bqbiol:isVersionOf>
	<rdf:Bag>
	<rdf:li rdf:resource="http://identifiers.org/uniprot/Q8WWL7"/>
	</rdf:Bag>
	</bqbiol:isVersionOf>
	</rdf:Description>
	
          </rdf:RDF>
        </annotation>
            </species>
      <species compartment="compartment" hasOnlySubstanceUnits="true" id="M1" initialAmount="1" metaid="metaid_0000038" name="cdk1" substanceUnits="dimensionless">
        <annotation>
          <rdf:RDF xmlns:rdf="http://www.w3.org/1999/02/22-rdf-syntax-ns#" xmlns:bqmodel="http://biomodels.net/model-qualifiers/" xmlns:bqbiol="http://biomodels.net/biology-qualifiers/">
            <rdf:Description rdf:about="#metaid_0000038">
	<bqbiol:isVersionOf>
	<rdf:Bag>
	<rdf:li rdf:resource="http://identifiers.org/uniprot/P06493"/>
	</rdf:Bag>
	</bqbiol:isVersionOf>
	</rdf:Description>
	
          </rdf:RDF>
        </annotation>
            </species>
      <species compartment="compartment" hasOnlySubstanceUnits="true" id="X1" initialAmount="0" metaid="metaid_0000039" name="ubiquitin ligase" substanceUnits="dimensionless">
        <annotation>
          <rdf:RDF xmlns:rdf="http://www.w3.org/1999/02/22-rdf-syntax-ns#" xmlns:bqmodel="http://biomodels.net/model-qualifiers/" xmlns:bqbiol="http://biomodels.net/biology-qualifiers/">
            <rdf:Description rdf:about="#metaid_0000039">
	<bqbiol:isVersionOf>
	<rdf:Bag>
	<rdf:li rdf:resource="http://identifiers.org/uniprot/Q9UBT2"/>
	</rdf:Bag>
	</bqbiol:isVersionOf>
	</rdf:Description>
	
          </rdf:RDF>
        </annotation>
            </species>
      <species compartment="compartment" id="C2" initialConcentration="0" metaid="metaid_0000040" name="cyclinE" substanceUnits="micromole">
        <annotation>
          <rdf:RDF xmlns:rdf="http://www.w3.org/1999/02/22-rdf-syntax-ns#" xmlns:bqmodel="http://biomodels.net/model-qualifiers/" xmlns:bqbiol="http://biomodels.net/biology-qualifiers/">
            <rdf:Description rdf:about="#metaid_0000040">
	<bqbiol:isVersionOf>
	<rdf:Bag>
	<rdf:li rdf:resource="http://identifiers.org/uniprot/P24864"/>
	</rdf:Bag>
	</bqbiol:isVersionOf>
	</rdf:Description>
	
          </rdf:RDF>
        </annotation>
            </species>
      <species compartment="compartment" hasOnlySubstanceUnits="true" id="M2" initialAmount="0" metaid="metaid_0000041" name="cdk2" substanceUnits="dimensionless">
        <annotation>
          <rdf:RDF xmlns:rdf="http://www.w3.org/1999/02/22-rdf-syntax-ns#" xmlns:bqmodel="http://biomodels.net/model-qualifiers/" xmlns:bqbiol="http://biomodels.net/biology-qualifiers/">
            <rdf:Description rdf:about="#metaid_0000041">
	<bqbiol:isVersionOf>
	<rdf:Bag>
	<rdf:li rdf:resource="http://identifiers.org/uniprot/P24941"/>
	</rdf:Bag>
	</bqbiol:isVersionOf>
	</rdf:Description>
	
          </rdf:RDF>
        </annotation>
            </species>
      <species compartment="compartment" hasOnlySubstanceUnits="true" id="X2" initialAmount="0" metaid="metaid_0000042" name="Ubiquitin ligase 2" substanceUnits="dimensionless">
        <annotation>
          <rdf:RDF xmlns:rdf="http://www.w3.org/1999/02/22-rdf-syntax-ns#" xmlns:bqmodel="http://biomodels.net/model-qualifiers/" xmlns:bqbiol="http://biomodels.net/biology-qualifiers/">
            <rdf:Description rdf:about="#metaid_0000042">
	<bqbiol:isVersionOf>
	<rdf:Bag>
	<rdf:li rdf:resource="http://identifiers.org/uniprot/Q9UBT2"/>
	</rdf:Bag>
	</bqbiol:isVersionOf>
	</rdf:Description>
	
          </rdf:RDF>
        </annotation>
            </species>
    </listOfSpecies>
    <listOfParameters>
      <parameter constant="false" id="V1" metaid="metaid_0000003" units="min_1" value="0"/>
      <parameter id="Kc1" metaid="metaid_0000004" units="uM" value="0.5"/>
      <parameter id="V_M1" metaid="metaid_0000005" units="min_1" value="0.3"/>
      <parameter constant="false" id="V3" metaid="metaid_0000006" units="min_1" value="0"/>
      <parameter id="V_M3" metaid="metaid_0000007" units="min_1" value="0.1"/>
      <parameter constant="false" id="U1" metaid="metaid_0000008" units="min_1" value="0"/>
      <parameter id="Kc2" metaid="metaid_0000009" units="uM" value="0.5"/>
      <parameter id="U_M1" metaid="metaid_0000010" units="min_1" value="0.3"/>
      <parameter constant="false" id="U3" metaid="metaid_0000011" units="min_1" value="0"/>
      <parameter id="U_M3" metaid="metaid_0000012" units="min_1" value="0.1"/>
      <parameter id="vi1" metaid="metaid_0000013" units="uM_min_1" value="0.05"/>
      <parameter id="Kim1" metaid="metaid_0000014" units="dimensionless" value="0.03"/>
      <parameter id="vd1" metaid="metaid_0000015" units="uM_min_1" value="0.025"/>
      <parameter id="K_d1" metaid="metaid_0000016" units="uM" value="0.02"/>
      <parameter id="kd1" metaid="metaid_0000017" units="min_1" value="0.001"/>
      <parameter id="K1" metaid="metaid_0000018" units="dimensionless" value="0.01"/>
      <parameter id="V2" metaid="metaid_0000019" units="min_1" value="0.15"/>
      <parameter id="K2" metaid="metaid_0000020" units="dimensionless" value="0.01"/>
      <parameter id="K3" metaid="metaid_0000021" units="dimensionless" value="0.01"/>
      <parameter id="V4" metaid="metaid_0000022" units="min_1" value="0.05"/>
      <parameter id="K4" metaid="metaid_0000023" units="dimensionless" value="0.01"/>
      <parameter id="vi2" metaid="metaid_0000024" units="uM_min_1" value="0.05"/>
      <parameter id="Kim2" metaid="metaid_0000025" units="dimensionless" value="0.03"/>
      <parameter id="vd2" metaid="metaid_0000026" units="uM_min_1" value="0.025"/>
      <parameter id="K_d2" metaid="metaid_0000027" units="uM" value="0.02"/>
      <parameter id="kd2" metaid="metaid_0000028" units="min_1" value="0.001"/>
      <parameter id="H1" metaid="metaid_0000029" units="dimensionless" value="0.01"/>
      <parameter id="U2" metaid="metaid_0000030" units="min_1" value="0.15"/>
      <parameter id="H2" metaid="metaid_0000031" units="dimensionless" value="0.01"/>
      <parameter id="H3" metaid="metaid_0000032" units="dimensionless" value="0.01"/>
      <parameter id="U4" metaid="metaid_0000033" units="min_1" value="0.05"/>
      <parameter id="H4" metaid="metaid_0000034" units="dimensionless" value="0.01"/>
    </listOfParameters>
    <listOfRules>
      <assignmentRule metaid="metaid_0000043" variable="V1">
        <math xmlns="http://www.w3.org/1998/Math/MathML">        
          <apply>
            <times/>
            <apply>
              <divide/>
              <ci> C1 </ci>
              <apply>
                <plus/>
                <ci> Kc1 </ci>
                <ci> C1 </ci>
              </apply>
            </apply>
            <ci> V_M1 </ci>
          </apply>
        </math>
            </assignmentRule>
      <assignmentRule metaid="metaid_0000044" variable="V3">
        <math xmlns="http://www.w3.org/1998/Math/MathML">        
          <apply>
            <times/>
            <ci> M1 </ci>
            <ci> V_M3 </ci>
          </apply>
        </math>
            </assignmentRule>
      <assignmentRule metaid="metaid_0000045" variable="U1">
        <math xmlns="http://www.w3.org/1998/Math/MathML">        
          <apply>
            <times/>
            <apply>
              <divide/>
              <ci> C2 </ci>
              <apply>
                <plus/>
                <ci> Kc2 </ci>
                <ci> C2 </ci>
              </apply>
            </apply>
            <ci> U_M1 </ci>
          </apply>
        </math>
            </assignmentRule>
      <assignmentRule metaid="metaid_0000046" variable="U3">
        <math xmlns="http://www.w3.org/1998/Math/MathML">        
          <apply>
            <times/>
            <ci> M2 </ci>
            <ci> U_M3 </ci>
          </apply>
        </math>
            </assignmentRule>
      <rateRule metaid="metaid_0000070" variable="M1">
        <math xmlns="http://www.w3.org/1998/Math/MathML">        
          <apply>
            <minus/>
            <apply>
              <divide/>
              <apply>
                <times/>
                <ci> V1 </ci>
                <apply>
                  <minus/>
                  <cn type="integer"> 1 </cn>
                  <ci> M1 </ci>
                </apply>
              </apply>
              <apply>
                <plus/>
                <ci> K1 </ci>
                <apply>
                  <minus/>
                  <cn type="integer"> 1 </cn>
                  <ci> M1 </ci>
                </apply>
              </apply>
            </apply>
            <apply>
              <divide/>
              <apply>
                <times/>
                <ci> V2 </ci>
                <ci> M1 </ci>
              </apply>
              <apply>
                <plus/>
                <ci> K2 </ci>
                <ci> M1 </ci>
              </apply>
            </apply>
          </apply>
        </math>
            </rateRule>
      <rateRule metaid="metaid_0000071" variable="X1">
        <math xmlns="http://www.w3.org/1998/Math/MathML">        
          <apply>
            <minus/>
            <apply>
              <divide/>
              <apply>
                <times/>
                <ci> V3 </ci>
                <apply>
                  <minus/>
                  <cn type="integer"> 1 </cn>
                  <ci> X1 </ci>
                </apply>
              </apply>
              <apply>
                <plus/>
                <ci> K3 </ci>
                <apply>
                  <minus/>
                  <cn type="integer"> 1 </cn>
                  <ci> X1 </ci>
                </apply>
              </apply>
            </apply>
            <apply>
              <divide/>
              <apply>
                <times/>
                <ci> V4 </ci>
                <ci> X1 </ci>
              </apply>
              <apply>
                <plus/>
                <ci> K4 </ci>
                <ci> X1 </ci>
              </apply>
            </apply>
          </apply>
        </math>
            </rateRule>
      <rateRule metaid="metaid_0000073" variable="M2">
        <math xmlns="http://www.w3.org/1998/Math/MathML">        
          <apply>
            <minus/>
            <apply>
              <divide/>
              <apply>
                <times/>
                <ci> U1 </ci>
                <apply>
                  <minus/>
                  <cn type="integer"> 1 </cn>
                  <ci> M2 </ci>
                </apply>
              </apply>
              <apply>
                <plus/>
                <ci> H1 </ci>
                <apply>
                  <minus/>
                  <cn type="integer"> 1 </cn>
                  <ci> M2 </ci>
                </apply>
              </apply>
            </apply>
            <apply>
              <divide/>
              <apply>
                <times/>
                <ci> U2 </ci>
                <ci> M2 </ci>
              </apply>
              <apply>
                <plus/>
                <ci> H2 </ci>
                <ci> M2 </ci>
              </apply>
            </apply>
          </apply>
        </math>
            </rateRule>
      <rateRule metaid="metaid_0000075" variable="X2">
        <math xmlns="http://www.w3.org/1998/Math/MathML">        
          <apply>
            <minus/>
            <apply>
              <divide/>
              <apply>
                <times/>
                <ci> U3 </ci>
                <apply>
                  <minus/>
                  <cn type="integer"> 1 </cn>
                  <ci> X2 </ci>
                </apply>
              </apply>
              <apply>
                <plus/>
                <ci> H3 </ci>
                <apply>
                  <minus/>
                  <cn type="integer"> 1 </cn>
                  <ci> X2 </ci>
                </apply>
              </apply>
            </apply>
            <apply>
              <divide/>
              <apply>
                <times/>
                <ci> U4 </ci>
                <ci> X2 </ci>
              </apply>
              <apply>
                <plus/>
                <ci> H4 </ci>
                <ci> X2 </ci>
              </apply>
            </apply>
          </apply>
        </math>
            </rateRule>
    </listOfRules>
    <listOfReactions>
      <reaction id="R1" metaid="metaid_0000047" name="cdk2 mediated cyclinB synthesis" reversible="false">
        <annotation>
          <rdf:RDF xmlns:rdf="http://www.w3.org/1999/02/22-rdf-syntax-ns#" xmlns:bqmodel="http://biomodels.net/model-qualifiers/" xmlns:bqbiol="http://biomodels.net/biology-qualifiers/">
            <rdf:Description rdf:about="#metaid_0000047">
	<bqbiol:isVersionOf>
	<rdf:Bag>
	<rdf:li rdf:resource="http://identifiers.org/obo.go/GO:0004693"/>
	</rdf:Bag>
	</bqbiol:isVersionOf>
	</rdf:Description>
	
          </rdf:RDF>
        </annotation>
              <listOfProducts>
          <speciesReference metaid="_312734" species="C1"/>
        </listOfProducts>
        <listOfModifiers>
          <modifierSpeciesReference metaid="_312746" species="M2"/>
        </listOfModifiers>
        <kineticLaw metaid="_312758">
          <math xmlns="http://www.w3.org/1998/Math/MathML">          
            <apply>
              <divide/>
              <apply>
                <times/>
                <ci> compartment </ci>
                <ci> vi1 </ci>
                <ci> Kim1 </ci>
              </apply>
              <apply>
                <plus/>
                <ci> Kim1 </ci>
                <ci> M2 </ci>
              </apply>
            </apply>
          </math>
                </kineticLaw>
      </reaction>
      <reaction id="R2" metaid="metaid_0000048" name="Ubiquitin ligase mediated cyclinB degradation" reversible="false">
        <annotation>
          <rdf:RDF xmlns:rdf="http://www.w3.org/1999/02/22-rdf-syntax-ns#" xmlns:bqmodel="http://biomodels.net/model-qualifiers/" xmlns:bqbiol="http://biomodels.net/biology-qualifiers/">
            <rdf:Description rdf:about="#metaid_0000048">
	<bqbiol:isVersionOf>
	<rdf:Bag>
	<rdf:li rdf:resource="http://identifiers.org/obo.go/GO:0008054"/>
	</rdf:Bag>
	</bqbiol:isVersionOf>
	</rdf:Description>
	
          </rdf:RDF>
        </annotation>
              <listOfReactants>
          <speciesReference metaid="_312770" species="C1"/>
        </listOfReactants>
        <listOfModifiers>
          <modifierSpeciesReference metaid="_312782" species="X1"/>
        </listOfModifiers>
        <kineticLaw metaid="_312794">
          <math xmlns="http://www.w3.org/1998/Math/MathML">          
            <apply>
              <divide/>
              <apply>
                <times/>
                <ci> compartment </ci>
                <ci> vd1 </ci>
                <ci> X1 </ci>
                <ci> C1 </ci>
              </apply>
              <apply>
                <plus/>
                <ci> K_d1 </ci>
                <ci> C1 </ci>
              </apply>
            </apply>
          </math>
                </kineticLaw>
      </reaction>
      <reaction id="R3" metaid="metaid_0000049" name="cyclinB degradation" reversible="false">
        <annotation>
          <rdf:RDF xmlns:rdf="http://www.w3.org/1999/02/22-rdf-syntax-ns#" xmlns:bqmodel="http://biomodels.net/model-qualifiers/" xmlns:bqbiol="http://biomodels.net/biology-qualifiers/">
            <rdf:Description rdf:about="#metaid_0000049">
	<bqbiol:isVersionOf>
	<rdf:Bag>
	<rdf:li rdf:resource="http://identifiers.org/obo.go/GO:0008054"/>
	</rdf:Bag>
	</bqbiol:isVersionOf>
	</rdf:Description>
	
          </rdf:RDF>
        </annotation>
              <listOfReactants>
          <speciesReference metaid="_312806" species="C1"/>
        </listOfReactants>
        <kineticLaw metaid="_312818">
          <math xmlns="http://www.w3.org/1998/Math/MathML">          
            <apply>
              <times/>
              <ci> compartment </ci>
              <ci> kd1 </ci>
              <ci> C1 </ci>
            </apply>
          </math>
                </kineticLaw>
      </reaction>
      <reaction id="R8" metaid="metaid_0000054" name="cyclinE synthesis" reversible="false">
        <listOfProducts>
          <speciesReference metaid="_312830" species="C2"/>
        </listOfProducts>
        <listOfModifiers>
          <modifierSpeciesReference metaid="_312842" species="M1"/>
        </listOfModifiers>
        <kineticLaw metaid="_312854">
          <math xmlns="http://www.w3.org/1998/Math/MathML">          
            <apply>
              <divide/>
              <apply>
                <times/>
                <ci> compartment </ci>
                <ci> vi2 </ci>
                <ci> Kim2 </ci>
              </apply>
              <apply>
                <plus/>
                <ci> Kim2 </ci>
                <ci> M1 </ci>
              </apply>
            </apply>
          </math>
                </kineticLaw>
      </reaction>
      <reaction id="R9" metaid="metaid_0000055" name="Ubiquitin ligase mediated cyclinE degradation" reversible="false">
        <annotation>
          <rdf:RDF xmlns:rdf="http://www.w3.org/1999/02/22-rdf-syntax-ns#" xmlns:bqmodel="http://biomodels.net/model-qualifiers/" xmlns:bqbiol="http://biomodels.net/biology-qualifiers/">
            <rdf:Description rdf:about="#metaid_0000055">
	<bqbiol:isVersionOf>
	<rdf:Bag>
	<rdf:li rdf:resource="http://identifiers.org/obo.go/GO:0008054"/>
	</rdf:Bag>
	</bqbiol:isVersionOf>
	</rdf:Description>
	
          </rdf:RDF>
        </annotation>
              <listOfReactants>
          <speciesReference metaid="_312866" species="C2"/>
        </listOfReactants>
        <listOfModifiers>
          <modifierSpeciesReference metaid="_312878" species="X2"/>
        </listOfModifiers>
        <kineticLaw metaid="_312890">
          <math xmlns="http://www.w3.org/1998/Math/MathML">          
            <apply>
              <divide/>
              <apply>
                <times/>
                <ci> compartment </ci>
                <ci> vd2 </ci>
                <ci> X2 </ci>
                <ci> C2 </ci>
              </apply>
              <apply>
                <plus/>
                <ci> K_d2 </ci>
                <ci> C2 </ci>
              </apply>
            </apply>
          </math>
                </kineticLaw>
      </reaction>
      <reaction id="R10" metaid="metaid_0000056" name="cyclinE degradation" reversible="false">
        <annotation>
          <rdf:RDF xmlns:rdf="http://www.w3.org/1999/02/22-rdf-syntax-ns#" xmlns:bqmodel="http://biomodels.net/model-qualifiers/" xmlns:bqbiol="http://biomodels.net/biology-qualifiers/">
            <rdf:Description rdf:about="#metaid_0000056">
	<bqbiol:isVersionOf>
	<rdf:Bag>
	<rdf:li rdf:resource="http://identifiers.org/obo.go/GO:0008054"/>
	</rdf:Bag>
	</bqbiol:isVersionOf>
	</rdf:Description>
	
          </rdf:RDF>
        </annotation>
              <listOfReactants>
          <speciesReference metaid="_312902" species="C2"/>
        </listOfReactants>
        <kineticLaw metaid="_312914">
          <math xmlns="http://www.w3.org/1998/Math/MathML">          
            <apply>
              <times/>
              <ci> compartment </ci>
              <ci> kd2 </ci>
              <ci> C2 </ci>
            </apply>
          </math>
                </kineticLaw>
      </reaction>
    </listOfReactions>
  </model>
</sbml>