<?xml version='1.0' encoding='UTF-8' standalone='no'?>
<sbml xmlns="http://www.sbml.org/sbml/level2/version4" level="2" metaid="metaid_0000001" version="4">
  <model id="FitzHugh1961_NerveMembrane" metaid="metaid_0000002" name="FitzHugh1961_NerveMembrane">
    <notes>
      <body xmlns="http://www.w3.org/1999/xhtml">
        <p>This is the original model from Richard FitzHugh, which led the famous FitzHugh–Nagumo model, still used for instance in computational neurosciences.      <br/>
                <strong>Impulses and Physiological States in Theoretical Models of Nerve Membrane</strong>
                <br/>
          FitzHugh R      <em>Biophysical Journal,</em>
          1961 July:1(6):445-466      <a href="http://dx.doi.org/10.1016/S0006-3495(61)86902-6">doi:10.1016/S0006-3495(61)86902-6</a>
          ,      <br/>
                <strong>Abstract:</strong>
                <br/>
          Van der Pol's equation for a relaxation oscillator is generalized by the addition of terms to produce a pair of non-linear differential equations with either a stable singular point or a limit cycle. The resulting BVP model has two variables of state, representing excitability and refractoriness, and qualitatively resembles Bonhoeffer's theoretical model for the iron wire model of nerve. This BVP model serves as a simple representative of a class of excitable-oscillatory systems including the Hodgkin-Huxley (HH) model of the squid giant axon. The BVP phase plane can be divided into regions corresponding to the physiological states of nerve fiber (resting, active, refractory, enhanced, depressed, etc.) to form a physiological state diagram, with the help of which many physiological phenomena can be summarized. A properly chosen projection from the 4-dimensional HH phase space onto a plane produces a similar diagram which shows the underlying relationship between the two models. Impulse trains occur in the BVP and HH models for a range of constant applied currents which make the singular point representing the resting state unstable.      </p>
            <p>This model originates from BioModels Database: A Database of Annotated Published Models (http://www.ebi.ac.uk/biomodels/). It is copyright (c) 2005-2012 The BioModels.net Team.      <br/>
          For more information see the      <a href="http://www.ebi.ac.uk/biomodels/legal.html" target="_blank">terms of use</a>
          .      <br/>
          To cite BioModels Database, please use:      <a href="http://www.ncbi.nlm.nih.gov/pubmed/20587024" target="_blank">Li C, Donizelli M, Rodriguez N, Dharuri H, Endler L, Chelliah V, Li L, He E, Henry A, Stefan MI, Snoep JL, Hucka M, Le Novère N, Laibe C (2010) BioModels Database: An enhanced, curated and annotated resource for published quantitative kinetic models. BMC Syst Biol., 4:92.</a>
                </p>
            </body>
      
    </notes>
    <annotation>
      <rdf:RDF xmlns:rdf="http://www.w3.org/1999/02/22-rdf-syntax-ns#" xmlns:bqmodel="http://biomodels.net/model-qualifiers/" xmlns:vCard="http://www.w3.org/2001/vcard-rdf/3.0#" xmlns:dc="http://purl.org/dc/elements/1.1/" xmlns:dcterms="http://purl.org/dc/terms/" xmlns:bqbiol="http://biomodels.net/biology-qualifiers/">
        <rdf:Description rdf:about="#metaid_0000002">
	<dc:creator>
	<rdf:Bag>
	<rdf:li rdf:parseType="Resource">
	<vCard:N rdf:parseType="Resource">
	<vCard:Family>Le Novère</vCard:Family>
	<vCard:Given>Nicolas</vCard:Given>
	</vCard:N>
	<vCard:EMAIL>lenov@ebi.ac.uk</vCard:EMAIL>
	<vCard:ORG rdf:parseType="Resource">
	<vCard:Orgname>EMBL-EBI</vCard:Orgname>
	</vCard:ORG>
	</rdf:li>
	</rdf:Bag>
	</dc:creator>
	<dcterms:created rdf:parseType="Resource">
	<dcterms:W3CDTF>2009-04-28T13:20:23Z</dcterms:W3CDTF>
	</dcterms:created>
	<dcterms:modified rdf:parseType="Resource">
	<dcterms:W3CDTF>2012-04-20T21:37:02Z</dcterms:W3CDTF>
	</dcterms:modified>
	<bqmodel:is>
	<rdf:Bag>
	<rdf:li rdf:resource="http://identifiers.org/biomodels.db/MODEL0911929415"/>
	</rdf:Bag>
	</bqmodel:is>
	<bqmodel:is>
	<rdf:Bag>
	<rdf:li rdf:resource="http://identifiers.org/biomodels.db/BIOMD0000000346"/>
	</rdf:Bag>
	</bqmodel:is>
	<bqmodel:isDescribedBy>
	<rdf:Bag>
	<rdf:li rdf:resource="http://identifiers.org/pubmed/19431309"/>
	</rdf:Bag>
	</bqmodel:isDescribedBy>
	<bqbiol:hasTaxon>
	<rdf:Bag>
	<rdf:li rdf:resource="http://identifiers.org/taxonomy/131567"/>
	<rdf:li rdf:resource="http://identifiers.org/obo.bto/BTO:0000925"/>
	</rdf:Bag>
	</bqbiol:hasTaxon>
	<bqbiol:isVersionOf>
	<rdf:Bag>
	<rdf:li rdf:resource="http://identifiers.org/obo.go/GO:0019226"/>
	</rdf:Bag>
	</bqbiol:isVersionOf>
	</rdf:Description>
	
      </rdf:RDF>
    </annotation>
      <listOfUnitDefinitions>
      <unitDefinition id="time" metaid="metaid_0000011" name="time">
        <listOfUnits>
          <unit kind="second" metaid="_363524" scale="-3"/>
        </listOfUnits>
      </unitDefinition>
    </listOfUnitDefinitions>
    <listOfCompartments>
      <compartment id="compartment" metaid="metaid_0000012" name="compartment" size="1"/>
    </listOfCompartments>
    <listOfSpecies>
      <species compartment="compartment" id="x" initialConcentration="-1" metaid="metaid_0000013" name="x"/>
      <species compartment="compartment" id="y" initialConcentration="0.5" metaid="metaid_0000014" name="y"/>
    </listOfSpecies>
    <listOfParameters>
      <parameter id="a" metaid="_223119" name="a" sboTerm="SBO:0000009" units="dimensionless" value="0.7"/>
      <parameter id="b" metaid="_223121" name="b" sboTerm="SBO:0000009" units="dimensionless" value="0.8"/>
      <parameter id="c" metaid="_223122" name="c" sboTerm="SBO:0000009" units="dimensionless" value="3"/>
      <parameter constant="false" id="z" metaid="_223124" name="z" sboTerm="SBO:0000009" units="dimensionless" value="-0.4"/>
    </listOfParameters>
    <listOfRules>
      <rateRule metaid="_223113" variable="x">
        <math xmlns="http://www.w3.org/1998/Math/MathML">        
          <apply>
            <times/>
            <ci> c </ci>
            <apply>
              <plus/>
              <ci> x </ci>
              <apply>
                <minus/>
                <apply>
                  <divide/>
                  <apply>
                    <power/>
                    <ci> x </ci>
                    <cn> 3 </cn>
                  </apply>
                  <cn> 3 </cn>
                </apply>
              </apply>
              <ci> y </ci>
              <ci> z </ci>
            </apply>
          </apply>
        </math>
            </rateRule>
      <rateRule metaid="_223114" variable="y">
        <math xmlns="http://www.w3.org/1998/Math/MathML">        
          <apply>
            <times/>
            <apply>
              <minus/>
              <apply>
                <divide/>
                <cn> 1 </cn>
                <ci> c </ci>
              </apply>
            </apply>
            <apply>
              <plus/>
              <ci> x </ci>
              <apply>
                <minus/>
                <ci> a </ci>
              </apply>
              <apply>
                <times/>
                <ci> b </ci>
                <ci> y </ci>
              </apply>
            </apply>
          </apply>
        </math>
            </rateRule>
    </listOfRules>
  </model>
</sbml>