<?xml version='1.0' encoding='UTF-8' standalone='no'?>
<sbml xmlns="http://www.sbml.org/sbml/level2/version4" level="2" metaid="metaid_0000001" version="4">
  <model id="Goldbeter_Calcium_Oscillation_based_on_CICR_AND_CA_Activated_degradation_of_IP3" metaid="metaid_0000002" name="Borghans1997 - Calcium Oscillation - Model 2">
    <notes>
      <body xmlns="http://www.w3.org/1999/xhtml">
        <div class="dc:title">Borghans1997 - Calcium Oscillation - Model 2</div>
            <div class="dc:description">      <p>A theoretical expoloration of possible mechanisms of intracellular calcium oscillations has been studied, considering three hypothesis (see below). This model corresponds to the second hypothesis.</p>
                </div>
            <div class="dc:bibliographicCitation">      <p>This model is described in the article:</p>
                <div class="bibo:title">        <a href="http://identifiers.org/pubmed/17029867" title="Access to this publication">Complex intracellular calcium oscillations. A theoretical exploration of possible mechanisms.</a>
                    </div>
                <div class="bibo:authorList">Borghans JM, Dupont G, Goldbeter A.</div>
                <div class="bibo:Journal">Biophys. Chem. 1997 May; 66(1): 25-41</div>
                <p>Abstract:</p>
                <div class="bibo:abstract">        <p>Intracellular Ca(2+) oscillations are commonly observed in a large number of cell types in response to stimulation by an extracellular agonist. In most cell types the mechanism of regular spiking is well understood and models based on Ca(2+)-induced Ca(2+) release (CICR) can account for many experimental observations. However, cells do not always exhibit simple Ca(2+) oscillations. In response to given agonists, some cells show more complex behaviour in the form of bursting, i.e. trains of Ca(2+) spikes separated by silent phases. Here we develop several theoretical models, based on physiologically plausible assumptions, that could account for complex intracellular Ca(2+) oscillations. The models are all based on one- or two-pool models based on CICR. We extend these models by (i) considering the inhibition of the Ca(2+)-release channel on a unique intracellular store at high cytosolic Ca(2+) concentrations, (ii) taking into account the Ca(2+)-activated degradation of inositol 1,4,5-trisphosphate (IP(3)), or (iii) considering explicity the evolution of the Ca(2+) concentration in two different pools, one sensitive and the other one insensitive to IP(3). Besides simple periodic oscillations, these three models can all account for more complex oscillatory behaviour in the form of bursting. Moreover, the model that takes the kinetics of IP(3) into account shows chaotic behaviour.</p>
                    </div>
                </div>
            <div class="dc:publisher">      <p>This model is hosted on        <a href="http://www.ebi.ac.uk/biomodels/">BioModels Database</a>
            and identified
by:        <a href="http://identifiers.org/biomodels.db/MODEL6622948601">MODEL6622948601</a>
            .        </p>
                <p>To cite BioModels Database, please use:        <a href="http://identifiers.org/pubmed/20587024" title="Latest BioModels Database publication">BioModels Database: An enhanced, curated and annotated resource
for published quantitative kinetic models</a>
            .        </p>
                </div>
            <div class="dc:license">      <p>To the extent possible under law, all copyright and related or
neighbouring rights to this encoded model have been dedicated to the public
domain worldwide. Please refer to        <a href="http://creativecommons.org/publicdomain/zero/1.0/" title="Access to: CC0 1.0 Universal (CC0 1.0), Public Domain Dedication">CC0 Public Domain
Dedication</a>
            for more information.        </p>
                </div>
            </body>
      
    </notes>
    <annotation>
      <rdf:RDF xmlns:rdf="http://www.w3.org/1999/02/22-rdf-syntax-ns#" xmlns:bqmodel="http://biomodels.net/model-qualifiers/" xmlns:vCard="http://www.w3.org/2001/vcard-rdf/3.0#" xmlns:dc="http://purl.org/dc/elements/1.1/" xmlns:dcterms="http://purl.org/dc/terms/" xmlns:bqbiol="http://biomodels.net/biology-qualifiers/">
        <rdf:Description rdf:about="#metaid_0000002">
	<dc:creator>
	<rdf:Bag>
	<rdf:li rdf:parseType="Resource">
	<vCard:N rdf:parseType="Resource">
	<vCard:Family>Dharuri</vCard:Family>
	<vCard:Given>Harish</vCard:Given>
	</vCard:N>
	<vCard:EMAIL>Harish_Dharuri@kgi.edu</vCard:EMAIL>
	<vCard:ORG rdf:parseType="Resource">
	<vCard:Orgname>Keck Graduate Institute</vCard:Orgname>
	</vCard:ORG>
	</rdf:li>
	</rdf:Bag>
	</dc:creator>
	<dcterms:created rdf:parseType="Resource">
	<dcterms:W3CDTF>2005-07-08T13:06:45Z</dcterms:W3CDTF>
	</dcterms:created>
	<dcterms:modified rdf:parseType="Resource">
	<dcterms:W3CDTF>2013-06-03T16:03:27Z</dcterms:W3CDTF>
	</dcterms:modified>
	<bqmodel:is>
	<rdf:Bag>
	<rdf:li rdf:resource="http://identifiers.org/biomodels.db/MODEL6622948601"/>
	</rdf:Bag>
	</bqmodel:is>
	<bqmodel:is>
	<rdf:Bag>
	<rdf:li rdf:resource="http://identifiers.org/biomodels.db/BIOMD0000000044"/>
	</rdf:Bag>
	</bqmodel:is>
	<bqmodel:isDescribedBy>
	<rdf:Bag>
	<rdf:li rdf:resource="http://identifiers.org/pubmed/17029867"/>
	</rdf:Bag>
	</bqmodel:isDescribedBy>
	<bqbiol:isVersionOf>
	<rdf:Bag>
	<rdf:li rdf:resource="http://identifiers.org/obo.go/GO:0019722"/>
	<rdf:li rdf:resource="http://identifiers.org/obo.go/GO:0048016"/>
	</rdf:Bag>
	</bqbiol:isVersionOf>
	<bqbiol:isPartOf>
	<rdf:Bag>
	<rdf:li rdf:resource="http://identifiers.org/kegg.pathway/rno04020"/>
	</rdf:Bag>
	</bqbiol:isPartOf>
	<bqbiol:hasTaxon>
	<rdf:Bag>
	<rdf:li rdf:resource="http://identifiers.org/taxonomy/10114"/>
	</rdf:Bag>
	</bqbiol:hasTaxon>
	</rdf:Description>
	
      </rdf:RDF>
    </annotation>
      <listOfUnitDefinitions>
      <unitDefinition id="substance" metaid="metaid_0000003" name="micromole (default)">
        <listOfUnits>
          <unit kind="mole" metaid="caae2b17_bd25_4b5b_baf8_049548b5e054" scale="-6"/>
        </listOfUnits>
      </unitDefinition>
      <unitDefinition id="time" metaid="metaid_0000004" name="minute (default)">
        <listOfUnits>
          <unit kind="second" metaid="_844085cc_10ec_4bf3_afd3_5ce889a78a9d" multiplier="60"/>
        </listOfUnits>
      </unitDefinition>
    </listOfUnitDefinitions>
    <listOfCompartments>
      <compartment id="extracellular" metaid="metaid_0000007" sboTerm="SBO:0000290" size="1">
        <annotation>
          <rdf:RDF xmlns:rdf="http://www.w3.org/1999/02/22-rdf-syntax-ns#" xmlns:bqmodel="http://biomodels.net/model-qualifiers/" xmlns:bqbiol="http://biomodels.net/biology-qualifiers/">
            <rdf:Description rdf:about="#metaid_0000007">
	<bqbiol:isVersionOf>
	<rdf:Bag>
	<rdf:li rdf:resource="http://identifiers.org/obo.go/GO:0005615"/>
	</rdf:Bag>
	</bqbiol:isVersionOf>
	</rdf:Description>
	
          </rdf:RDF>
        </annotation>
            </compartment>
      <compartment id="cytosol" metaid="metaid_0000006" outside="extracellular" sboTerm="SBO:0000290" size="1">
        <annotation>
          <rdf:RDF xmlns:rdf="http://www.w3.org/1999/02/22-rdf-syntax-ns#" xmlns:bqmodel="http://biomodels.net/model-qualifiers/" xmlns:bqbiol="http://biomodels.net/biology-qualifiers/">
            <rdf:Description rdf:about="#metaid_0000006">
	<bqbiol:isVersionOf>
	<rdf:Bag>
	<rdf:li rdf:resource="http://identifiers.org/obo.go/GO:0005829"/>
	</rdf:Bag>
	</bqbiol:isVersionOf>
	</rdf:Description>
	
          </rdf:RDF>
        </annotation>
            </compartment>
      <compartment id="intravesicular" metaid="metaid_0000005" outside="cytosol" sboTerm="SBO:0000290" size="1">
        <annotation>
          <rdf:RDF xmlns:rdf="http://www.w3.org/1999/02/22-rdf-syntax-ns#" xmlns:bqmodel="http://biomodels.net/model-qualifiers/" xmlns:bqbiol="http://biomodels.net/biology-qualifiers/">
            <rdf:Description rdf:about="#metaid_0000005">
	<bqbiol:isVersionOf>
	<rdf:Bag>
	<rdf:li rdf:resource="http://identifiers.org/obo.go/GO:0005790"/>
	</rdf:Bag>
	</bqbiol:isVersionOf>
	</rdf:Description>
	
          </rdf:RDF>
        </annotation>
            </compartment>
    </listOfCompartments>
    <listOfSpecies>
      <species compartment="extracellular" id="EC" initialConcentration="1000" metaid="metaid_0000008" sboTerm="SBO:0000327">
        <annotation>
          <rdf:RDF xmlns:rdf="http://www.w3.org/1999/02/22-rdf-syntax-ns#" xmlns:bqmodel="http://biomodels.net/model-qualifiers/" xmlns:bqbiol="http://biomodels.net/biology-qualifiers/">
            <rdf:Description rdf:about="#metaid_0000008">
	<bqbiol:is>
	<rdf:Bag>
	<rdf:li rdf:resource="http://identifiers.org/chebi/CHEBI:29108"/>
	<rdf:li rdf:resource="http://identifiers.org/kegg.compound/C00076"/>
	</rdf:Bag>
	</bqbiol:is>
	</rdf:Description>
	
          </rdf:RDF>
        </annotation>
            </species>
      <species compartment="cytosol" id="Z" initialConcentration="0" metaid="metaid_0000009" sboTerm="SBO:0000327">
        <annotation>
          <rdf:RDF xmlns:rdf="http://www.w3.org/1999/02/22-rdf-syntax-ns#" xmlns:bqmodel="http://biomodels.net/model-qualifiers/" xmlns:bqbiol="http://biomodels.net/biology-qualifiers/">
            <rdf:Description rdf:about="#metaid_0000009">
	<bqbiol:is>
	<rdf:Bag>
	<rdf:li rdf:resource="http://identifiers.org/chebi/CHEBI:29108"/>
	<rdf:li rdf:resource="http://identifiers.org/kegg.compound/C00076"/>
	</rdf:Bag>
	</bqbiol:is>
	</rdf:Description>
	
          </rdf:RDF>
        </annotation>
            </species>
      <species compartment="cytosol" id="A" initialConcentration="0.45" metaid="metaid_0000010" sboTerm="SBO:0000327">
        <annotation>
          <rdf:RDF xmlns:rdf="http://www.w3.org/1999/02/22-rdf-syntax-ns#" xmlns:bqmodel="http://biomodels.net/model-qualifiers/" xmlns:bqbiol="http://biomodels.net/biology-qualifiers/">
            <rdf:Description rdf:about="#metaid_0000010">
	<bqbiol:is>
	<rdf:Bag>
	<rdf:li rdf:resource="http://identifiers.org/chebi/CHEBI:16595"/>
	<rdf:li rdf:resource="http://identifiers.org/kegg.compound/C01245"/>
	</rdf:Bag>
	</bqbiol:is>
	</rdf:Description>
	
          </rdf:RDF>
        </annotation>
            </species>
      <species compartment="intravesicular" id="Y" initialConcentration="0.36" metaid="metaid_0000011" sboTerm="SBO:0000327">
        <annotation>
          <rdf:RDF xmlns:rdf="http://www.w3.org/1999/02/22-rdf-syntax-ns#" xmlns:bqmodel="http://biomodels.net/model-qualifiers/" xmlns:bqbiol="http://biomodels.net/biology-qualifiers/">
            <rdf:Description rdf:about="#metaid_0000011">
	<bqbiol:is>
	<rdf:Bag>
	<rdf:li rdf:resource="http://identifiers.org/chebi/CHEBI:29108"/>
	<rdf:li rdf:resource="http://identifiers.org/kegg.compound/C00076"/>
	</rdf:Bag>
	</bqbiol:is>
	</rdf:Description>
	
          </rdf:RDF>
        </annotation>
            </species>
    </listOfSpecies>
    <listOfParameters>
      <parameter id="beta" metaid="metaid_0000015" sboTerm="SBO:0000498" value="0.5"/>
    </listOfParameters>
    <listOfReactions>
      <reaction id="vin" metaid="metaid_0000016" reversible="false" sboTerm="SBO:0000185">
        <annotation>
          <rdf:RDF xmlns:rdf="http://www.w3.org/1999/02/22-rdf-syntax-ns#" xmlns:bqmodel="http://biomodels.net/model-qualifiers/" xmlns:bqbiol="http://biomodels.net/biology-qualifiers/">
            <rdf:Description rdf:about="#metaid_0000016">
	<bqbiol:isVersionOf>
	<rdf:Bag>
	<rdf:li rdf:resource="http://identifiers.org/obo.go/GO:0006816"/>
	<rdf:li rdf:resource="http://identifiers.org/obo.go/GO:0007204"/>
	</rdf:Bag>
	</bqbiol:isVersionOf>
	</rdf:Description>
	
          </rdf:RDF>
        </annotation>
              <listOfReactants>
          <speciesReference metaid="b3d31ee0_175e_4021_b036_d233322ecb1d" species="EC"/>
        </listOfReactants>
        <listOfProducts>
          <speciesReference metaid="a2cd746b_9874_48fa_a0e8_fbff30051500" species="Z"/>
        </listOfProducts>
        <kineticLaw metaid="_1d3a69b1_ac65_4b1b_a184_d76f69d5a5a4">
          <math xmlns="http://www.w3.org/1998/Math/MathML">          
            <apply>
              <times/>
              <ci> cytosol </ci>
              <apply>
                <plus/>
                <ci> v0 </ci>
                <apply>
                  <times/>
                  <ci> v1 </ci>
                  <ci> beta </ci>
                </apply>
              </apply>
            </apply>
          </math>
                  <listOfParameters>
            <parameter id="v0" metaid="_968575" sboTerm="SBO:0000485" value="2"/>
            <parameter id="v1" metaid="_968576" sboTerm="SBO:0000162" value="1"/>
          </listOfParameters>
        </kineticLaw>
      </reaction>
      <reaction id="v2" metaid="metaid_0000017" reversible="false" sboTerm="SBO:0000185">
        <annotation>
          <rdf:RDF xmlns:rdf="http://www.w3.org/1999/02/22-rdf-syntax-ns#" xmlns:bqmodel="http://biomodels.net/model-qualifiers/" xmlns:bqbiol="http://biomodels.net/biology-qualifiers/">
            <rdf:Description rdf:about="#metaid_0000017">
	<bqbiol:isVersionOf>
	<rdf:Bag>
	<rdf:li rdf:resource="http://identifiers.org/obo.go/GO:0051481"/>
	</rdf:Bag>
	</bqbiol:isVersionOf>
	</rdf:Description>
	
          </rdf:RDF>
        </annotation>
              <listOfReactants>
          <speciesReference metaid="_70a3f13b_355b_436b_a5fa_c16d6c3385eb" species="Z"/>
        </listOfReactants>
        <listOfProducts>
          <speciesReference metaid="_143d4cd8_9097_4f6a_838b_04a377f6fb9e" species="Y"/>
        </listOfProducts>
        <kineticLaw metaid="_8241a201_cdac_4e91_ac48_c254cfe580c1">
          <math xmlns="http://www.w3.org/1998/Math/MathML">          
            <apply>
              <times/>
              <ci> intravesicular </ci>
              <apply>
                <divide/>
                <apply>
                  <times/>
                  <ci> Vm2 </ci>
                  <apply>
                    <power/>
                    <ci> Z </ci>
                    <cn type="integer"> 2 </cn>
                  </apply>
                </apply>
                <apply>
                  <plus/>
                  <apply>
                    <power/>
                    <ci> K2 </ci>
                    <cn type="integer"> 2 </cn>
                  </apply>
                  <apply>
                    <power/>
                    <ci> Z </ci>
                    <cn type="integer"> 2 </cn>
                  </apply>
                </apply>
              </apply>
            </apply>
          </math>
                  <listOfParameters>
            <parameter id="Vm2" metaid="_968577" sboTerm="SBO:0000186" value="6.5"/>
            <parameter id="K2" metaid="_968578" sboTerm="SBO:0000424" value="0.1"/>
          </listOfParameters>
        </kineticLaw>
      </reaction>
      <reaction id="v3" metaid="metaid_0000018" reversible="false" sboTerm="SBO:0000185">
        <annotation>
          <rdf:RDF xmlns:rdf="http://www.w3.org/1999/02/22-rdf-syntax-ns#" xmlns:bqmodel="http://biomodels.net/model-qualifiers/" xmlns:bqbiol="http://biomodels.net/biology-qualifiers/">
            <rdf:Description rdf:about="#metaid_0000018">
	<bqbiol:isVersionOf>
	<rdf:Bag>
	<rdf:li rdf:resource="http://identifiers.org/obo.go/GO:0006816"/>
	<rdf:li rdf:resource="http://identifiers.org/obo.go/GO:0051482"/>
	</rdf:Bag>
	</bqbiol:isVersionOf>
	</rdf:Description>
	
          </rdf:RDF>
        </annotation>
              <listOfReactants>
          <speciesReference metaid="bd598d9a_7fee_4183_8c5a_6a70ddcc21a2" species="Y"/>
        </listOfReactants>
        <listOfProducts>
          <speciesReference metaid="c484780e_569a_4fe2_a0d0_3932c2d10953" species="Z"/>
        </listOfProducts>
        <listOfModifiers>
          <modifierSpeciesReference metaid="d6e749c3_5027_4f8c_9225_df486fe3f323" species="A"/>
        </listOfModifiers>
        <kineticLaw metaid="_77cc0471_374e_4c3a_add3_02e7620369b3">
          <math xmlns="http://www.w3.org/1998/Math/MathML">          
            <apply>
              <divide/>
              <apply>
                <times/>
                <ci> cytosol </ci>
                <ci> Vm3 </ci>
                <apply>
                  <power/>
                  <ci> A </ci>
                  <cn type="integer"> 4 </cn>
                </apply>
                <apply>
                  <power/>
                  <ci> Y </ci>
                  <cn type="integer"> 2 </cn>
                </apply>
                <apply>
                  <power/>
                  <ci> Z </ci>
                  <cn type="integer"> 4 </cn>
                </apply>
              </apply>
              <apply>
                <times/>
                <apply>
                  <plus/>
                  <apply>
                    <power/>
                    <ci> Ka </ci>
                    <cn type="integer"> 4 </cn>
                  </apply>
                  <apply>
                    <power/>
                    <ci> A </ci>
                    <cn type="integer"> 4 </cn>
                  </apply>
                </apply>
                <apply>
                  <plus/>
                  <apply>
                    <power/>
                    <ci> Ky </ci>
                    <cn type="integer"> 2 </cn>
                  </apply>
                  <apply>
                    <power/>
                    <ci> Y </ci>
                    <cn type="integer"> 2 </cn>
                  </apply>
                </apply>
                <apply>
                  <plus/>
                  <apply>
                    <power/>
                    <ci> Kz </ci>
                    <cn type="integer"> 4 </cn>
                  </apply>
                  <apply>
                    <power/>
                    <ci> Z </ci>
                    <cn type="integer"> 4 </cn>
                  </apply>
                </apply>
              </apply>
            </apply>
          </math>
                  <listOfParameters>
            <parameter id="Vm3" metaid="_968579" sboTerm="SBO:0000186" value="19.5"/>
            <parameter id="Ka" metaid="_968580" sboTerm="SBO:0000194" value="0.2"/>
            <parameter id="Ky" metaid="_968581" sboTerm="SBO:0000424" value="0.2"/>
            <parameter id="Kz" metaid="_968582" sboTerm="SBO:0000423" value="0.3"/>
          </listOfParameters>
        </kineticLaw>
      </reaction>
      <reaction id="v4" metaid="metaid_0000019" reversible="false" sboTerm="SBO:0000185">
        <annotation>
          <rdf:RDF xmlns:rdf="http://www.w3.org/1999/02/22-rdf-syntax-ns#" xmlns:bqmodel="http://biomodels.net/model-qualifiers/" xmlns:bqbiol="http://biomodels.net/biology-qualifiers/">
            <rdf:Description rdf:about="#metaid_0000019">
	<bqbiol:isVersionOf>
	<rdf:Bag>
	<rdf:li rdf:resource="http://identifiers.org/obo.go/GO:0007204"/>
	</rdf:Bag>
	</bqbiol:isVersionOf>
	</rdf:Description>
	
          </rdf:RDF>
        </annotation>
              <listOfReactants>
          <speciesReference metaid="ac378bc4_ee6b_40de_a1c2_3cffa06157e2" species="Y"/>
        </listOfReactants>
        <listOfProducts>
          <speciesReference metaid="_67774250_bd6c_452b_892c_2f508e1896cd" species="Z"/>
        </listOfProducts>
        <kineticLaw metaid="a09e5166_8f6a_4f00_b7bf_9cc22400336f">
          <math xmlns="http://www.w3.org/1998/Math/MathML">          
            <apply>
              <times/>
              <ci> cytosol </ci>
              <ci> Kf </ci>
              <ci> Y </ci>
            </apply>
          </math>
                  <listOfParameters>
            <parameter id="Kf" metaid="_968583" sboTerm="SBO:0000035" value="1"/>
          </listOfParameters>
        </kineticLaw>
      </reaction>
      <reaction id="v5" metaid="metaid_0000020" reversible="false" sboTerm="SBO:0000185">
        <annotation>
          <rdf:RDF xmlns:rdf="http://www.w3.org/1999/02/22-rdf-syntax-ns#" xmlns:bqmodel="http://biomodels.net/model-qualifiers/" xmlns:bqbiol="http://biomodels.net/biology-qualifiers/">
            <rdf:Description rdf:about="#metaid_0000020">
	<bqbiol:isVersionOf>
	<rdf:Bag>
	<rdf:li rdf:resource="http://identifiers.org/obo.go/GO:0051481"/>
	</rdf:Bag>
	</bqbiol:isVersionOf>
	</rdf:Description>
	
          </rdf:RDF>
        </annotation>
              <listOfReactants>
          <speciesReference metaid="facbe4c3_d666_4b18_8b59_aeebeb54f9b7" species="Z"/>
        </listOfReactants>
        <listOfProducts>
          <speciesReference metaid="_849b7746_2e1a_4bfb_9440_2f790ed62491" species="EC"/>
        </listOfProducts>
        <kineticLaw metaid="_758b2036_5d9e_4a8d_9801_ed3420d38864">
          <math xmlns="http://www.w3.org/1998/Math/MathML">          
            <apply>
              <times/>
              <ci> extracellular </ci>
              <ci> K </ci>
              <ci> Z </ci>
            </apply>
          </math>
                  <listOfParameters>
            <parameter id="K" metaid="_968584" sboTerm="SBO:0000035" value="10"/>
          </listOfParameters>
        </kineticLaw>
      </reaction>
      <reaction id="v6" metaid="metaid_0000021" name="Agonist stimulated production of IP3" reversible="false" sboTerm="SBO:0000393">
        <annotation>
          <rdf:RDF xmlns:rdf="http://www.w3.org/1999/02/22-rdf-syntax-ns#" xmlns:bqmodel="http://biomodels.net/model-qualifiers/" xmlns:bqbiol="http://biomodels.net/biology-qualifiers/">
            <rdf:Description rdf:about="#metaid_0000021">
	<bqbiol:isVersionOf>
	<rdf:Bag>
	<rdf:li rdf:resource="http://identifiers.org/obo.go/GO:0006021"/>
	<rdf:li rdf:resource="http://identifiers.org/obo.go/GO:0007200"/>
	</rdf:Bag>
	</bqbiol:isVersionOf>
	</rdf:Description>
	
          </rdf:RDF>
        </annotation>
              <listOfProducts>
          <speciesReference metaid="d7e6d701_8ce4_4a2f_9c52_904a667cb09b" species="A"/>
        </listOfProducts>
        <kineticLaw metaid="e0b8b4f0_5461_4d83_8617_ad0ad292cbfc">
          <math xmlns="http://www.w3.org/1998/Math/MathML">          
            <apply>
              <times/>
              <ci> cytosol </ci>
              <ci> beta </ci>
              <ci> Vp </ci>
            </apply>
          </math>
                  <listOfParameters>
            <parameter id="Vp" metaid="_968586" sboTerm="SBO:0000048" value="2.5"/>
          </listOfParameters>
        </kineticLaw>
      </reaction>
      <reaction id="v7" metaid="metaid_0000022" name="Ca dependent IP3 degradation" reversible="false" sboTerm="SBO:0000179">
        <annotation>
          <rdf:RDF xmlns:rdf="http://www.w3.org/1999/02/22-rdf-syntax-ns#" xmlns:bqmodel="http://biomodels.net/model-qualifiers/" xmlns:bqbiol="http://biomodels.net/biology-qualifiers/">
            <rdf:Description rdf:about="#metaid_0000022">
	<bqbiol:isVersionOf>
	<rdf:Bag>
	<rdf:li rdf:resource="http://identifiers.org/obo.go/GO:0019310"/>
	</rdf:Bag>
	</bqbiol:isVersionOf>
	</rdf:Description>
	
          </rdf:RDF>
        </annotation>
              <listOfReactants>
          <speciesReference metaid="_080a9679_dd76_4ab0_a157_a3e7f16c643d" species="A"/>
        </listOfReactants>
        <listOfModifiers>
          <modifierSpeciesReference metaid="_47e61f66_7342_4d3d_bab4_96cca8e3b863" species="Z"/>
        </listOfModifiers>
        <kineticLaw metaid="_516231d2_5127_493c_bd9f_6aa30a8e4884">
          <math xmlns="http://www.w3.org/1998/Math/MathML">          
            <apply>
              <divide/>
              <apply>
                <times/>
                <ci> cytosol </ci>
                <ci> Vd </ci>
                <apply>
                  <power/>
                  <ci> A </ci>
                  <cn type="integer"> 2 </cn>
                </apply>
                <apply>
                  <power/>
                  <ci> Z </ci>
                  <ci> n </ci>
                </apply>
              </apply>
              <apply>
                <times/>
                <apply>
                  <plus/>
                  <apply>
                    <power/>
                    <ci> Kp </ci>
                    <cn type="integer"> 2 </cn>
                  </apply>
                  <apply>
                    <power/>
                    <ci> A </ci>
                    <cn type="integer"> 2 </cn>
                  </apply>
                </apply>
                <apply>
                  <plus/>
                  <apply>
                    <power/>
                    <ci> Kd </ci>
                    <ci> n </ci>
                  </apply>
                  <apply>
                    <power/>
                    <ci> Z </ci>
                    <ci> n </ci>
                  </apply>
                </apply>
              </apply>
            </apply>
          </math>
                  <listOfParameters>
            <parameter id="Vd" metaid="_968587" sboTerm="SBO:0000324" value="80"/>
            <parameter id="Kp" metaid="_968588" sboTerm="SBO:0000424" value="1"/>
            <parameter id="Kd" metaid="_968590" sboTerm="SBO:0000194" value="0.4"/>
            <parameter id="n" metaid="_968591" sboTerm="SBO:0000190" value="4"/>
          </listOfParameters>
        </kineticLaw>
      </reaction>
      <reaction id="v8" metaid="metaid_0000023" name="Ca independent IP3 degradation" reversible="false" sboTerm="SBO:0000179">
        <annotation>
          <rdf:RDF xmlns:rdf="http://www.w3.org/1999/02/22-rdf-syntax-ns#" xmlns:bqmodel="http://biomodels.net/model-qualifiers/" xmlns:bqbiol="http://biomodels.net/biology-qualifiers/">
            <rdf:Description rdf:about="#metaid_0000023">
	<bqbiol:isVersionOf>
	<rdf:Bag>
	<rdf:li rdf:resource="http://identifiers.org/obo.go/GO:0019310"/>
	</rdf:Bag>
	</bqbiol:isVersionOf>
	</rdf:Description>
	
          </rdf:RDF>
        </annotation>
              <listOfReactants>
          <speciesReference metaid="_06ee764c_b812_45d5_b937_53eda70f0f4d" species="A"/>
        </listOfReactants>
        <kineticLaw metaid="f1e5540d_9c5a_4cdf_b200_cb0cb61861c1">
          <math xmlns="http://www.w3.org/1998/Math/MathML">          
            <apply>
              <times/>
              <ci> cytosol </ci>
              <ci> epsilon </ci>
              <ci> A </ci>
            </apply>
          </math>
                  <listOfParameters>
            <parameter id="epsilon" metaid="_968592" sboTerm="SBO:0000498" value="0.1"/>
          </listOfParameters>
        </kineticLaw>
      </reaction>
    </listOfReactions>
  </model>
</sbml>