<?xml version='1.0' encoding='UTF-8' standalone='no'?>
<sbml xmlns="http://www.sbml.org/sbml/level2/version4" level="2" metaid="metaid_0000001" version="4" xmlns:html="http://www.w3.org/1999/xhtml" xmlns:jigcell="http://www.sbml.org/2001/ns/jigcell" xmlns:math="http://www.w3.org/1998/Math/MathML" xmlns:rdf="http://www.w3.org/1999/02/22-rdf-syntax-ns#" xmlns:sbml="http://www.sbml.org/sbml/level2/version4">
  <model metaid="metaid_0000002" name="Swat2004_Mammalian_G1_S_Transition">
    <notes>
      <body xmlns="http://www.w3.org/1999/xhtml">
        <p>This is the extended model described the article:      <br/>
                <strong>Bifurcation analysis of the regulatory modules of the mammalian G1/S transition.</strong>
                <br/>
          Swat M, Kel A, Herzel H.      <em>Bioinformatics</em>
          2004 Jul 10;20(10):1506-11. PMID:      <a href="http://www.ncbi.nlm.nih.gov/pubmed/15231543">15231543</a>
          , doi:      <a href="http://dx.doi.org/10.1093/bioinformatics/bth110">10.1093/bioinformatics/bth110</a>
                <br/>
                <strong>Abstract:</strong>
                <br/>
          MOTIVATION: Mathematical models of the cell cycle can contribute to an understanding of its basic mechanisms. Modern simulation tools make the analysis of key components and their interactions very effective. This paper focuses on the role of small modules and feedbacks in the gene-protein network governing the G1/S transition in mammalian cells. Mutations in this network may lead to uncontrolled cell proliferation. Bifurcation analysis helps to identify the key components of this extremely complex interaction network.      <br/>
          RESULTS: We identify various positive and negative feedback loops in the network controlling the G1/S transition. It is shown that the positive feedback regulation of E2F1 and a double activator-inhibitor module can lead to bistability. Extensions of the core module preserve the essential features such as bistability. The complete model exhibits a transcritical bifurcation in addition to bistability. We relate these bifurcations to the cell cycle checkpoint and the G1/S phase transition point. Thus, core modules can explain major features of the complex G1/S network and have a robust decision taking function.      </p>
            <p>This model originates from BioModels Database: A Database of Annotated Published Models. It is copyright (c) 2005-2010 The BioModels Team.      <br/>
          To the extent possible under law, all copyright and related or neighbouring rights to this encoded model have been dedicated to the public domain worldwide. Please refer to      <a href="http://creativecommons.org/publicdomain/zero/1.0/" title="Creative Commons CC0">CC0 Public Domain Dedication</a>
          for more information.      </p>
            <p>In summary, you are entitled to use this encoded model in absolutely any manner you deem suitable, verbatim, or with modification, alone or embedded it in a larger context, redistribute it, commercially or not, in a restricted way or not..      <br/>
                <br/>
          To cite BioModels Database, please use      <a href="http://www.pubmedcentral.nih.gov/articlerender.fcgi?tool=pubmed&amp;pubmedid=16381960" target="_blank">Le Novère N., Bornstein B., Broicher A., Courtot M., Donizelli M., Dharuri H., Li L., Sauro H., Schilstra M., Shapiro B., Snoep J.L., Hucka M. (2006) BioModels Database: A Free, Centralized Database of Curated, Published, Quantitative Kinetic Models of Biochemical and Cellular Systems Nucleic Acids Res., 34: D689-D691.</a>
                </p>
            </body>
      
    </notes>
    <annotation>
      <rdf:RDF xmlns:rdf="http://www.w3.org/1999/02/22-rdf-syntax-ns#" xmlns:bqmodel="http://biomodels.net/model-qualifiers/" xmlns:vCard="http://www.w3.org/2001/vcard-rdf/3.0#" xmlns:dc="http://purl.org/dc/elements/1.1/" xmlns:dcterms="http://purl.org/dc/terms/" xmlns:bqbiol="http://biomodels.net/biology-qualifiers/">
        <rdf:Description rdf:about="#metaid_0000002">
	<dc:creator>
	<rdf:Bag>
	<rdf:li rdf:parseType="Resource">
	<vCard:N rdf:parseType="Resource">
	<vCard:Family>Endler</vCard:Family>
	<vCard:Given>Lukas</vCard:Given>
	</vCard:N>
	<vCard:EMAIL>lukas@ebi.ac.uk</vCard:EMAIL>
	<vCard:ORG rdf:parseType="Resource">
	<vCard:Orgname>EMBL-EBI</vCard:Orgname>
	</vCard:ORG>
	</rdf:li>
	</rdf:Bag>
	</dc:creator>
	<dcterms:created rdf:parseType="Resource">
	<dcterms:W3CDTF>2009-08-17T14:15:15Z</dcterms:W3CDTF>
	</dcterms:created>
	<dcterms:modified rdf:parseType="Resource">
	<dcterms:W3CDTF>2012-08-09T16:28:08Z</dcterms:W3CDTF>
	</dcterms:modified>
	<bqmodel:is>
	<rdf:Bag>
	<rdf:li rdf:resource="http://identifiers.org/biomodels.db/MODEL3897709120"/>
	</rdf:Bag>
	</bqmodel:is>
	<bqmodel:is>
	<rdf:Bag>
	<rdf:li rdf:resource="http://identifiers.org/biomodels.db/BIOMD0000000228"/>
	</rdf:Bag>
	</bqmodel:is>
	<bqmodel:isDescribedBy>
	<rdf:Bag>
	<rdf:li rdf:resource="http://identifiers.org/pubmed/15231543"/>
	</rdf:Bag>
	</bqmodel:isDescribedBy>
	<bqbiol:isPartOf>
	<rdf:Bag>
	<rdf:li rdf:resource="http://identifiers.org/reactome/REACT_1783"/>
	</rdf:Bag>
	</bqbiol:isPartOf>
	<bqbiol:isVersionOf>
	<rdf:Bag>
	<rdf:li rdf:resource="http://identifiers.org/obo.go/GO:0000083"/>
	</rdf:Bag>
	</bqbiol:isVersionOf>
	<bqbiol:hasTaxon>
	<rdf:Bag>
	<rdf:li rdf:resource="http://identifiers.org/taxonomy/40674"/>
	</rdf:Bag>
	</bqbiol:hasTaxon>
	</rdf:Description>
	
      </rdf:RDF>
    </annotation>
      <listOfUnitDefinitions>
      <unitDefinition id="time" metaid="metaid_0000003" name="norm. time">
        <listOfUnits>
          <unit kind="dimensionless" metaid="_039925"/>
        </listOfUnits>
      </unitDefinition>
      <unitDefinition id="volume" metaid="metaid_0000004" name="norm. volume">
        <listOfUnits>
          <unit kind="dimensionless" metaid="_039937"/>
        </listOfUnits>
      </unitDefinition>
      <unitDefinition id="substance" metaid="metaid_0000077" name="norm substance">
        <listOfUnits>
          <unit kind="dimensionless" metaid="_039950"/>
        </listOfUnits>
      </unitDefinition>
    </listOfUnitDefinitions>
    <listOfCompartments>
      <compartment id="cell" metaid="metaid_0000045" name="cell" size="1"/>
    </listOfCompartments>
    <listOfSpecies>
      <species compartment="cell" id="pRB" initialConcentration="0.1" metaid="metaid_0000046" name="pRB">
        <notes>
          <p xmlns="http://www.w3.org/1999/xhtml">
        retinoblastoma  tumor suppressor protein</p>
          
        </notes>
        <annotation>
          <rdf:RDF xmlns:rdf="http://www.w3.org/1999/02/22-rdf-syntax-ns#" xmlns:bqmodel="http://biomodels.net/model-qualifiers/" xmlns:bqbiol="http://biomodels.net/biology-qualifiers/">
            <rdf:Description rdf:about="#metaid_0000046">
	<bqbiol:isHomologTo>
	<rdf:Bag>
	<rdf:li rdf:resource="http://identifiers.org/uniprot/P06400"/>
	</rdf:Bag>
	</bqbiol:isHomologTo>
	</rdf:Description>
	
          </rdf:RDF>
        </annotation>
            </species>
      <species compartment="cell" id="pRBp" initialConcentration="0.1" metaid="metaid_0000047" name="pRBp">
        <notes>
          <p xmlns="http://www.w3.org/1999/xhtml">
        monophosphorlyated pRB</p>
          
        </notes>
        <annotation>
          <rdf:RDF xmlns:rdf="http://www.w3.org/1999/02/22-rdf-syntax-ns#" xmlns:bqmodel="http://biomodels.net/model-qualifiers/" xmlns:bqbiol="http://biomodels.net/biology-qualifiers/">
            <rdf:Description rdf:about="#metaid_0000047">
	<bqbiol:isHomologTo>
	<rdf:Bag>
	<rdf:li rdf:resource="http://identifiers.org/uniprot/P06400"/>
	</rdf:Bag>
	</bqbiol:isHomologTo>
	</rdf:Description>
	
          </rdf:RDF>
        </annotation>
            </species>
      <species compartment="cell" id="E2F1" initialConcentration="0.1" metaid="metaid_0000048" name="E2F1">
        <notes>
          <p xmlns="http://www.w3.org/1999/xhtml">
        dimers of E2F1-6 and DP1,2</p>
          
        </notes>
        <annotation>
          <rdf:RDF xmlns:rdf="http://www.w3.org/1999/02/22-rdf-syntax-ns#" xmlns:bqmodel="http://biomodels.net/model-qualifiers/" xmlns:bqbiol="http://biomodels.net/biology-qualifiers/">
            <rdf:Description rdf:about="#metaid_0000048">
	<bqbiol:isHomologTo>
	<rdf:Bag>
	<rdf:li rdf:resource="http://identifiers.org/uniprot/Q01094"/>
	</rdf:Bag>
	</bqbiol:isHomologTo>
	</rdf:Description>
	
          </rdf:RDF>
        </annotation>
            </species>
      <species compartment="cell" id="CycDi" initialConcentration="0.1" metaid="metaid_0000049" name="CycD/cdk4,6(i)">
        <annotation>
          <rdf:RDF xmlns:rdf="http://www.w3.org/1999/02/22-rdf-syntax-ns#" xmlns:bqmodel="http://biomodels.net/model-qualifiers/" xmlns:bqbiol="http://biomodels.net/biology-qualifiers/">
            <rdf:Description rdf:about="#metaid_0000049">
	<bqbiol:hasPart>
	<rdf:Bag>
	<rdf:li rdf:resource="http://identifiers.org/uniprot/P30281"/>
	<rdf:li rdf:resource="http://identifiers.org/uniprot/P11802"/>
	<rdf:li rdf:resource="http://identifiers.org/uniprot/Q00534"/>
	</rdf:Bag>
	</bqbiol:hasPart>
	</rdf:Description>
	
          </rdf:RDF>
        </annotation>
            </species>
      <species compartment="cell" id="CycDa" initialConcentration="0.1" metaid="metaid_0000050" name="CycD/cdk4,6(a)">
        <annotation>
          <rdf:RDF xmlns:rdf="http://www.w3.org/1999/02/22-rdf-syntax-ns#" xmlns:bqmodel="http://biomodels.net/model-qualifiers/" xmlns:bqbiol="http://biomodels.net/biology-qualifiers/">
            <rdf:Description rdf:about="#metaid_0000050">
	<bqbiol:hasPart>
	<rdf:Bag>
	<rdf:li rdf:resource="http://identifiers.org/uniprot/Q00534"/>
	<rdf:li rdf:resource="http://identifiers.org/uniprot/P11802"/>
	<rdf:li rdf:resource="http://identifiers.org/uniprot/P30281"/>
	</rdf:Bag>
	</bqbiol:hasPart>
	</rdf:Description>
	
          </rdf:RDF>
        </annotation>
            </species>
      <species compartment="cell" id="AP1" initialConcentration="0.1" metaid="metaid_0000051" name="AP1">
        <notes>
          <p xmlns="http://www.w3.org/1999/xhtml">
        c-Jun/Fos dimers</p>
          
        </notes>
        <annotation>
          <rdf:RDF xmlns:rdf="http://www.w3.org/1999/02/22-rdf-syntax-ns#" xmlns:bqmodel="http://biomodels.net/model-qualifiers/" xmlns:bqbiol="http://biomodels.net/biology-qualifiers/">
            <rdf:Description rdf:about="#metaid_0000051">
	<bqbiol:isHomologTo>
	<rdf:Bag>
	<rdf:li rdf:resource="http://identifiers.org/uniprot/P01100"/>
	</rdf:Bag>
	</bqbiol:isHomologTo>
	</rdf:Description>
	
          </rdf:RDF>
        </annotation>
            </species>
      <species compartment="cell" id="pRBpp" initialConcentration="0.1" metaid="metaid_0000052" name="pRBpp">
        <notes>
          <p xmlns="http://www.w3.org/1999/xhtml">
        diphosphorylated form of pRB</p>
          
        </notes>
        <annotation>
          <rdf:RDF xmlns:rdf="http://www.w3.org/1999/02/22-rdf-syntax-ns#" xmlns:bqmodel="http://biomodels.net/model-qualifiers/" xmlns:bqbiol="http://biomodels.net/biology-qualifiers/">
            <rdf:Description rdf:about="#metaid_0000052">
	<bqbiol:isHomologTo>
	<rdf:Bag>
	<rdf:li rdf:resource="http://identifiers.org/uniprot/P06400"/>
	</rdf:Bag>
	</bqbiol:isHomologTo>
	</rdf:Description>
	
          </rdf:RDF>
        </annotation>
            </species>
      <species compartment="cell" id="CycEi" initialConcentration="0.1" metaid="metaid_0000053" name="CycE/cdk2(i)">
        <annotation>
          <rdf:RDF xmlns:rdf="http://www.w3.org/1999/02/22-rdf-syntax-ns#" xmlns:bqmodel="http://biomodels.net/model-qualifiers/" xmlns:bqbiol="http://biomodels.net/biology-qualifiers/">
            <rdf:Description rdf:about="#metaid_0000053">
	<bqbiol:hasPart>
	<rdf:Bag>
	<rdf:li rdf:resource="http://identifiers.org/uniprot/P24864"/>
	<rdf:li rdf:resource="http://identifiers.org/uniprot/O96020"/>
	<rdf:li rdf:resource="http://identifiers.org/uniprot/P24941"/>
	</rdf:Bag>
	</bqbiol:hasPart>
	</rdf:Description>
	
          </rdf:RDF>
        </annotation>
            </species>
      <species compartment="cell" id="CycEa" initialConcentration="0.1" metaid="metaid_0000054" name="CycEa/cdk2(a)">
        <annotation>
          <rdf:RDF xmlns:rdf="http://www.w3.org/1999/02/22-rdf-syntax-ns#" xmlns:bqmodel="http://biomodels.net/model-qualifiers/" xmlns:bqbiol="http://biomodels.net/biology-qualifiers/">
            <rdf:Description rdf:about="#metaid_0000054">
	<bqbiol:hasPart>
	<rdf:Bag>
	<rdf:li rdf:resource="http://identifiers.org/uniprot/P24864"/>
	<rdf:li rdf:resource="http://identifiers.org/uniprot/O96020"/>
	<rdf:li rdf:resource="http://identifiers.org/uniprot/P24941"/>
	</rdf:Bag>
	</bqbiol:hasPart>
	</rdf:Description>
	
          </rdf:RDF>
        </annotation>
            </species>
    </listOfSpecies>
    <listOfParameters>
      <parameter id="k1" metaid="metaid_0000005" name="k1" value="1"/>
      <parameter id="Km1" metaid="metaid_0000006" name="Km1" value="0.5"/>
      <parameter id="J11" metaid="metaid_0000007" name="J11" value="0.5"/>
      <parameter id="J61" metaid="metaid_0000008" name="J61" value="5"/>
      <parameter id="k16" metaid="metaid_0000009" name="k16" value="0.4"/>
      <parameter id="k61" metaid="metaid_0000010" name="k61" value="0.3"/>
      <parameter id="phi_pRB" metaid="metaid_0000011" name="phi_pRB" value="0.005"/>
      <parameter id="kp" metaid="metaid_0000012" name="kp" value="0.05"/>
      <parameter id="k2" metaid="metaid_0000013" name="k2" value="1.6"/>
      <parameter id="a" metaid="metaid_0000014" name="a" value="0.04"/>
      <parameter id="Km2" metaid="metaid_0000015" name="Km2" value="4"/>
      <parameter id="J12" metaid="metaid_0000016" name="J12" value="5"/>
      <parameter id="J62" metaid="metaid_0000017" name="J62" value="8"/>
      <parameter id="phi_E2F1" metaid="metaid_0000018" name="phi_E2F1" value="0.1"/>
      <parameter id="k3" metaid="metaid_0000019" name="k3" value="0.05"/>
      <parameter id="k23" metaid="metaid_0000020" name="k23" value="0.3"/>
      <parameter id="J13" metaid="metaid_0000021" name="J13" value="0.002"/>
      <parameter id="J63" metaid="metaid_0000022" name="J63" value="2"/>
      <parameter id="k34" metaid="metaid_0000023" name="k34" value="0.04"/>
      <parameter id="Km4" metaid="metaid_0000024" name="Km4" value="0.3"/>
      <parameter id="phi_CycDi" metaid="metaid_0000025" name="phi_CycDi" value="0.023"/>
      <parameter id="k43" metaid="metaid_0000026" name="k43" value="0.01"/>
      <parameter id="phi_CycDa" metaid="metaid_0000027" name="phi_CycDa" value="0.03"/>
      <parameter id="Fm" metaid="metaid_0000028" name="Fm" value="0.005">
        <notes>
          <p xmlns="http://www.w3.org/1999/xhtml">
        mitogenic stimulation</p>
          
        </notes>
      </parameter>
      <parameter id="k25" metaid="metaid_0000029" name="k25" value="0.9"/>
      <parameter id="J15" metaid="metaid_0000030" name="J15" value="0.001"/>
      <parameter id="J65" metaid="metaid_0000031" name="J65" value="6"/>
      <parameter id="phi_AP1" metaid="metaid_0000032" name="phi_AP1" value="0.01"/>
      <parameter id="k67" metaid="metaid_0000033" name="k67" value="0.7"/>
      <parameter id="k76" metaid="metaid_0000034" name="k76" value="0.1"/>
      <parameter id="phi_pRBpp" metaid="metaid_0000035" name="phi_pRBpp" value="0.04"/>
      <parameter id="phi_pRBp" metaid="metaid_0000036" name="phi_pRBp" value="0.06"/>
      <parameter id="k28" metaid="metaid_0000037" name="k28" value="0.06"/>
      <parameter id="J18" metaid="metaid_0000038" name="J18" value="0.6"/>
      <parameter id="J68" metaid="metaid_0000039" name="J68" value="7"/>
      <parameter id="k89" metaid="metaid_0000040" name="k89" value="0.07"/>
      <parameter id="Km9" metaid="metaid_0000041" name="Km9" value="0.005"/>
      <parameter id="k98" metaid="metaid_0000042" name="k98" value="0.01"/>
      <parameter id="phi_CycEi" metaid="metaid_0000043" name="phi_CycEi" value="0.06"/>
      <parameter id="phi_CycEa" metaid="metaid_0000044" name="phi_CycEa" value="0.05"/>
    </listOfParameters>
    <listOfReactions>
      <reaction id="pRB_synthesis" metaid="metaid_0000055" name="pRB synthesis" reversible="false">
        <annotation>
<jigcell:ratelaw jigcell:name="Local"/>
                                                                      <rdf:RDF xmlns:rdf="http://www.w3.org/1999/02/22-rdf-syntax-ns#" xmlns:bqmodel="http://biomodels.net/model-qualifiers/" xmlns:bqbiol="http://biomodels.net/biology-qualifiers/">
            <rdf:Description rdf:about="#metaid_0000055">
	<bqbiol:isVersionOf>
	<rdf:Bag>
	<rdf:li rdf:resource="http://identifiers.org/obo.go/GO:0006412"/>
	</rdf:Bag>
	</bqbiol:isVersionOf>
	</rdf:Description>
	
          </rdf:RDF>
        </annotation>
              <listOfProducts>
          <speciesReference metaid="_039962" species="pRB"/>
        </listOfProducts>
        <listOfModifiers>
          <modifierSpeciesReference metaid="_039974" species="pRB"/>
          <modifierSpeciesReference metaid="_039986" species="pRBp"/>
          <modifierSpeciesReference metaid="_039998" species="E2F1"/>
        </listOfModifiers>
        <kineticLaw metaid="_040010">
          <math xmlns="http://www.w3.org/1998/Math/MathML">          
            <apply>
              <times/>
              <ci> cell </ci>
              <ci> k1 </ci>
              <apply>
                <divide/>
                <ci> E2F1 </ci>
                <apply>
                  <plus/>
                  <ci> Km1 </ci>
                  <ci> E2F1 </ci>
                </apply>
              </apply>
              <apply>
                <divide/>
                <ci> J11 </ci>
                <apply>
                  <plus/>
                  <ci> J11 </ci>
                  <ci> pRB </ci>
                </apply>
              </apply>
              <apply>
                <divide/>
                <ci> J61 </ci>
                <apply>
                  <plus/>
                  <ci> J61 </ci>
                  <ci> pRBp </ci>
                </apply>
              </apply>
            </apply>
          </math>
                </kineticLaw>
      </reaction>
      <reaction id="pRB_phosphorylation" metaid="metaid_0000056" name="pRB phosphorylation" reversible="false">
        <annotation>
<jigcell:ratelaw jigcell:name="Local"/>
                                                                      <rdf:RDF xmlns:rdf="http://www.w3.org/1999/02/22-rdf-syntax-ns#" xmlns:bqmodel="http://biomodels.net/model-qualifiers/" xmlns:bqbiol="http://biomodels.net/biology-qualifiers/">
            <rdf:Description rdf:about="#metaid_0000056">
	<bqbiol:isVersionOf>
	<rdf:Bag>
	<rdf:li rdf:resource="http://identifiers.org/obo.go/GO:0006468"/>
	</rdf:Bag>
	</bqbiol:isVersionOf>
	</rdf:Description>
	
          </rdf:RDF>
        </annotation>
              <listOfReactants>
          <speciesReference metaid="_040022" species="pRB"/>
        </listOfReactants>
        <listOfProducts>
          <speciesReference metaid="_040034" species="pRBp"/>
        </listOfProducts>
        <listOfModifiers>
          <modifierSpeciesReference metaid="_040046" species="pRB"/>
          <modifierSpeciesReference metaid="_040058" species="CycDa"/>
        </listOfModifiers>
        <kineticLaw metaid="_040070">
          <math xmlns="http://www.w3.org/1998/Math/MathML">          
            <apply>
              <times/>
              <ci> cell </ci>
              <ci> k16 </ci>
              <ci> pRB </ci>
              <ci> CycDa </ci>
            </apply>
          </math>
                </kineticLaw>
      </reaction>
      <reaction id="pRBp_dephosphorylation" metaid="metaid_0000057" name="pRBp dephosphorylation" reversible="false">
        <annotation>
<jigcell:ratelaw jigcell:name="Local"/>
                                                                      <rdf:RDF xmlns:rdf="http://www.w3.org/1999/02/22-rdf-syntax-ns#" xmlns:bqmodel="http://biomodels.net/model-qualifiers/" xmlns:bqbiol="http://biomodels.net/biology-qualifiers/">
            <rdf:Description rdf:about="#metaid_0000057">
	<bqbiol:isVersionOf>
	<rdf:Bag>
	<rdf:li rdf:resource="http://identifiers.org/obo.go/GO:0006470"/>
	</rdf:Bag>
	</bqbiol:isVersionOf>
	</rdf:Description>
	
          </rdf:RDF>
        </annotation>
              <listOfReactants>
          <speciesReference metaid="_040082" species="pRBp"/>
        </listOfReactants>
        <listOfProducts>
          <speciesReference metaid="_040094" species="pRB"/>
        </listOfProducts>
        <kineticLaw metaid="_040106">
          <math xmlns="http://www.w3.org/1998/Math/MathML">          
            <apply>
              <times/>
              <ci> cell </ci>
              <ci> k61 </ci>
              <ci> pRBp </ci>
            </apply>
          </math>
                </kineticLaw>
      </reaction>
      <reaction id="pRB_degradation" metaid="metaid_0000058" name="pRB degradation" reversible="false">
        <annotation>
<jigcell:ratelaw jigcell:name="Local"/>
                                                                      <rdf:RDF xmlns:rdf="http://www.w3.org/1999/02/22-rdf-syntax-ns#" xmlns:bqmodel="http://biomodels.net/model-qualifiers/" xmlns:bqbiol="http://biomodels.net/biology-qualifiers/">
            <rdf:Description rdf:about="#metaid_0000058">
	<bqbiol:isVersionOf>
	<rdf:Bag>
	<rdf:li rdf:resource="http://identifiers.org/obo.go/GO:0030163"/>
	</rdf:Bag>
	</bqbiol:isVersionOf>
	</rdf:Description>
	
          </rdf:RDF>
        </annotation>
              <listOfReactants>
          <speciesReference metaid="_040118" species="pRB"/>
        </listOfReactants>
        <kineticLaw metaid="_040130">
          <math xmlns="http://www.w3.org/1998/Math/MathML">          
            <apply>
              <times/>
              <ci> cell </ci>
              <ci> phi_pRB </ci>
              <ci> pRB </ci>
            </apply>
          </math>
                </kineticLaw>
      </reaction>
      <reaction id="E2F1_synthesis" metaid="metaid_0000059" name="E2F1 synthesis" reversible="false">
        <annotation>
<jigcell:ratelaw jigcell:name="Local"/>
                                                                      <rdf:RDF xmlns:rdf="http://www.w3.org/1999/02/22-rdf-syntax-ns#" xmlns:bqmodel="http://biomodels.net/model-qualifiers/" xmlns:bqbiol="http://biomodels.net/biology-qualifiers/">
            <rdf:Description rdf:about="#metaid_0000059">
	<bqbiol:isVersionOf>
	<rdf:Bag>
	<rdf:li rdf:resource="http://identifiers.org/obo.go/GO:0006412"/>
	</rdf:Bag>
	</bqbiol:isVersionOf>
	</rdf:Description>
	
          </rdf:RDF>
        </annotation>
              <listOfProducts>
          <speciesReference metaid="_040142" species="E2F1"/>
        </listOfProducts>
        <listOfModifiers>
          <modifierSpeciesReference metaid="_040154" species="E2F1"/>
          <modifierSpeciesReference metaid="_040166" species="pRB"/>
          <modifierSpeciesReference metaid="_040178" species="pRBp"/>
        </listOfModifiers>
        <kineticLaw metaid="_040190">
          <math xmlns="http://www.w3.org/1998/Math/MathML">          
            <apply>
              <times/>
              <ci> cell </ci>
              <apply>
                <plus/>
                <ci> kp </ci>
                <apply>
                  <times/>
                  <apply>
                    <divide/>
                    <apply>
                      <times/>
                      <ci> k2 </ci>
                      <apply>
                        <plus/>
                        <apply>
                          <power/>
                          <ci> a </ci>
                          <cn> 2 </cn>
                        </apply>
                        <apply>
                          <power/>
                          <ci> E2F1 </ci>
                          <cn> 2 </cn>
                        </apply>
                      </apply>
                    </apply>
                    <apply>
                      <plus/>
                      <apply>
                        <power/>
                        <ci> Km2 </ci>
                        <cn> 2 </cn>
                      </apply>
                      <apply>
                        <power/>
                        <ci> E2F1 </ci>
                        <cn> 2 </cn>
                      </apply>
                    </apply>
                  </apply>
                  <apply>
                    <divide/>
                    <ci> J12 </ci>
                    <apply>
                      <plus/>
                      <ci> J12 </ci>
                      <ci> pRB </ci>
                    </apply>
                  </apply>
                  <apply>
                    <divide/>
                    <ci> J62 </ci>
                    <apply>
                      <plus/>
                      <ci> J62 </ci>
                      <ci> pRBp </ci>
                    </apply>
                  </apply>
                </apply>
              </apply>
            </apply>
          </math>
                </kineticLaw>
      </reaction>
      <reaction id="E2F1_degradation" metaid="metaid_0000060" name="E2F1 degradation" reversible="false">
        <annotation>
<jigcell:ratelaw jigcell:name="Local"/>
                                                                      <rdf:RDF xmlns:rdf="http://www.w3.org/1999/02/22-rdf-syntax-ns#" xmlns:bqmodel="http://biomodels.net/model-qualifiers/" xmlns:bqbiol="http://biomodels.net/biology-qualifiers/">
            <rdf:Description rdf:about="#metaid_0000060">
	<bqbiol:isVersionOf>
	<rdf:Bag>
	<rdf:li rdf:resource="http://identifiers.org/obo.go/GO:0030163"/>
	</rdf:Bag>
	</bqbiol:isVersionOf>
	</rdf:Description>
	
          </rdf:RDF>
        </annotation>
              <listOfReactants>
          <speciesReference metaid="_040202" species="E2F1"/>
        </listOfReactants>
        <kineticLaw metaid="_040214">
          <math xmlns="http://www.w3.org/1998/Math/MathML">          
            <apply>
              <times/>
              <ci> cell </ci>
              <ci> phi_E2F1 </ci>
              <ci> E2F1 </ci>
            </apply>
          </math>
                </kineticLaw>
      </reaction>
      <reaction id="CycD_synthesis" metaid="metaid_0000061" name="CycD synthesis" reversible="false">
        <annotation>
<jigcell:ratelaw jigcell:name="Local"/>
                                                                      <rdf:RDF xmlns:rdf="http://www.w3.org/1999/02/22-rdf-syntax-ns#" xmlns:bqmodel="http://biomodels.net/model-qualifiers/" xmlns:bqbiol="http://biomodels.net/biology-qualifiers/">
            <rdf:Description rdf:about="#metaid_0000061">
	<bqbiol:isVersionOf>
	<rdf:Bag>
	<rdf:li rdf:resource="http://identifiers.org/obo.go/GO:0006412"/>
	</rdf:Bag>
	</bqbiol:isVersionOf>
	</rdf:Description>
	
          </rdf:RDF>
        </annotation>
              <listOfProducts>
          <speciesReference metaid="_040226" species="CycDi"/>
        </listOfProducts>
        <listOfModifiers>
          <modifierSpeciesReference metaid="_040238" species="E2F1"/>
          <modifierSpeciesReference metaid="_040250" species="pRB"/>
          <modifierSpeciesReference metaid="_040262" species="pRBp"/>
          <modifierSpeciesReference metaid="_040274" species="AP1"/>
        </listOfModifiers>
        <kineticLaw metaid="_040286">
          <math xmlns="http://www.w3.org/1998/Math/MathML">          
            <apply>
              <times/>
              <ci> cell </ci>
              <apply>
                <plus/>
                <apply>
                  <times/>
                  <ci> k3 </ci>
                  <ci> AP1 </ci>
                </apply>
                <apply>
                  <times/>
                  <ci> k23 </ci>
                  <ci> E2F1 </ci>
                  <apply>
                    <divide/>
                    <ci> J13 </ci>
                    <apply>
                      <plus/>
                      <ci> J13 </ci>
                      <ci> pRB </ci>
                    </apply>
                  </apply>
                  <apply>
                    <divide/>
                    <ci> J63 </ci>
                    <apply>
                      <plus/>
                      <ci> J63 </ci>
                      <ci> pRBp </ci>
                    </apply>
                  </apply>
                </apply>
              </apply>
            </apply>
          </math>
                </kineticLaw>
      </reaction>
      <reaction id="CycD_inibition" metaid="metaid_0000062" name="CycD inibition" reversible="false">
        <annotation>
<jigcell:ratelaw jigcell:name="Local"/>
                                                                      <rdf:RDF xmlns:rdf="http://www.w3.org/1999/02/22-rdf-syntax-ns#" xmlns:bqmodel="http://biomodels.net/model-qualifiers/" xmlns:bqbiol="http://biomodels.net/biology-qualifiers/">
            <rdf:Description rdf:about="#metaid_0000062">
	<bqbiol:isVersionOf>
	<rdf:Bag>
	<rdf:li rdf:resource="http://identifiers.org/obo.go/GO:0031658"/>
	</rdf:Bag>
	</bqbiol:isVersionOf>
	</rdf:Description>
	
          </rdf:RDF>
        </annotation>
              <listOfReactants>
          <speciesReference metaid="_040298" species="CycDa"/>
        </listOfReactants>
        <listOfProducts>
          <speciesReference metaid="_040310" species="CycDi"/>
        </listOfProducts>
        <kineticLaw metaid="_040322">
          <math xmlns="http://www.w3.org/1998/Math/MathML">          
            <apply>
              <times/>
              <ci> cell </ci>
              <ci> k43 </ci>
              <ci> CycDa </ci>
            </apply>
          </math>
                </kineticLaw>
      </reaction>
      <reaction id="CycD_activation" metaid="metaid_0000063" name="CycD activation" reversible="false">
        <annotation>
<jigcell:ratelaw jigcell:name="Local"/>
                                                                      <rdf:RDF xmlns:rdf="http://www.w3.org/1999/02/22-rdf-syntax-ns#" xmlns:bqmodel="http://biomodels.net/model-qualifiers/" xmlns:bqbiol="http://biomodels.net/biology-qualifiers/">
            <rdf:Description rdf:about="#metaid_0000063">
	<bqbiol:isVersionOf>
	<rdf:Bag>
	<rdf:li rdf:resource="http://identifiers.org/obo.go/GO:0031659"/>
	</rdf:Bag>
	</bqbiol:isVersionOf>
	</rdf:Description>
	
          </rdf:RDF>
        </annotation>
              <listOfReactants>
          <speciesReference metaid="_040334" species="CycDi"/>
        </listOfReactants>
        <listOfProducts>
          <speciesReference metaid="_040346" species="CycDa"/>
        </listOfProducts>
        <listOfModifiers>
          <modifierSpeciesReference metaid="_040358" species="CycDi"/>
          <modifierSpeciesReference metaid="_040370" species="CycDa"/>
        </listOfModifiers>
        <kineticLaw metaid="_040382">
          <math xmlns="http://www.w3.org/1998/Math/MathML">          
            <apply>
              <times/>
              <ci> cell </ci>
              <ci> k34 </ci>
              <ci> CycDi </ci>
              <apply>
                <divide/>
                <ci> CycDa </ci>
                <apply>
                  <plus/>
                  <ci> Km4 </ci>
                  <ci> CycDa </ci>
                </apply>
              </apply>
            </apply>
          </math>
                </kineticLaw>
      </reaction>
      <reaction id="CycD_degradation" metaid="metaid_0000064" name="CycD degradation" reversible="false">
        <annotation>
<jigcell:ratelaw jigcell:name="Local"/>
                                                                      <rdf:RDF xmlns:rdf="http://www.w3.org/1999/02/22-rdf-syntax-ns#" xmlns:bqmodel="http://biomodels.net/model-qualifiers/" xmlns:bqbiol="http://biomodels.net/biology-qualifiers/">
            <rdf:Description rdf:about="#metaid_0000064">
	<bqbiol:isVersionOf>
	<rdf:Bag>
	<rdf:li rdf:resource="http://identifiers.org/obo.go/GO:0030163"/>
	</rdf:Bag>
	</bqbiol:isVersionOf>
	</rdf:Description>
	
          </rdf:RDF>
        </annotation>
              <listOfReactants>
          <speciesReference metaid="_040394" species="CycDi"/>
        </listOfReactants>
        <kineticLaw metaid="_040406">
          <math xmlns="http://www.w3.org/1998/Math/MathML">          
            <apply>
              <times/>
              <ci> cell </ci>
              <ci> phi_CycDi </ci>
              <ci> CycDi </ci>
            </apply>
          </math>
                </kineticLaw>
      </reaction>
      <reaction id="CycD_degradation2" metaid="metaid_0000065" name="CycD degradation2" reversible="false">
        <annotation>
<jigcell:ratelaw jigcell:name="Local"/>
                                                                      <rdf:RDF xmlns:rdf="http://www.w3.org/1999/02/22-rdf-syntax-ns#" xmlns:bqmodel="http://biomodels.net/model-qualifiers/" xmlns:bqbiol="http://biomodels.net/biology-qualifiers/">
            <rdf:Description rdf:about="#metaid_0000065">
	<bqbiol:isVersionOf>
	<rdf:Bag>
	<rdf:li rdf:resource="http://identifiers.org/obo.go/GO:0030163"/>
	</rdf:Bag>
	</bqbiol:isVersionOf>
	</rdf:Description>
	
          </rdf:RDF>
        </annotation>
              <listOfReactants>
          <speciesReference metaid="_040418" species="CycDa"/>
        </listOfReactants>
        <kineticLaw metaid="_040430">
          <math xmlns="http://www.w3.org/1998/Math/MathML">          
            <apply>
              <times/>
              <ci> cell </ci>
              <ci> phi_CycDa </ci>
              <ci> CycDa </ci>
            </apply>
          </math>
                </kineticLaw>
      </reaction>
      <reaction id="AP1_synthesis" metaid="metaid_0000066" name="AP1 synthesis" reversible="false">
        <annotation>
<jigcell:ratelaw jigcell:name="Local"/>
                                                                      <rdf:RDF xmlns:rdf="http://www.w3.org/1999/02/22-rdf-syntax-ns#" xmlns:bqmodel="http://biomodels.net/model-qualifiers/" xmlns:bqbiol="http://biomodels.net/biology-qualifiers/">
            <rdf:Description rdf:about="#metaid_0000066">
	<bqbiol:isVersionOf>
	<rdf:Bag>
	<rdf:li rdf:resource="http://identifiers.org/obo.go/GO:0006412"/>
	</rdf:Bag>
	</bqbiol:isVersionOf>
	</rdf:Description>
	
          </rdf:RDF>
        </annotation>
              <listOfProducts>
          <speciesReference metaid="_040442" species="AP1"/>
        </listOfProducts>
        <listOfModifiers>
          <modifierSpeciesReference metaid="_040454" species="E2F1"/>
          <modifierSpeciesReference metaid="_040466" species="pRB"/>
          <modifierSpeciesReference metaid="_040478" species="pRBp"/>
        </listOfModifiers>
        <kineticLaw metaid="_040490">
          <math xmlns="http://www.w3.org/1998/Math/MathML">          
            <apply>
              <times/>
              <ci> cell </ci>
              <apply>
                <plus/>
                <ci> Fm </ci>
                <apply>
                  <times/>
                  <ci> k25 </ci>
                  <ci> E2F1 </ci>
                  <apply>
                    <divide/>
                    <ci> J15 </ci>
                    <apply>
                      <plus/>
                      <ci> J15 </ci>
                      <ci> pRB </ci>
                    </apply>
                  </apply>
                  <apply>
                    <divide/>
                    <ci> J65 </ci>
                    <apply>
                      <plus/>
                      <ci> J65 </ci>
                      <ci> pRBp </ci>
                    </apply>
                  </apply>
                </apply>
              </apply>
            </apply>
          </math>
                </kineticLaw>
      </reaction>
      <reaction id="Ap1_degradation" metaid="metaid_0000067" name="Ap1 degradation" reversible="false">
        <annotation>
<jigcell:ratelaw jigcell:name="Local"/>
                                                                      <rdf:RDF xmlns:rdf="http://www.w3.org/1999/02/22-rdf-syntax-ns#" xmlns:bqmodel="http://biomodels.net/model-qualifiers/" xmlns:bqbiol="http://biomodels.net/biology-qualifiers/">
            <rdf:Description rdf:about="#metaid_0000067">
	<bqbiol:isVersionOf>
	<rdf:Bag>
	<rdf:li rdf:resource="http://identifiers.org/obo.go/GO:0030163"/>
	</rdf:Bag>
	</bqbiol:isVersionOf>
	</rdf:Description>
	
          </rdf:RDF>
        </annotation>
              <listOfReactants>
          <speciesReference metaid="_040502" species="AP1"/>
        </listOfReactants>
        <kineticLaw metaid="_040514">
          <math xmlns="http://www.w3.org/1998/Math/MathML">          
            <apply>
              <times/>
              <ci> cell </ci>
              <ci> phi_AP1 </ci>
              <ci> AP1 </ci>
            </apply>
          </math>
                </kineticLaw>
      </reaction>
      <reaction id="pRBp_phosphorylation" metaid="metaid_0000068" name="pRBp phosphorylation" reversible="false">
        <annotation>
<jigcell:ratelaw jigcell:name="Local"/>
                                                                      <rdf:RDF xmlns:rdf="http://www.w3.org/1999/02/22-rdf-syntax-ns#" xmlns:bqmodel="http://biomodels.net/model-qualifiers/" xmlns:bqbiol="http://biomodels.net/biology-qualifiers/">
            <rdf:Description rdf:about="#metaid_0000068">
	<bqbiol:isVersionOf>
	<rdf:Bag>
	<rdf:li rdf:resource="http://identifiers.org/obo.go/GO:0006468"/>
	</rdf:Bag>
	</bqbiol:isVersionOf>
	</rdf:Description>
	
          </rdf:RDF>
        </annotation>
              <listOfReactants>
          <speciesReference metaid="_040526" species="pRBp"/>
        </listOfReactants>
        <listOfProducts>
          <speciesReference metaid="_040538" species="pRBpp"/>
        </listOfProducts>
        <listOfModifiers>
          <modifierSpeciesReference metaid="_040550" species="pRBp"/>
          <modifierSpeciesReference metaid="_040562" species="CycEa"/>
        </listOfModifiers>
        <kineticLaw metaid="_040574">
          <math xmlns="http://www.w3.org/1998/Math/MathML">          
            <apply>
              <times/>
              <ci> cell </ci>
              <ci> k67 </ci>
              <ci> pRBp </ci>
              <ci> CycEa </ci>
            </apply>
          </math>
                </kineticLaw>
      </reaction>
      <reaction id="pRBpp_dephosphorylation" metaid="metaid_0000069" name="pRBpp dephosphorylation" reversible="false">
        <annotation>
<jigcell:ratelaw jigcell:name="Local"/>
                                                                      <rdf:RDF xmlns:rdf="http://www.w3.org/1999/02/22-rdf-syntax-ns#" xmlns:bqmodel="http://biomodels.net/model-qualifiers/" xmlns:bqbiol="http://biomodels.net/biology-qualifiers/">
            <rdf:Description rdf:about="#metaid_0000069">
	<bqbiol:isVersionOf>
	<rdf:Bag>
	<rdf:li rdf:resource="http://identifiers.org/obo.go/GO:0006470"/>
	</rdf:Bag>
	</bqbiol:isVersionOf>
	</rdf:Description>
	
          </rdf:RDF>
        </annotation>
              <listOfReactants>
          <speciesReference metaid="_040586" species="pRBpp"/>
        </listOfReactants>
        <listOfProducts>
          <speciesReference metaid="_040598" species="pRBp"/>
        </listOfProducts>
        <kineticLaw metaid="_040610">
          <math xmlns="http://www.w3.org/1998/Math/MathML">          
            <apply>
              <times/>
              <ci> cell </ci>
              <ci> k76 </ci>
              <ci> pRBpp </ci>
            </apply>
          </math>
                </kineticLaw>
      </reaction>
      <reaction id="pRBpp_degradation" metaid="metaid_0000070" name="pRBpp degradation" reversible="false">
        <annotation>
<jigcell:ratelaw jigcell:name="Local"/>
                                                                      <rdf:RDF xmlns:rdf="http://www.w3.org/1999/02/22-rdf-syntax-ns#" xmlns:bqmodel="http://biomodels.net/model-qualifiers/" xmlns:bqbiol="http://biomodels.net/biology-qualifiers/">
            <rdf:Description rdf:about="#metaid_0000070">
	<bqbiol:isVersionOf>
	<rdf:Bag>
	<rdf:li rdf:resource="http://identifiers.org/obo.go/GO:0030163"/>
	</rdf:Bag>
	</bqbiol:isVersionOf>
	</rdf:Description>
	
          </rdf:RDF>
        </annotation>
              <listOfReactants>
          <speciesReference metaid="_040622" species="pRBpp"/>
        </listOfReactants>
        <kineticLaw metaid="_040634">
          <math xmlns="http://www.w3.org/1998/Math/MathML">          
            <apply>
              <times/>
              <ci> cell </ci>
              <ci> phi_pRBpp </ci>
              <ci> pRBpp </ci>
            </apply>
          </math>
                </kineticLaw>
      </reaction>
      <reaction id="pRBp_degradation" metaid="metaid_0000071" name="pRBp degradation" reversible="false">
        <annotation>
<jigcell:ratelaw jigcell:name="Local"/>
                                                                      <rdf:RDF xmlns:rdf="http://www.w3.org/1999/02/22-rdf-syntax-ns#" xmlns:bqmodel="http://biomodels.net/model-qualifiers/" xmlns:bqbiol="http://biomodels.net/biology-qualifiers/">
            <rdf:Description rdf:about="#metaid_0000071">
	<bqbiol:isVersionOf>
	<rdf:Bag>
	<rdf:li rdf:resource="http://identifiers.org/obo.go/GO:0030163"/>
	</rdf:Bag>
	</bqbiol:isVersionOf>
	</rdf:Description>
	
          </rdf:RDF>
        </annotation>
              <listOfReactants>
          <speciesReference metaid="_040646" species="pRBp"/>
        </listOfReactants>
        <kineticLaw metaid="_040658">
          <math xmlns="http://www.w3.org/1998/Math/MathML">          
            <apply>
              <times/>
              <ci> cell </ci>
              <ci> phi_pRBp </ci>
              <ci> pRBp </ci>
            </apply>
          </math>
                </kineticLaw>
      </reaction>
      <reaction id="CycE_synthesis" metaid="metaid_0000072" name="CycE synthesis" reversible="false">
        <annotation>
<jigcell:ratelaw jigcell:name="Local"/>
                                                                      <rdf:RDF xmlns:rdf="http://www.w3.org/1999/02/22-rdf-syntax-ns#" xmlns:bqmodel="http://biomodels.net/model-qualifiers/" xmlns:bqbiol="http://biomodels.net/biology-qualifiers/">
            <rdf:Description rdf:about="#metaid_0000072">
	<bqbiol:isVersionOf>
	<rdf:Bag>
	<rdf:li rdf:resource="http://identifiers.org/obo.go/GO:0006412"/>
	</rdf:Bag>
	</bqbiol:isVersionOf>
	</rdf:Description>
	
          </rdf:RDF>
        </annotation>
              <listOfProducts>
          <speciesReference metaid="_040670" species="CycEi"/>
        </listOfProducts>
        <listOfModifiers>
          <modifierSpeciesReference metaid="_040682" species="E2F1"/>
          <modifierSpeciesReference metaid="_040694" species="pRB"/>
          <modifierSpeciesReference metaid="_040706" species="pRBp"/>
        </listOfModifiers>
        <kineticLaw metaid="_040718">
          <math xmlns="http://www.w3.org/1998/Math/MathML">          
            <apply>
              <times/>
              <ci> cell </ci>
              <ci> k28 </ci>
              <ci> E2F1 </ci>
              <apply>
                <divide/>
                <ci> J18 </ci>
                <apply>
                  <plus/>
                  <ci> J18 </ci>
                  <ci> pRB </ci>
                </apply>
              </apply>
              <apply>
                <divide/>
                <ci> J68 </ci>
                <apply>
                  <plus/>
                  <ci> J68 </ci>
                  <ci> pRBp </ci>
                </apply>
              </apply>
            </apply>
          </math>
                </kineticLaw>
      </reaction>
      <reaction id="CycE_activation" metaid="metaid_0000073" name="CycE activation" reversible="false">
        <annotation>
<jigcell:ratelaw jigcell:name="Local"/>
                                                                      <rdf:RDF xmlns:rdf="http://www.w3.org/1999/02/22-rdf-syntax-ns#" xmlns:bqmodel="http://biomodels.net/model-qualifiers/" xmlns:bqbiol="http://biomodels.net/biology-qualifiers/">
            <rdf:Description rdf:about="#metaid_0000073">
	<bqbiol:isVersionOf>
	<rdf:Bag>
	<rdf:li rdf:resource="http://identifiers.org/obo.go/GO:0031659"/>
	</rdf:Bag>
	</bqbiol:isVersionOf>
	</rdf:Description>
	
          </rdf:RDF>
        </annotation>
              <listOfReactants>
          <speciesReference metaid="_040730" species="CycEi"/>
        </listOfReactants>
        <listOfProducts>
          <speciesReference metaid="_040742" species="CycEa"/>
        </listOfProducts>
        <listOfModifiers>
          <modifierSpeciesReference metaid="_040754" species="CycEi"/>
          <modifierSpeciesReference metaid="_040766" species="CycEa"/>
        </listOfModifiers>
        <kineticLaw metaid="_040778">
          <math xmlns="http://www.w3.org/1998/Math/MathML">          
            <apply>
              <divide/>
              <apply>
                <times/>
                <ci> cell </ci>
                <ci> k89 </ci>
                <ci> CycEi </ci>
                <ci> CycEa </ci>
              </apply>
              <apply>
                <plus/>
                <ci> Km9 </ci>
                <ci> CycEa </ci>
              </apply>
            </apply>
          </math>
                </kineticLaw>
      </reaction>
      <reaction id="CycE_inibition" metaid="metaid_0000074" name="CycE inibition" reversible="false">
        <annotation>
<jigcell:ratelaw jigcell:name="Local"/>
                                                                      <rdf:RDF xmlns:rdf="http://www.w3.org/1999/02/22-rdf-syntax-ns#" xmlns:bqmodel="http://biomodels.net/model-qualifiers/" xmlns:bqbiol="http://biomodels.net/biology-qualifiers/">
            <rdf:Description rdf:about="#metaid_0000074">
	<bqbiol:isVersionOf>
	<rdf:Bag>
	<rdf:li rdf:resource="http://identifiers.org/obo.go/GO:0031658"/>
	</rdf:Bag>
	</bqbiol:isVersionOf>
	</rdf:Description>
	
          </rdf:RDF>
        </annotation>
              <listOfReactants>
          <speciesReference metaid="_040790" species="CycEa"/>
        </listOfReactants>
        <listOfProducts>
          <speciesReference metaid="_040802" species="CycEi"/>
        </listOfProducts>
        <kineticLaw metaid="_040814">
          <math xmlns="http://www.w3.org/1998/Math/MathML">          
            <apply>
              <times/>
              <ci> cell </ci>
              <ci> k98 </ci>
              <ci> CycEa </ci>
            </apply>
          </math>
                </kineticLaw>
      </reaction>
      <reaction id="CycE_degradation" metaid="metaid_0000075" name="CycE degradation" reversible="false">
        <annotation>
<jigcell:ratelaw jigcell:name="Local"/>
                                                                      <rdf:RDF xmlns:rdf="http://www.w3.org/1999/02/22-rdf-syntax-ns#" xmlns:bqmodel="http://biomodels.net/model-qualifiers/" xmlns:bqbiol="http://biomodels.net/biology-qualifiers/">
            <rdf:Description rdf:about="#metaid_0000075">
	<bqbiol:isVersionOf>
	<rdf:Bag>
	<rdf:li rdf:resource="http://identifiers.org/obo.go/GO:0030163"/>
	</rdf:Bag>
	</bqbiol:isVersionOf>
	</rdf:Description>
	
          </rdf:RDF>
        </annotation>
              <listOfReactants>
          <speciesReference metaid="_040826" species="CycEi"/>
        </listOfReactants>
        <kineticLaw metaid="_040838">
          <math xmlns="http://www.w3.org/1998/Math/MathML">          
            <apply>
              <times/>
              <ci> cell </ci>
              <ci> phi_CycEi </ci>
              <ci> CycEi </ci>
            </apply>
          </math>
                </kineticLaw>
      </reaction>
      <reaction id="CycE_degradation2" metaid="metaid_0000076" name="CycE degradation2" reversible="false">
        <annotation>
<jigcell:ratelaw jigcell:name="Local"/>
                                                                      <rdf:RDF xmlns:rdf="http://www.w3.org/1999/02/22-rdf-syntax-ns#" xmlns:bqmodel="http://biomodels.net/model-qualifiers/" xmlns:bqbiol="http://biomodels.net/biology-qualifiers/">
            <rdf:Description rdf:about="#metaid_0000076">
	<bqbiol:isVersionOf>
	<rdf:Bag>
	<rdf:li rdf:resource="http://identifiers.org/obo.go/GO:0030163"/>
	</rdf:Bag>
	</bqbiol:isVersionOf>
	</rdf:Description>
	
          </rdf:RDF>
        </annotation>
              <listOfReactants>
          <speciesReference metaid="_040850" species="CycEa"/>
        </listOfReactants>
        <kineticLaw metaid="_040862">
          <math xmlns="http://www.w3.org/1998/Math/MathML">          
            <apply>
              <times/>
              <ci> cell </ci>
              <ci> phi_CycEa </ci>
              <ci> CycEa </ci>
            </apply>
          </math>
                </kineticLaw>
      </reaction>
    </listOfReactions>
  </model>
</sbml>