<?xml version='1.0' encoding='UTF-8' standalone='no'?>
<sbml xmlns="http://www.sbml.org/sbml/level2/version4" level="2" metaid="c80ec24d-4fbf-434f-a9e9-1023b437a257" version="4">
  <model id="Pritchart2014" metaid="COPASI0" name="Pritchard2014 - plant-microbe interaction">
    <notes>
      <body xmlns="http://www.w3.org/1999/xhtml">
        <div class="dc:title">Pritchard2014 - plant-microbe
interaction</div>
<div class="dc:description">
<a href="http://www.researchgate.net/publication/269416257_Phosphoproteomic_analyses_reveal_novel_cross-modulation_mechanisms_between_two_signaling_pathways_in_yeast?pli=1&amp;loginT=T119LdbJzzjSBy5zwNxGPgnwdZm8Pyvx&amp;uid=4c69385c-25a4-40cc-b7f8-455903c4d769&amp;cp=re289_ca_up_sl2_p12&amp;ch=reg" style="text-decoration: none;"/> 
<a href="http://www.researchgate.net/publication/269416257_Phosphoproteomic_analyses_reveal_novel_cross-modulation_mechanisms_between_two_signaling_pathways_in_yeast?pli=1&amp;loginT=T119LdbJzzjSBy5zwNxGPgnwdZm8Pyvx&amp;uid=4c69385c-25a4-40cc-b7f8-455903c4d769&amp;cp=re289_ca_up_sl2_p12&amp;ch=reg" style="text-decoration: none;">
<span style="color: rgb(68, 68, 68); font-size: 14px; text-decoration: none; font-family: Helvetica,Arial,sans-serif;">This
model is an abstraction of a generic interaction between microbes,
and a plant host. The reactions are generally intended to be
representative of processes, not specific molecular mechanisms
(except where indicated, eg. for activation of receptors). The
model is intended to be of a similar level of abstraction as the
Zig-Zag model proposed in Jones and Dangl (2006) [PMID:</span></a>
<a href="http://http://www.ncbi.nlm.nih.gov/pubmed/17108957">
  <span style="text-decoration: none;">17108957</span>
</a>
<a href="http://www.researchgate.net/publication/269416257_Phosphoproteomic_analyses_reveal_novel_cross-modulation_mechanisms_between_two_signaling_pathways_in_yeast?pli=1&amp;loginT=T119LdbJzzjSBy5zwNxGPgnwdZm8Pyvx&amp;uid=4c69385c-25a4-40cc-b7f8-455903c4d769&amp;cp=re289_ca_up_sl2_p12&amp;ch=reg" style="text-decoration: none;">],</a> 
<a href="http://www.researchgate.net/publication/269416257_Phosphoproteomic_analyses_reveal_novel_cross-modulation_mechanisms_between_two_signaling_pathways_in_yeast?pli=1&amp;loginT=T119LdbJzzjSBy5zwNxGPgnwdZm8Pyvx&amp;uid=4c69385c-25a4-40cc-b7f8-455903c4d769&amp;cp=re289_ca_up_sl2_p12&amp;ch=reg" style="text-decoration: none;">
  <span style="color: rgb(68, 68, 68); font-size: 14px; text-decoration: none; font-family: Helvetica,Arial,sans-serif;">but
  to represent a dynamic system. Jones and Dangl (2006) model is
  used here to illustrate the advantages of dynamic representations
  of systems over expository models such as the Zig-Zag
  model.</span>
</a></div>
<div class="dc:bibliographicCitation">
  <p>This model is described in the article:</p>
  <div class="bibo:title">
    <a href="http://identifiers.org/pubmed/25382065" title="Access to this publication">The zigzag model of
    plant-microbe interactions: is it time to move on?</a>
  </div>
  <div class="bibo:authorList">Pritchard L, Birch PR.</div>
  <div class="bibo:Journal">Mol. Plant Pathol. 2014 Dec; 15(9):
  865-870</div>
  <p>Abstract:</p>
</div>
<div class="bm:curation">
  <br/>
</div>
<div class="dc:publisher">
  <p>This model is hosted on 
  <a href="http://www.ebi.ac.uk/biomodels/">BioModels Database</a>
  and identified by: 
  <a href="http://identifiers.org/biomodels.db/BIOMD0000000563">BIOMD0000000563</a>.</p>
  <p>To cite BioModels Database, please use: 
  <a href="http://identifiers.org/pubmed/20587024" title="Latest BioModels Database publication">BioModels Database:
  An enhanced, curated and annotated resource for published
  quantitative kinetic models</a>.</p>
</div>
<div class="dc:license">
  <p>To the extent possible under law, all copyright and related or
  neighbouring rights to this encoded model have been dedicated to
  the public domain worldwide. Please refer to 
  <a href="http://creativecommons.org/publicdomain/zero/1.0/" title="Access to: CC0 1.0 Universal (CC0 1.0), Public Domain Dedication">CC0
  Public Domain Dedication</a> for more information.</p>
</div>
</body>
    </notes>
    <annotation>
      <COPASI xmlns="http://www.copasi.org/static/sbml">
        <rdf:RDF xmlns:dcterms="http://purl.org/dc/terms/" xmlns:rdf="http://www.w3.org/1999/02/22-rdf-syntax-ns#" xmlns:vCard="http://www.w3.org/2001/vcard-rdf/3.0#">
          <rdf:Description rdf:about="#COPASI0">
            <dcterms:created>
              <rdf:Description>
                <dcterms:W3CDTF>2014-07-21T14:07:59Z</dcterms:W3CDTF>
              </rdf:Description>
            </dcterms:created>
            <dcterms:creator>
              <rdf:Description>
                <vCard:EMAIL>leighton.pritchard@hutton.ac.uk</vCard:EMAIL>
                <vCard:N>
                  <rdf:Description>
                    <vCard:Family>Pritchard</vCard:Family>
                    <vCard:Given>Leighton</vCard:Given>
                  </rdf:Description>
                </vCard:N>
                <vCard:ORG>
                  <rdf:Description>
                    <vCard:Orgname>The James Hutton Institute</vCard:Orgname>
                  </rdf:Description>
                </vCard:ORG>
              </rdf:Description>
            </dcterms:creator>
            <dcterms:modified>
              <rdf:Description>
                <dcterms:W3CDTF>2014-08-28T18:06:17</dcterms:W3CDTF>
              </rdf:Description>
            </dcterms:modified>
          </rdf:Description>
        </rdf:RDF>
      </COPASI>
	<rdf:RDF xmlns:rdf="http://www.w3.org/1999/02/22-rdf-syntax-ns#" xmlns:dc="http://purl.org/dc/elements/1.1/" xmlns:vCard="http://www.w3.org/2001/vcard-rdf/3.0#" xmlns:dcterms="http://purl.org/dc/terms/" xmlns:bqmodel="http://biomodels.net/model-qualifiers/" xmlns:bqbiol="http://biomodels.net/biology-qualifiers/">
        <rdf:Description rdf:about="#COPASI0">
	<dc:creator>
	<rdf:Bag>
	<rdf:li rdf:parseType="Resource">
	<vCard:N rdf:parseType="Resource">
	<vCard:Family>Pritchard</vCard:Family>
	<vCard:Given>Leighton</vCard:Given>
	</vCard:N>
	<vCard:EMAIL>leighton.pritchard@hutton.ac.uk</vCard:EMAIL>
	<vCard:ORG rdf:parseType="Resource">
	<vCard:Orgname>The James Hutton Institute</vCard:Orgname>
	</vCard:ORG>
	</rdf:li>
	<rdf:li rdf:parseType="Resource">
	<vCard:N rdf:parseType="Resource">
	<vCard:Family>Chelliah</vCard:Family>
	<vCard:Given>Vijayalakshmi</vCard:Given>
	</vCard:N>
	<vCard:EMAIL>viji@ebi.ac.uk</vCard:EMAIL>
	<vCard:ORG rdf:parseType="Resource">
	<vCard:Orgname>EMBL-EBI</vCard:Orgname>
	</vCard:ORG>
	</rdf:li>
	</rdf:Bag>
	</dc:creator>
	<dcterms:created rdf:parseType="Resource">
	<dcterms:W3CDTF>2014-07-21T14:07:59Z</dcterms:W3CDTF>
	</dcterms:created>
	<dcterms:modified rdf:parseType="Resource">
	<dcterms:W3CDTF>2014-12-19T17:07:45Z</dcterms:W3CDTF>
	</dcterms:modified>
	<bqmodel:is>
	<rdf:Bag>
	<rdf:li rdf:resource="http://identifiers.org/biomodels.db/MODEL1408280000"/>
	</rdf:Bag>
	</bqmodel:is>
	<bqmodel:is>
	<rdf:Bag>
	<rdf:li rdf:resource="http://identifiers.org/biomodels.db/BIOMD0000000563"/>
	</rdf:Bag>
	</bqmodel:is>
	<bqmodel:isDescribedBy>
	<rdf:Bag>
	<rdf:li rdf:resource="http://identifiers.org/pubmed/25382065"/>
	</rdf:Bag>
	</bqmodel:isDescribedBy>
	<bqmodel:isDerivedFrom>
	<rdf:Bag>
	<rdf:li rdf:resource="http://identifiers.org/pubmed/17108957"/>
	</rdf:Bag>
	</bqmodel:isDerivedFrom>
	<bqbiol:isVersionOf>
	<rdf:Bag>
	<rdf:li rdf:resource="http://identifiers.org/go/GO:0002376"/>
	</rdf:Bag>
	</bqbiol:isVersionOf>
	<bqbiol:hasTaxon>
	<rdf:Bag>
	<rdf:li rdf:resource="http://identifiers.org/taxonomy/3701"/>
	<rdf:li rdf:resource="http://identifiers.org/taxonomy/317"/>
	</rdf:Bag>
	</bqbiol:hasTaxon>
	</rdf:Description>
	
	</rdf:RDF>
	</annotation>
      <listOfFunctionDefinitions>
      <functionDefinition id="Competitive_inhibition__irr" metaid="COPASI29" name="Competitive inhibition (irr)">
        <annotation>
          <COPASI xmlns="http://www.copasi.org/static/sbml">
            <rdf:RDF xmlns:dcterms="http://purl.org/dc/terms/" xmlns:rdf="http://www.w3.org/1999/02/22-rdf-syntax-ns#">
              <rdf:Description rdf:about="#COPASI29">
                <dcterms:created>
                  <rdf:Description>
                    <dcterms:W3CDTF>2014-07-21T14:17:06Z</dcterms:W3CDTF>
                  </rdf:Description>
                </dcterms:created>
              </rdf:Description>
            </rdf:RDF>
          </COPASI>
        </annotation>
        <math xmlns="http://www.w3.org/1998/Math/MathML">        
          <lambda>
            <bvar>
              <ci> substrate </ci>
            </bvar>
            <bvar>
              <ci> Inhibitor </ci>
            </bvar>
            <bvar>
              <ci> Km </ci>
            </bvar>
            <bvar>
              <ci> V </ci>
            </bvar>
            <bvar>
              <ci> Ki </ci>
            </bvar>
            <apply>
              <divide/>
              <apply>
                <times/>
                <ci> V </ci>
                <ci> substrate </ci>
              </apply>
              <apply>
                <plus/>
                <ci> Km </ci>
                <ci> substrate </ci>
                <apply>
                  <divide/>
                  <apply>
                    <times/>
                    <ci> Km </ci>
                    <ci> Inhibitor </ci>
                  </apply>
                  <ci> Ki </ci>
                </apply>
              </apply>
            </apply>
          </lambda>
        </math>
            </functionDefinition>
    </listOfFunctionDefinitions>
    <listOfUnitDefinitions>
      <unitDefinition id="volume" metaid="f98d16f7-5d75-4d02-ad50-c2a527c928a9" name="volume">
        <listOfUnits>
          <unit exponent="1" kind="dimensionless" metaid="_02349973-fff2-4d60-b208-1aec89e99502" multiplier="1" scale="0"/>
        </listOfUnits>
      </unitDefinition>
      <unitDefinition id="time" metaid="_07099af4-7184-4e52-bb9c-728c45ae4580" name="time">
        <listOfUnits>
          <unit exponent="1" kind="dimensionless" metaid="b672508a-f12f-4a25-a95a-2bce391d29d6" multiplier="1" scale="0"/>
        </listOfUnits>
      </unitDefinition>
      <unitDefinition id="substance" metaid="_0076695a-6f06-4724-8b98-5245ca8a8811" name="substance">
        <listOfUnits>
          <unit exponent="1" kind="dimensionless" metaid="_67fefbd6-9b80-4a5a-b373-5c2762244723" multiplier="1" scale="0"/>
        </listOfUnits>
      </unitDefinition>
    </listOfUnitDefinitions>
    <listOfCompartments>
      <compartment constant="true" id="Cell" metaid="COPASI1" name="Cell" size="1" spatialDimensions="3">
        <notes>
          <body xmlns="http://www.w3.org/1999/xhtml">
            <pre>This compartment represents the host cell volume.</pre>
          </body>
        </notes>
        <annotation>
          <COPASI xmlns="http://www.copasi.org/static/sbml">
            <rdf:RDF xmlns:dcterms="http://purl.org/dc/terms/" xmlns:rdf="http://www.w3.org/1999/02/22-rdf-syntax-ns#">
              <rdf:Description rdf:about="#COPASI1">
                <dcterms:created>
                  <rdf:Description>
                    <dcterms:W3CDTF>2014-07-21T14:57:30Z</dcterms:W3CDTF>
                  </rdf:Description>
                </dcterms:created>
              </rdf:Description>
            </rdf:RDF>
          </COPASI>
        </annotation>
            </compartment>
      <compartment constant="true" id="Apoplast" metaid="COPASI2" name="Apoplast" size="1" spatialDimensions="3">
        <notes>
          <body xmlns="http://www.w3.org/1999/xhtml">
            <pre>This compartment represents "apoplast": the fluid-filled volume adjacent to the cell. The microbe, and chemical species, occupy this volume.</pre>
          </body>
        </notes>
        <annotation>
          <COPASI xmlns="http://www.copasi.org/static/sbml">
            <rdf:RDF xmlns:dcterms="http://purl.org/dc/terms/" xmlns:rdf="http://www.w3.org/1999/02/22-rdf-syntax-ns#">
              <rdf:Description rdf:about="#COPASI2">
                <dcterms:created>
                  <rdf:Description>
                    <dcterms:W3CDTF>2014-07-22T08:55:58Z</dcterms:W3CDTF>
                  </rdf:Description>
                </dcterms:created>
              </rdf:Description>
            </rdf:RDF>
          </COPASI>
        </annotation>
            </compartment>
    </listOfCompartments>
    <listOfSpecies>
      <species boundaryCondition="false" compartment="Cell" constant="false" hasOnlySubstanceUnits="false" id="PAMP" initialConcentration="0" metaid="COPASI3" name="PAMP">
        <notes>
          <body xmlns="http://www.w3.org/1999/xhtml">
            <pre>PAMP is an abstraction of pathogen-associated molecular patterns, which are produced by Path in the apoplast. These may interact reversibly with the model's PRR species to produce PRR*, in a representation of PAMP detection leading (perhaps) to PTI.</pre>
          </body>
        </notes>
        <annotation>
          <COPASI xmlns="http://www.copasi.org/static/sbml">
            <rdf:RDF xmlns:dcterms="http://purl.org/dc/terms/" xmlns:rdf="http://www.w3.org/1999/02/22-rdf-syntax-ns#">
              <rdf:Description rdf:about="#COPASI3">
                <dcterms:created>
                  <rdf:Description>
                    <dcterms:W3CDTF>2014-07-21T14:10:18Z</dcterms:W3CDTF>
                  </rdf:Description>
                </dcterms:created>
              </rdf:Description>
            </rdf:RDF>
          </COPASI>
        </annotation>
            </species>
      <species boundaryCondition="false" compartment="Cell" constant="false" hasOnlySubstanceUnits="false" id="R" initialConcentration="1" metaid="COPASI4" name="R">
        <notes>
          <body xmlns="http://www.w3.org/1999/xhtml">
            <pre>R represents the host's Resistance protein, in its unbound state. On binding to an internalised effector E_int, it becomes activated to form R*.

There is a constant pool of R protein in this model.</pre>
          </body>
        </notes>
        <annotation>
          <COPASI xmlns="http://www.copasi.org/static/sbml">
            <rdf:RDF xmlns:dcterms="http://purl.org/dc/terms/" xmlns:rdf="http://www.w3.org/1999/02/22-rdf-syntax-ns#">
              <rdf:Description rdf:about="#COPASI4">
                <dcterms:created>
                  <rdf:Description>
                    <dcterms:W3CDTF>2014-07-21T14:10:27Z</dcterms:W3CDTF>
                  </rdf:Description>
                </dcterms:created>
              </rdf:Description>
            </rdf:RDF>
          </COPASI>
        </annotation>
            </species>
      <species boundaryCondition="false" compartment="Cell" constant="false" hasOnlySubstanceUnits="false" id="R_0" initialConcentration="0" metaid="COPASI5" name="R*">
        <notes>
          <body xmlns="http://www.w3.org/1999/xhtml">
            <pre>R* represents the host's Resistance protein, activated by binding to E_int. In the activated form, this species enhances rate at which Path is lost, emulating ETI.</pre>
          </body>
        </notes>
        <annotation>
          <COPASI xmlns="http://www.copasi.org/static/sbml">
            <rdf:RDF xmlns:dcterms="http://purl.org/dc/terms/" xmlns:rdf="http://www.w3.org/1999/02/22-rdf-syntax-ns#">
              <rdf:Description rdf:about="#COPASI5">
                <dcterms:created>
                  <rdf:Description>
                    <dcterms:W3CDTF>2014-07-21T14:10:28Z</dcterms:W3CDTF>
                  </rdf:Description>
                </dcterms:created>
              </rdf:Description>
            </rdf:RDF>
          </COPASI>
        </annotation>
            </species>
      <species boundaryCondition="false" compartment="Cell" constant="false" hasOnlySubstanceUnits="false" id="E_int" initialConcentration="0" metaid="COPASI6" name="E_int">
        <notes>
          <body xmlns="http://www.w3.org/1999/xhtml">
            <pre>E_int acts to reduce the effect of PTI by enhancing the rate of loss of Callose. The effector also interacts reversibly with the R protein, activating it with consequent enhanced loss of local Path, in an abstraction of ETI</pre>
          </body>
        </notes>
        <annotation>
          <COPASI xmlns="http://www.copasi.org/static/sbml">
            <rdf:RDF xmlns:dcterms="http://purl.org/dc/terms/" xmlns:rdf="http://www.w3.org/1999/02/22-rdf-syntax-ns#">
              <rdf:Description rdf:about="#COPASI6">
                <dcterms:created>
                  <rdf:Description>
                    <dcterms:W3CDTF>2014-07-21T14:24:47Z</dcterms:W3CDTF>
                  </rdf:Description>
                </dcterms:created>
              </rdf:Description>
            </rdf:RDF>
          </COPASI>
        </annotation>
            </species>
      <species boundaryCondition="false" compartment="Cell" constant="false" hasOnlySubstanceUnits="false" id="Callose" initialConcentration="0" metaid="COPASI7" name="Callose">
        <notes>
          <body xmlns="http://www.w3.org/1999/xhtml">
            <pre>This species is a generic "Callose", abstractly representing a measurable biochemical consequence of PRR activation, at the cell wall. 

Callose is also a proxy for PTI, in that it enhances the rate of loss of the species Path. This is obviously troublesome at a mechanistic level, but for the purposes of this model we equate callose deposition with ROS/peroxide production and other defences.</pre>
          </body>
        </notes>
        <annotation>
          <COPASI xmlns="http://www.copasi.org/static/sbml">
            <rdf:RDF xmlns:dcterms="http://purl.org/dc/terms/" xmlns:rdf="http://www.w3.org/1999/02/22-rdf-syntax-ns#">
              <rdf:Description rdf:about="#COPASI7">
                <dcterms:created>
                  <rdf:Description>
                    <dcterms:W3CDTF>2014-07-21T14:53:11Z</dcterms:W3CDTF>
                  </rdf:Description>
                </dcterms:created>
              </rdf:Description>
            </rdf:RDF>
          </COPASI>
        </annotation>
            </species>
      <species boundaryCondition="false" compartment="Apoplast" constant="false" hasOnlySubstanceUnits="false" id="Path" initialConcentration="0" metaid="COPASI8" name="Path">
        <notes>
          <body xmlns="http://www.w3.org/1999/xhtml">
            <pre>Path is a representation of microbes local to the cell. These derive from the larger (remote) population of microbes in Path_bulk, and disappear to NULL.</pre>
          </body>
        </notes>
        <annotation>
          <COPASI xmlns="http://www.copasi.org/static/sbml">
            <rdf:RDF xmlns:dcterms="http://purl.org/dc/terms/" xmlns:rdf="http://www.w3.org/1999/02/22-rdf-syntax-ns#">
              <rdf:Description rdf:about="#COPASI8">
                <dcterms:created>
                  <rdf:Description>
                    <dcterms:W3CDTF>2014-07-21T14:13:10Z</dcterms:W3CDTF>
                  </rdf:Description>
                </dcterms:created>
              </rdf:Description>
            </rdf:RDF>
          </COPASI>
        </annotation>
            </species>
      <species boundaryCondition="false" compartment="Apoplast" constant="false" hasOnlySubstanceUnits="false" id="Path_bulk" initialConcentration="0" metaid="COPASI9" name="Path_bulk">
        <notes>
          <body xmlns="http://www.w3.org/1999/xhtml">
            <pre>Path_bulk represents a remote population of microbes, from which the local microbes abstracted in Path derive.</pre>
          </body>
        </notes>
        <annotation>
          <COPASI xmlns="http://www.copasi.org/static/sbml">
            <rdf:RDF xmlns:dcterms="http://purl.org/dc/terms/" xmlns:rdf="http://www.w3.org/1999/02/22-rdf-syntax-ns#">
              <rdf:Description rdf:about="#COPASI9">
                <dcterms:created>
                  <rdf:Description>
                    <dcterms:W3CDTF>2014-07-21T14:13:05Z</dcterms:W3CDTF>
                  </rdf:Description>
                </dcterms:created>
              </rdf:Description>
            </rdf:RDF>
          </COPASI>
        </annotation>
            </species>
      <species boundaryCondition="false" compartment="Apoplast" constant="false" hasOnlySubstanceUnits="false" id="PRR" initialConcentration="0" metaid="COPASI10" name="PRR*">
        <notes>
          <body xmlns="http://www.w3.org/1999/xhtml">
            <pre>PRR* represents the host's Pathogen Recognition Receptor, activated by binding to a PAMP. In the activated form, this species enhances callose production, and the rate at which Path is lost, emulating PTI.</pre>
          </body>
        </notes>
        <annotation>
          <COPASI xmlns="http://www.copasi.org/static/sbml">
            <rdf:RDF xmlns:dcterms="http://purl.org/dc/terms/" xmlns:rdf="http://www.w3.org/1999/02/22-rdf-syntax-ns#">
              <rdf:Description rdf:about="#COPASI10">
                <dcterms:created>
                  <rdf:Description>
                    <dcterms:W3CDTF>2014-07-21T14:10:23Z</dcterms:W3CDTF>
                  </rdf:Description>
                </dcterms:created>
              </rdf:Description>
            </rdf:RDF>
          </COPASI>
        </annotation>
            </species>
      <species boundaryCondition="false" compartment="Apoplast" constant="false" hasOnlySubstanceUnits="false" id="PRR_0" initialConcentration="1" metaid="COPASI11" name="PRR">
        <notes>
          <body xmlns="http://www.w3.org/1999/xhtml">
            <pre>PRR represents the host's Pathogen Recognition Receptor, in its unbound state. On binding to a PAMP, it becomes activated to form PRR*.

There is a constant pool of PRR in this model.</pre>
          </body>
        </notes>
        <annotation>
          <COPASI xmlns="http://www.copasi.org/static/sbml">
            <rdf:RDF xmlns:dcterms="http://purl.org/dc/terms/" xmlns:rdf="http://www.w3.org/1999/02/22-rdf-syntax-ns#">
              <rdf:Description rdf:about="#COPASI11">
                <dcterms:created>
                  <rdf:Description>
                    <dcterms:W3CDTF>2014-07-21T14:10:22Z</dcterms:W3CDTF>
                  </rdf:Description>
                </dcterms:created>
              </rdf:Description>
            </rdf:RDF>
          </COPASI>
        </annotation>
            </species>
      <species boundaryCondition="false" compartment="Apoplast" constant="false" hasOnlySubstanceUnits="false" id="E" initialConcentration="0" metaid="COPASI12" name="E">
        <notes>
          <body xmlns="http://www.w3.org/1999/xhtml">
            <pre>This species is an abstract Effector: a molecular species that is produced by the microbe, translocated across the cell wall to become E_int, where it acts to reduce the effect of PTI by enhancing the rate of loss of Callose. The effector also interacts with the model's R protein, activating it with consequent enhanced loss of local Path, in an abstraction of ETI.</pre>
          </body>
        </notes>
        <annotation>
          <COPASI xmlns="http://www.copasi.org/static/sbml">
            <rdf:RDF xmlns:dcterms="http://purl.org/dc/terms/" xmlns:rdf="http://www.w3.org/1999/02/22-rdf-syntax-ns#">
              <rdf:Description rdf:about="#COPASI12">
                <dcterms:created>
                  <rdf:Description>
                    <dcterms:W3CDTF>2014-07-21T14:10:12Z</dcterms:W3CDTF>
                  </rdf:Description>
                </dcterms:created>
              </rdf:Description>
            </rdf:RDF>
          </COPASI>
        </annotation>
            </species>
    </listOfSpecies>
    <listOfReactions>
      <reaction id="PAMP_recognition" metaid="COPASI14" name="PAMP recognition" reversible="true">
        <notes>
          <body xmlns="http://www.w3.org/1999/xhtml">
            <pre>PAMP recognition abstracts the interaction between PAMPs(/MAMPs/other molecules), and Pattern Recognition Receptor (PRR), to produce "activated PRR" PRR*. As [PRR*] reflects the local concentration of PAMP, that might be considered to be strength of pattern-triggered signalling.</pre>
          </body>
        </notes>
        <annotation>
          <COPASI xmlns="http://www.copasi.org/static/sbml">
            <rdf:RDF xmlns:dcterms="http://purl.org/dc/terms/" xmlns:rdf="http://www.w3.org/1999/02/22-rdf-syntax-ns#">
              <rdf:Description rdf:about="#COPASI14">
                <dcterms:created>
                  <rdf:Description>
                    <dcterms:W3CDTF>2014-07-21T14:08:09Z</dcterms:W3CDTF>
                  </rdf:Description>
                </dcterms:created>
              </rdf:Description>
            </rdf:RDF>
          </COPASI>
        </annotation>
              <listOfReactants>
          <speciesReference metaid="cb86b3fc-e572-4ecc-894a-c1095c51cf4a" species="PRR_0" stoichiometry="1"/>
          <speciesReference metaid="_59269793-ff0e-42c3-b994-8eaad040ae95" species="PAMP" stoichiometry="1"/>
        </listOfReactants>
        <listOfProducts>
          <speciesReference metaid="b69a38fa-4669-4ac4-a7b3-1f6cd250f383" species="PRR" stoichiometry="1"/>
        </listOfProducts>
        <listOfModifiers>
          <modifierSpeciesReference metaid="_7d33f1a1-19b4-48ca-a1ae-c47d2f8d1529" species="PRR_0"/>
          <modifierSpeciesReference metaid="_11270ab9-1156-4487-a4d6-3c8ae80d413e" species="PAMP"/>
          <modifierSpeciesReference metaid="dd5ae882-61d0-4033-b232-37fce827e05d" species="PRR"/>
        </listOfModifiers>
        <kineticLaw metaid="_70b1b585-f5b9-4ecd-a4d0-a3b16b9a0393">
          <math xmlns="http://www.w3.org/1998/Math/MathML">          
            <apply>
              <minus/>
              <apply>
                <times/>
                <ci> k1 </ci>
                <ci> PRR_0 </ci>
                <ci> PAMP </ci>
              </apply>
              <apply>
                <times/>
                <ci> k2 </ci>
                <ci> PRR </ci>
              </apply>
            </apply>
          </math>
                  <listOfParameters>
            <parameter id="k1" metaid="ef39c871-8b76-49a3-9369-674b7db50ea7" name="k1" value="0.1"/>
            <parameter id="k2" metaid="d5e6bd86-ddd2-4e56-81fb-77c83e7e6294" name="k2" value="0.1"/>
          </listOfParameters>
        </kineticLaw>
      </reaction>
      <reaction id="Effector_recognition" metaid="COPASI15" name="Effector recognition" reversible="true">
        <notes>
          <body xmlns="http://www.w3.org/1999/xhtml">
            <pre>Effector recognition abstracts the interaction between internalised effector E_int, and "R protein" R, to produce "activated R protein" R*. As [R*] reflects the local concentration of E_int, it might also be considered to represent the strength of effector triggered responses.</pre>
          </body>
        </notes>
        <annotation>
          <COPASI xmlns="http://www.copasi.org/static/sbml">
            <rdf:RDF xmlns:dcterms="http://purl.org/dc/terms/" xmlns:rdf="http://www.w3.org/1999/02/22-rdf-syntax-ns#">
              <rdf:Description rdf:about="#COPASI15">
                <dcterms:created>
                  <rdf:Description>
                    <dcterms:W3CDTF>2014-07-21T14:09:01Z</dcterms:W3CDTF>
                  </rdf:Description>
                </dcterms:created>
              </rdf:Description>
            </rdf:RDF>
          </COPASI>
        </annotation>
              <listOfReactants>
          <speciesReference metaid="b24b3fe6-146f-465e-9bbb-d639d1b68f40" species="R" stoichiometry="1"/>
          <speciesReference metaid="aa4a6cd1-b604-408f-8f7f-f11e532afd7c" species="E_int" stoichiometry="1"/>
        </listOfReactants>
        <listOfProducts>
          <speciesReference metaid="_176d933d-7dfa-49b8-84ee-64390b7722cd" species="R_0" stoichiometry="1"/>
        </listOfProducts>
        <listOfModifiers>
          <modifierSpeciesReference metaid="ac32b6f3-d806-4b1d-a4a0-cbd2dd95ec82" species="R"/>
          <modifierSpeciesReference metaid="_5e107d1b-29d3-4a39-9edd-3891db04672b" species="E_int"/>
          <modifierSpeciesReference metaid="_905e66b7-5235-4ed6-8b67-8f4958c36414" species="R_0"/>
        </listOfModifiers>
        <kineticLaw metaid="da78d413-d401-4111-b513-ace964d2401c">
          <math xmlns="http://www.w3.org/1998/Math/MathML">          
            <apply>
              <times/>
              <ci> Cell </ci>
              <apply>
                <minus/>
                <apply>
                  <times/>
                  <ci> k1 </ci>
                  <ci> R </ci>
                  <ci> E_int </ci>
                </apply>
                <apply>
                  <times/>
                  <ci> k2 </ci>
                  <ci> R_0 </ci>
                </apply>
              </apply>
            </apply>
          </math>
                  <listOfParameters>
            <parameter id="k1" metaid="c5757bb2-45a5-46d1-8900-ede6afbb611d" name="k1" value="0.1"/>
            <parameter id="k2" metaid="_70647a55-d345-482a-b207-2c763477d123" name="k2" value="0.1"/>
          </listOfParameters>
        </kineticLaw>
      </reaction>
      <reaction id="Effector_removal" metaid="COPASI16" name="Effector removal" reversible="false">
        <notes>
          <body xmlns="http://www.w3.org/1999/xhtml">
            <pre>This represents the loss of effector from the apoplast, necessary to obtain steady state.</pre>
          </body>
        </notes>
        <annotation>
          <COPASI xmlns="http://www.copasi.org/static/sbml">
            <rdf:RDF xmlns:dcterms="http://purl.org/dc/terms/" xmlns:rdf="http://www.w3.org/1999/02/22-rdf-syntax-ns#">
              <rdf:Description rdf:about="#COPASI16">
                <dcterms:created>
                  <rdf:Description>
                    <dcterms:W3CDTF>2014-07-21T14:09:27Z</dcterms:W3CDTF>
                  </rdf:Description>
                </dcterms:created>
              </rdf:Description>
            </rdf:RDF>
          </COPASI>
        </annotation>
              <listOfReactants>
          <speciesReference metaid="a6ee9d17-17e8-4964-a28d-bc6154f3356d" species="E" stoichiometry="1"/>
        </listOfReactants>
        <listOfModifiers>
          <modifierSpeciesReference metaid="c15ff189-66ca-479c-b9a8-d26de3636fbf" species="E"/>
        </listOfModifiers>
        <kineticLaw metaid="_9cd5c534-cfe2-46f2-98b7-ef65bd6b54bd">
          <math xmlns="http://www.w3.org/1998/Math/MathML">          
            <apply>
              <times/>
              <ci> Apoplast </ci>
              <ci> k1 </ci>
              <ci> E </ci>
            </apply>
          </math>
                  <listOfParameters>
            <parameter id="k1" metaid="bb31197e-79f7-4151-bbbd-ff7178a35e73" name="k1" value="0.1"/>
          </listOfParameters>
        </kineticLaw>
      </reaction>
      <reaction id="PAMP_removal" metaid="COPASI17" name="PAMP removal" reversible="false">
        <notes>
          <body xmlns="http://www.w3.org/1999/xhtml">
            <pre>This represents the loss of PAMP from the apoplast, necessary to obtain steady state.</pre>
          </body>
        </notes>
        <annotation>
          <COPASI xmlns="http://www.copasi.org/static/sbml">
            <rdf:RDF xmlns:dcterms="http://purl.org/dc/terms/" xmlns:rdf="http://www.w3.org/1999/02/22-rdf-syntax-ns#">
              <rdf:Description rdf:about="#COPASI17">
                <dcterms:created>
                  <rdf:Description>
                    <dcterms:W3CDTF>2014-07-21T14:09:47Z</dcterms:W3CDTF>
                  </rdf:Description>
                </dcterms:created>
              </rdf:Description>
            </rdf:RDF>
          </COPASI>
        </annotation>
              <listOfReactants>
          <speciesReference metaid="c32b0535-bc27-42d9-ac06-48f48a275b61" species="PAMP" stoichiometry="1"/>
        </listOfReactants>
        <listOfModifiers>
          <modifierSpeciesReference metaid="c9c86fe2-d6da-44c8-94c8-7e3222e74847" species="PAMP"/>
        </listOfModifiers>
        <kineticLaw metaid="_1efc3842-a0ec-492a-a4b7-5a014e30eee6">
          <math xmlns="http://www.w3.org/1998/Math/MathML">          
            <apply>
              <times/>
              <ci> Cell </ci>
              <ci> k1 </ci>
              <ci> PAMP </ci>
            </apply>
          </math>
                  <listOfParameters>
            <parameter id="k1" metaid="_5029f8de-b2a7-4646-93ab-fe00f595202b" name="k1" value="0.1"/>
          </listOfParameters>
        </kineticLaw>
      </reaction>
      <reaction id="Pathogen_arrival" metaid="COPASI18" name="Pathogen arrival" reversible="false">
        <notes>
          <body xmlns="http://www.w3.org/1999/xhtml">
            <pre>Pathogen arrival represents movement of microbes from some (distant) 'bulk' to the locality of the cell, where they may interact.</pre>
          </body>
        </notes>
        <annotation>
          <COPASI xmlns="http://www.copasi.org/static/sbml">
            <rdf:RDF xmlns:dcterms="http://purl.org/dc/terms/" xmlns:rdf="http://www.w3.org/1999/02/22-rdf-syntax-ns#">
              <rdf:Description rdf:about="#COPASI18">
                <dcterms:created>
                  <rdf:Description>
                    <dcterms:W3CDTF>2014-07-21T14:11:38Z</dcterms:W3CDTF>
                  </rdf:Description>
                </dcterms:created>
              </rdf:Description>
            </rdf:RDF>
          </COPASI>
        </annotation>
              <listOfReactants>
          <speciesReference metaid="_1e8060ef-d977-4a69-9eda-6bbeb294c151" species="Path_bulk" stoichiometry="1"/>
        </listOfReactants>
        <listOfProducts>
          <speciesReference metaid="d37e8aec-69c9-46d2-bf8e-d64fac779cdf" species="Path_bulk" stoichiometry="1"/>
          <speciesReference metaid="_78c650d7-843b-46da-8794-014d91e2d5a8" species="Path" stoichiometry="1"/>
        </listOfProducts>
        <listOfModifiers>
          <modifierSpeciesReference metaid="_70b46bb5-272a-46d2-b80a-0ded1dad67d5" species="Path_bulk"/>
        </listOfModifiers>
        <kineticLaw metaid="_3f2ebed7-2a14-452f-8313-acc02355cf42">
          <math xmlns="http://www.w3.org/1998/Math/MathML">          
            <apply>
              <times/>
              <ci> Apoplast </ci>
              <ci> k1 </ci>
              <ci> Path_bulk </ci>
            </apply>
          </math>
                  <listOfParameters>
            <parameter id="k1" metaid="_9ebd8477-44a5-4282-b7e3-54809754a1e0" name="k1" value="0.1"/>
          </listOfParameters>
        </kineticLaw>
      </reaction>
      <reaction id="Pathogen_removal" metaid="COPASI19" name="Pathogen removal" reversible="false">
        <notes>
          <body xmlns="http://www.w3.org/1999/xhtml">
            <pre>Pathogen removal represents removal of microbes from the locality of the cell, where they may interact, to some other location or state where they can no longer interact. This might be due to movement/diffusion, or microbe destruction.</pre>
          </body>
        </notes>
        <annotation>
          <COPASI xmlns="http://www.copasi.org/static/sbml">
            <rdf:RDF xmlns:dcterms="http://purl.org/dc/terms/" xmlns:rdf="http://www.w3.org/1999/02/22-rdf-syntax-ns#">
              <rdf:Description rdf:about="#COPASI19">
                <dcterms:created>
                  <rdf:Description>
                    <dcterms:W3CDTF>2014-07-21T14:12:15Z</dcterms:W3CDTF>
                  </rdf:Description>
                </dcterms:created>
              </rdf:Description>
            </rdf:RDF>
          </COPASI>
        </annotation>
              <listOfReactants>
          <speciesReference metaid="c66430b5-4675-43cf-869f-c7636959067a" species="Path" stoichiometry="1"/>
        </listOfReactants>
        <listOfModifiers>
          <modifierSpeciesReference metaid="_2c2cd8d8-94b5-413c-979b-3731c5254548" species="Path"/>
        </listOfModifiers>
        <kineticLaw metaid="af3fd5eb-ebbc-4489-8875-83d0457f86cd">
          <math xmlns="http://www.w3.org/1998/Math/MathML">          
            <apply>
              <times/>
              <ci> Apoplast </ci>
              <ci> k1 </ci>
              <ci> Path </ci>
            </apply>
          </math>
                  <listOfParameters>
            <parameter id="k1" metaid="_090ec7c0-8b40-42e0-8027-550beab18fed" name="k1" value="0.1"/>
          </listOfParameters>
        </kineticLaw>
      </reaction>
      <reaction id="PAMP_production" metaid="COPASI20" name="PAMP production" reversible="false">
        <notes>
          <body xmlns="http://www.w3.org/1999/xhtml">
            <pre>PAMP is produced proportional to the amount of local microbe (Path) present, in the apoplast compartment.</pre>
          </body>
        </notes>
        <annotation>
          <COPASI xmlns="http://www.copasi.org/static/sbml">
            <rdf:RDF xmlns:dcterms="http://purl.org/dc/terms/" xmlns:rdf="http://www.w3.org/1999/02/22-rdf-syntax-ns#">
              <rdf:Description rdf:about="#COPASI20">
                <dcterms:created>
                  <rdf:Description>
                    <dcterms:W3CDTF>2014-07-21T14:14:54Z</dcterms:W3CDTF>
                  </rdf:Description>
                </dcterms:created>
              </rdf:Description>
            </rdf:RDF>
          </COPASI>
        </annotation>
              <listOfReactants>
          <speciesReference metaid="_1bdfea3a-d247-4b98-81fc-f26f296cbfdc" species="Path" stoichiometry="1"/>
        </listOfReactants>
        <listOfProducts>
          <speciesReference metaid="_01fe42b6-717e-4046-9b1b-fafee096fd83" species="PAMP" stoichiometry="1"/>
          <speciesReference metaid="f33b2332-e489-43e2-a7cf-bd054ecba312" species="Path" stoichiometry="1"/>
        </listOfProducts>
        <listOfModifiers>
          <modifierSpeciesReference metaid="ff6a3cbe-b29c-4f5f-9966-1bf43a094ade" species="Path"/>
        </listOfModifiers>
        <kineticLaw metaid="aefc51fb-29be-4e36-902c-1597406451ae">
          <math xmlns="http://www.w3.org/1998/Math/MathML">          
            <apply>
              <times/>
              <ci> k1 </ci>
              <ci> Path </ci>
            </apply>
          </math>
                  <listOfParameters>
            <parameter id="k1" metaid="_3e215fa3-cf56-480c-bcc1-395ed3116f3c" name="k1" value="0.1"/>
          </listOfParameters>
        </kineticLaw>
      </reaction>
      <reaction id="Effector_production" metaid="COPASI21" name="Effector production" reversible="false">
        <notes>
          <body xmlns="http://www.w3.org/1999/xhtml">
            <pre>Effector E is produced proportional to the amount of local microbe (Path) present. E is produced initially into the apoplast compartment, where it may be removed, or translocated into the cell compartment.</pre>
          </body>
        </notes>
        <annotation>
          <COPASI xmlns="http://www.copasi.org/static/sbml">
            <rdf:RDF xmlns:dcterms="http://purl.org/dc/terms/" xmlns:rdf="http://www.w3.org/1999/02/22-rdf-syntax-ns#">
              <rdf:Description rdf:about="#COPASI21">
                <dcterms:created>
                  <rdf:Description>
                    <dcterms:W3CDTF>2014-07-21T14:18:24Z</dcterms:W3CDTF>
                  </rdf:Description>
                </dcterms:created>
              </rdf:Description>
            </rdf:RDF>
          </COPASI>
        </annotation>
              <listOfReactants>
          <speciesReference metaid="_5d6af553-f160-4260-ab03-b2cdfbc6b5cd" species="Path" stoichiometry="1"/>
        </listOfReactants>
        <listOfProducts>
          <speciesReference metaid="_395ee9e0-4af7-4bc4-abbd-f6d2a8290d6b" species="E" stoichiometry="1"/>
          <speciesReference metaid="_6d2ff3eb-4cda-4f52-9605-3c3710690f6b" species="Path" stoichiometry="1"/>
        </listOfProducts>
        <listOfModifiers>
          <modifierSpeciesReference metaid="_6ab90d5b-d366-4686-923a-85c78c74022f" species="Path"/>
        </listOfModifiers>
        <kineticLaw metaid="_83ea734e-0418-4cd5-b87b-03b1ce6d16cc">
          <math xmlns="http://www.w3.org/1998/Math/MathML">          
            <apply>
              <times/>
              <ci> Apoplast </ci>
              <ci> k1 </ci>
              <ci> Path </ci>
            </apply>
          </math>
                  <listOfParameters>
            <parameter id="k1" metaid="_1e6d8ab7-1795-40ac-8a43-e5a0a186333f" name="k1" value="0.1"/>
          </listOfParameters>
        </kineticLaw>
      </reaction>
      <reaction id="E_int_removal" metaid="COPASI22" name="E_int removal" reversible="false">
        <notes>
          <body xmlns="http://www.w3.org/1999/xhtml">
            <pre>E_int is removed at a constant rate, so steady state can be reached.</pre>
          </body>
        </notes>
        <annotation>
          <COPASI xmlns="http://www.copasi.org/static/sbml">
            <rdf:RDF xmlns:dcterms="http://purl.org/dc/terms/" xmlns:rdf="http://www.w3.org/1999/02/22-rdf-syntax-ns#">
              <rdf:Description rdf:about="#COPASI22">
                <dcterms:created>
                  <rdf:Description>
                    <dcterms:W3CDTF>2014-07-21T14:22:30Z</dcterms:W3CDTF>
                  </rdf:Description>
                </dcterms:created>
              </rdf:Description>
            </rdf:RDF>
          </COPASI>
        </annotation>
              <listOfReactants>
          <speciesReference metaid="_188c1bab-4a8f-4cd2-8cd3-f58b9980242d" species="E_int" stoichiometry="1"/>
        </listOfReactants>
        <listOfModifiers>
          <modifierSpeciesReference metaid="_4eb46c4a-6dc2-44fd-959a-eb9f8479a90e" species="E_int"/>
        </listOfModifiers>
        <kineticLaw metaid="_9cd6605a-fe8c-4244-8dc9-c1ff9a00d38e">
          <math xmlns="http://www.w3.org/1998/Math/MathML">          
            <apply>
              <times/>
              <ci> Cell </ci>
              <ci> k1 </ci>
              <ci> E_int </ci>
            </apply>
          </math>
                  <listOfParameters>
            <parameter id="k1" metaid="_2838a468-8b9d-4bd1-8a3c-83c6a297d3c1" name="k1" value="0.1"/>
          </listOfParameters>
        </kineticLaw>
      </reaction>
      <reaction id="ETI" metaid="COPASI23" name="ETI" reversible="false">
        <notes>
          <body xmlns="http://www.w3.org/1999/xhtml">
            <pre>The ETI step represents reduction of local microbe concentration due to activation of the host's R protein. No molecular mechanism for this is proposed in the model.</pre>
          </body>
        </notes>
        <annotation>
          <COPASI xmlns="http://www.copasi.org/static/sbml">
            <rdf:RDF xmlns:dcterms="http://purl.org/dc/terms/" xmlns:rdf="http://www.w3.org/1999/02/22-rdf-syntax-ns#">
              <rdf:Description rdf:about="#COPASI23">
                <dcterms:created>
                  <rdf:Description>
                    <dcterms:W3CDTF>2014-07-21T14:26:20Z</dcterms:W3CDTF>
                  </rdf:Description>
                </dcterms:created>
              </rdf:Description>
            </rdf:RDF>
          </COPASI>
        </annotation>
              <listOfReactants>
          <speciesReference metaid="c57d6821-36e0-4205-aeda-9ffbbeb34f4a" species="Path" stoichiometry="1"/>
          <speciesReference metaid="_197c133e-dd72-4004-8c4c-10bb08774f72" species="R_0" stoichiometry="1"/>
        </listOfReactants>
        <listOfProducts>
          <speciesReference metaid="e4f2e6e0-b9de-4373-bf19-f831001cdffa" species="R_0" stoichiometry="1"/>
        </listOfProducts>
        <listOfModifiers>
          <modifierSpeciesReference metaid="_035d0223-7846-4abc-bb39-403804a32824" species="Path"/>
          <modifierSpeciesReference metaid="_591dc973-7934-4291-8f3c-785b13708340" species="R_0"/>
        </listOfModifiers>
        <kineticLaw metaid="cdf1ae44-8258-4b0d-8854-7e28834682d0">
          <math xmlns="http://www.w3.org/1998/Math/MathML">          
            <apply>
              <times/>
              <ci> k1 </ci>
              <ci> Path </ci>
              <ci> R_0 </ci>
            </apply>
          </math>
                  <listOfParameters>
            <parameter id="k1" metaid="_2c91534a-bf5e-411d-9b0a-f880410c72fd" name="k1" value="0.1"/>
          </listOfParameters>
        </kineticLaw>
      </reaction>
      <reaction id="Effector_translocation" metaid="COPASI24" name="Effector translocation" reversible="false">
        <notes>
          <body xmlns="http://www.w3.org/1999/xhtml">
            <pre>This step represents the translocation of effector E from the apoplast compartment to the cell compartment, where it is represented as E_int. No mechanism is reflected in the model, except that translocation rate is [E]-dependent, and slowed in response to increased Callose,</pre>
          </body>
        </notes>
        <annotation>
          <COPASI xmlns="http://www.copasi.org/static/sbml">
            <rdf:RDF xmlns:dcterms="http://purl.org/dc/terms/" xmlns:rdf="http://www.w3.org/1999/02/22-rdf-syntax-ns#">
              <rdf:Description rdf:about="#COPASI24">
                <dcterms:created>
                  <rdf:Description>
                    <dcterms:W3CDTF>2014-07-21T14:34:20Z</dcterms:W3CDTF>
                  </rdf:Description>
                </dcterms:created>
              </rdf:Description>
            </rdf:RDF>
          </COPASI>
        </annotation>
              <listOfReactants>
          <speciesReference metaid="c4d06d95-c646-4594-9970-025b7e74fa81" species="E" stoichiometry="1"/>
        </listOfReactants>
        <listOfProducts>
          <speciesReference metaid="_5e61a459-2e07-43da-bfbc-cea172227151" species="E_int" stoichiometry="1"/>
        </listOfProducts>
        <listOfModifiers>
          <modifierSpeciesReference metaid="cb1021a0-000b-4f34-859c-108df40a2c55" species="Callose"/>
          <modifierSpeciesReference metaid="cf329af9-829a-4332-8f0f-26ba8042e817" species="E"/>
          <modifierSpeciesReference metaid="_615fef79-9162-4725-8469-6bcff6e1a8b3" species="Callose"/>
        </listOfModifiers>
        <kineticLaw metaid="_2adda14d-695d-43e6-bc37-6ffa60dbd2ad">
          <math xmlns="http://www.w3.org/1998/Math/MathML">          
            <apply>
              <ci> Competitive_inhibition__irr </ci>
              <ci> E </ci>
              <ci> Callose </ci>
              <ci> Km </ci>
              <ci> V </ci>
              <ci> Ki </ci>
            </apply>
          </math>
                  <listOfParameters>
            <parameter id="Km" metaid="_8f797214-b803-435a-9921-f8b344f0b96e" name="Km" value="0.1"/>
            <parameter id="V" metaid="_38104bea-6326-4a6a-878e-aa829a90d23a" name="V" value="0.1"/>
            <parameter id="Ki" metaid="_571a65d7-df79-4d9d-becb-aa764c54c4ed" name="Ki" value="0.1"/>
          </listOfParameters>
        </kineticLaw>
      </reaction>
      <reaction id="Callose_production" metaid="COPASI25" name="Callose production" reversible="false">
        <notes>
          <body xmlns="http://www.w3.org/1999/xhtml">
            <pre>The mechanism by which Callose is produced is not defined. Callose is produced at a constant rate proportional to [PRR*], so the rate of production increases with increasing PAMP detection.</pre>
          </body>
        </notes>
        <annotation>
          <COPASI xmlns="http://www.copasi.org/static/sbml">
            <rdf:RDF xmlns:dcterms="http://purl.org/dc/terms/" xmlns:rdf="http://www.w3.org/1999/02/22-rdf-syntax-ns#">
              <rdf:Description rdf:about="#COPASI25">
                <dcterms:created>
                  <rdf:Description>
                    <dcterms:W3CDTF>2014-07-21T14:50:00Z</dcterms:W3CDTF>
                  </rdf:Description>
                </dcterms:created>
              </rdf:Description>
            </rdf:RDF>
          </COPASI>
        </annotation>
              <listOfReactants>
          <speciesReference metaid="_515eefae-996c-4e90-8e59-ba978791d691" species="PRR" stoichiometry="1"/>
        </listOfReactants>
        <listOfProducts>
          <speciesReference metaid="_5b2461e3-d077-4b98-8394-de4905f1fa29" species="PRR" stoichiometry="1"/>
          <speciesReference metaid="_0f1aff23-43af-4d2d-a1f0-9cb779d23493" species="Callose" stoichiometry="1"/>
        </listOfProducts>
        <listOfModifiers>
          <modifierSpeciesReference metaid="a0c1de4d-c871-4798-9746-45fc9f421233" species="PRR"/>
        </listOfModifiers>
        <kineticLaw metaid="_13a1feda-38c6-4c79-ae04-2f6e7c6eba2d">
          <math xmlns="http://www.w3.org/1998/Math/MathML">          
            <apply>
              <times/>
              <ci> k1 </ci>
              <ci> PRR </ci>
            </apply>
          </math>
                  <listOfParameters>
            <parameter id="k1" metaid="_1242a05a-ff63-44bc-981b-897d66021467" name="k1" value="0.1"/>
          </listOfParameters>
        </kineticLaw>
      </reaction>
      <reaction id="Callose_removal" metaid="COPASI26" name="Callose removal" reversible="false">
        <notes>
          <body xmlns="http://www.w3.org/1999/xhtml">
            <pre>Callose is removed at a constant rate, so that a steady state can be reached.</pre>
          </body>
        </notes>
        <annotation>
          <COPASI xmlns="http://www.copasi.org/static/sbml">
            <rdf:RDF xmlns:dcterms="http://purl.org/dc/terms/" xmlns:rdf="http://www.w3.org/1999/02/22-rdf-syntax-ns#">
              <rdf:Description rdf:about="#COPASI26">
                <dcterms:created>
                  <rdf:Description>
                    <dcterms:W3CDTF>2014-07-21T14:53:54Z</dcterms:W3CDTF>
                  </rdf:Description>
                </dcterms:created>
              </rdf:Description>
            </rdf:RDF>
          </COPASI>
        </annotation>
              <listOfReactants>
          <speciesReference metaid="df902c44-a44b-4cb6-b996-3d406f6398af" species="Callose" stoichiometry="1"/>
        </listOfReactants>
        <listOfModifiers>
          <modifierSpeciesReference metaid="_7b3bf329-2033-495d-b1b7-5be9809a48ab" species="Callose"/>
        </listOfModifiers>
        <kineticLaw metaid="b2736de8-2934-4fdf-8abe-659f05cafef6">
          <math xmlns="http://www.w3.org/1998/Math/MathML">          
            <apply>
              <times/>
              <ci> Cell </ci>
              <ci> k1 </ci>
              <ci> Callose </ci>
            </apply>
          </math>
                  <listOfParameters>
            <parameter id="k1" metaid="ddc31656-bce4-42eb-8a48-2a6d0bfb09a7" name="k1" value="0.1"/>
          </listOfParameters>
        </kineticLaw>
      </reaction>
      <reaction id="PTI" metaid="COPASI27" name="PTI" reversible="false">
        <notes>
          <body xmlns="http://www.w3.org/1999/xhtml">
            <pre>The PTI step represents reduction of local microbe concentration due to the activation of PRR, as an abstraction of the consequences of Pattern Triggered Immunity (PTI), represented by the amount of callose deposition. No reasonable molecular mechanism for this is proposed in the model.</pre>
          </body>
        </notes>
        <annotation>
          <COPASI xmlns="http://www.copasi.org/static/sbml">
            <rdf:RDF xmlns:dcterms="http://purl.org/dc/terms/" xmlns:rdf="http://www.w3.org/1999/02/22-rdf-syntax-ns#">
              <rdf:Description rdf:about="#COPASI27">
                <dcterms:created>
                  <rdf:Description>
                    <dcterms:W3CDTF>2014-07-21T14:54:44Z</dcterms:W3CDTF>
                  </rdf:Description>
                </dcterms:created>
              </rdf:Description>
            </rdf:RDF>
          </COPASI>
        </annotation>
              <listOfReactants>
          <speciesReference metaid="_33f1c8d4-fb23-4ba4-953d-10c3ea9946e2" species="Path" stoichiometry="1"/>
          <speciesReference metaid="_2f7bdd03-f57c-4c56-b839-94be21614b45" species="Callose" stoichiometry="1"/>
        </listOfReactants>
        <listOfProducts>
          <speciesReference metaid="_81a2745f-f53a-4295-815d-c72451dcf32b" species="Callose" stoichiometry="1"/>
        </listOfProducts>
        <listOfModifiers>
          <modifierSpeciesReference metaid="f5bbfca4-343e-4502-a86c-5ca07a6a0b31" species="Path"/>
          <modifierSpeciesReference metaid="_016702dc-5f53-45cb-940b-2f6321efe18d" species="Callose"/>
        </listOfModifiers>
        <kineticLaw metaid="_44d07cc6-7dcb-4bbb-bd03-527bd59497c9">
          <math xmlns="http://www.w3.org/1998/Math/MathML">          
            <apply>
              <times/>
              <ci> k1 </ci>
              <ci> Path </ci>
              <ci> Callose </ci>
            </apply>
          </math>
                  <listOfParameters>
            <parameter id="k1" metaid="_3781afaa-cdf5-4be6-a6a5-5e221792849e" name="k1" value="0.1"/>
          </listOfParameters>
        </kineticLaw>
      </reaction>
      <reaction id="Callose_suppression" metaid="COPASI28" name="Callose suppression" reversible="false">
        <notes>
          <body xmlns="http://www.w3.org/1999/xhtml">
            <pre>Callose suppression is represented by greater loss of Callose when there is internalised effector (E_int) present. The mechanism of this is undefined.</pre>
          </body>
        </notes>
        <annotation>
          <COPASI xmlns="http://www.copasi.org/static/sbml">
            <rdf:RDF xmlns:dcterms="http://purl.org/dc/terms/" xmlns:rdf="http://www.w3.org/1999/02/22-rdf-syntax-ns#">
              <rdf:Description rdf:about="#COPASI28">
                <dcterms:created>
                  <rdf:Description>
                    <dcterms:W3CDTF>2014-07-21T15:09:45Z</dcterms:W3CDTF>
                  </rdf:Description>
                </dcterms:created>
              </rdf:Description>
            </rdf:RDF>
          </COPASI>
        </annotation>
              <listOfReactants>
          <speciesReference metaid="_205d9730-31ea-4633-b858-ae9e171632aa" species="Callose" stoichiometry="1"/>
          <speciesReference metaid="_788ef9d4-ac83-498f-a933-50be9644bf2a" species="E_int" stoichiometry="1"/>
        </listOfReactants>
        <listOfProducts>
          <speciesReference metaid="beeb7a6a-c4da-46ae-8e94-b7dea2ebe6f0" species="E_int" stoichiometry="1"/>
        </listOfProducts>
        <listOfModifiers>
          <modifierSpeciesReference metaid="_61aceab4-c312-4f35-80b2-6721e614d1fb" species="Callose"/>
          <modifierSpeciesReference metaid="_07675f4c-dff8-48ae-9939-307f5b9ccbfa" species="E_int"/>
        </listOfModifiers>
        <kineticLaw metaid="cfba3a90-f368-4c52-a951-dfb82c63580e">
          <math xmlns="http://www.w3.org/1998/Math/MathML">          
            <apply>
              <times/>
              <ci> Cell </ci>
              <ci> k1 </ci>
              <ci> Callose </ci>
              <ci> E_int </ci>
            </apply>
          </math>
                  <listOfParameters>
            <parameter id="k1" metaid="c045042b-4fb0-4885-bf6b-a710274bd815" name="k1" value="0.1"/>
          </listOfParameters>
        </kineticLaw>
      </reaction>
    </listOfReactions>
    <listOfEvents>
      <event id="Pathogen_introduced" metaid="COPASI13" name="Pathogen introduced">
        <notes>
          <body xmlns="http://www.w3.org/1999/xhtml">
            <pre>Microbes are introduced to the bulk (not locally to the cell) at a specified time point, as an emulation of inoculation at some other point in the physical system.</pre>
          </body>
        </notes>
        <annotation>
          <COPASI xmlns="http://www.copasi.org/static/sbml">
            <rdf:RDF xmlns:dcterms="http://purl.org/dc/terms/" xmlns:rdf="http://www.w3.org/1999/02/22-rdf-syntax-ns#">
              <rdf:Description rdf:about="#COPASI13">
                <dcterms:created>
                  <rdf:Description>
                    <dcterms:W3CDTF>2014-07-21T14:13:32Z</dcterms:W3CDTF>
                  </rdf:Description>
                </dcterms:created>
              </rdf:Description>
            </rdf:RDF>
          </COPASI>
        </annotation>
              <trigger metaid="a1c5a70a-1d43-4e5d-8247-a305bbdcee93">
          <math xmlns="http://www.w3.org/1998/Math/MathML">          
            <apply>
              <gt/>
              <csymbol encoding="text" definitionURL="http://www.sbml.org/sbml/symbols/time"> time </csymbol>
              <cn> 10 </cn>
            </apply>
          </math>
                </trigger>
        <listOfEventAssignments>
          <eventAssignment metaid="b00dbd48-76d8-48d3-9394-e982659fc7fa" variable="Path_bulk">
            <math xmlns="http://www.w3.org/1998/Math/MathML">            
              <cn> 1 </cn>
            </math>
                    </eventAssignment>
        </listOfEventAssignments>
      </event>
    </listOfEvents>
  </model>
</sbml>