<?xml version='1.0' encoding='UTF-8' standalone='no'?>
<sbml xmlns="http://www.sbml.org/sbml/level2/version4" level="2" metaid="metaid_0000001" version="4">
  <model id="Kofahl2004_PheromonePathway" metaid="metaid_0000090" name="Kofahl2004_PheromonePathway">
    <notes>
      <body xmlns="http://www.w3.org/1999/xhtml">
        <p>
      This a model from the article:
      <br/>
        <strong> Modelling the dynamics of the yeast pheromone pathway.
</strong>
        <br/>
Kofahl B, Klipp E 
      <em>Yeast</em>[2004 Jul; Volume: 21 (Issue: 10 )] Page info: 831-50 
      <a href="http://www.ncbi.nlm.nih.gov/pubmed/15300679">15300679</a>,
      <br/>
        <strong>Abstract:</strong>
        <br/>
We present a mathematical model of the dynamics of the pheromone pathways in haploid yeast cells of mating type MATa after stimulation with pheromone alpha-factor. The model consists of a set of differential equations and describes the dynamics of signal transduction from the receptor via several steps, including a G protein and a scaffold MAP kinase cascade, up to changes in the gene expression after pheromone stimulation in terms of biochemical changes (complex formations, phosphorylations, etc.). The parameters entering the models have been taken from the literature or adapted to observed time courses or behaviour. Using this model we can follow the time course of the various complex formation processes and of the phosphorylation states of the proteins involved. Furthermore, we can explain the phenotype of more than a dozen well-characterized mutants and also the graded response of yeast cells to varying concentrations of the stimulating pheromone. 
   </p>
        <br/>
        <p> The model was updated on 21<sup>st</sup> October 2010, by Vijayalakshmi Chelliah.
<br/>The following changes were made: 1) The model has been converted to SBML l2v4.
2) The model has been recurated and the curation figure was updated (units are in nanoMolar; but the publication has units in microMolar). Simulations were done using Copasi v4.6 (Build 32).
3) Notes have been added.
4) Annotation for one of the species has been corrected (Complex M). </p>
        <br/>
        <br/>
        <p>
          <font face="Arial, Helvetica, sans-serif">
            <b>
              <a href="http://www.sbml.org/">SBML</a> level 2 code generated for the JWS Online project by Jacky Snoep using 
          
              
              <a href="http://pysces.sourceforge.net/">PySCeS</a>
              <br/>
Run this model online at 
          
              
              <a href="http://jjj.biochem.sun.ac.za/">http://jjj.biochem.sun.ac.za</a>
              <br/>
To cite JWS Online please refer to: Olivier, B.G. and Snoep, J.L. (2004) 
          
              
              <a href="http://bioinformatics.oupjournals.org/cgi/content/abstract/20/13/2143">Web-based 
modelling using JWS Online</a>, Bioinformatics, 20:2143-2144
 </b>
            </font>
          </p>
          <p>
The following are the four major differences between the original publication by Kofahl et al and the model that actually is able to replicate the results as depicted in the publication (those corrections have been made in agreement with the authors):
      
          
          <br/>
1. Bar1 is the inactive protease present inside the cell but the publication wrongly mentions that Bar1 is also the protease that is present on the extracellular surface. 
      
          
          <br/> The model correctly names the protease in it's different forms by calling inactive Bar1 within the cell as Bar1, active Bar1 within the cell as Bar1a and extracellular Bar1 as Bar1aex
      
          
          <br/>
2. The initial amount of Alpha-factor is given as 1000nM but the model uses a value of 100nM.
      
          
          <br/>
3. The value of the paramenter k8 is given as  0.33 but the model uses a value of 0.033.
      
          
          <br/>
4. The value of the paramenter k41 is given as 0.002 but the model uses a value of 0.02.
</p>
          <p>This model originates from BioModels Database: A Database of Annotated Published Models (http://www.ebi.ac.uk/biomodels/).(http://www.ebi.ac.uk/biomodels/). It is copyright (c) 2005-2010 The BioModels.net Team.<br/>
For more information see the <a href="http://www.ebi.ac.uk/biomodels/legal.html" target="_blank">terms of use</a>.<br/>
To cite BioModels Database, please use: <a href="http://www.ncbi.nlm.nih.gov/pubmed/20587024" target="_blank">Li C, Donizelli M, Rodriguez N, Dharuri H, Endler L, Chelliah V, Li L, He E, Henry A, Stefan MI, Snoep JL, Hucka M, Le Novère N, Laibe C (2010) BioModels Database: An enhanced, curated and annotated resource for published quantitative kinetic models. BMC Syst Biol., 4:92.</a>
        </p>
      </body>
    </notes>
    <annotation>
	<rdf:RDF xmlns:rdf="http://www.w3.org/1999/02/22-rdf-syntax-ns#" xmlns:dc="http://purl.org/dc/elements/1.1/" xmlns:vCard="http://www.w3.org/2001/vcard-rdf/3.0#" xmlns:dcterms="http://purl.org/dc/terms/" xmlns:bqmodel="http://biomodels.net/model-qualifiers/" xmlns:bqbiol="http://biomodels.net/biology-qualifiers/">
        <rdf:Description rdf:about="#metaid_0000090">
	<dc:creator>
	<rdf:Bag>
	<rdf:li rdf:parseType="Resource">
	<vCard:N rdf:parseType="Resource">
	<vCard:Family>Dharuri</vCard:Family>
	<vCard:Given>Harish</vCard:Given>
	</vCard:N>
	<vCard:EMAIL>Harish_Dharuri@kgi.edu</vCard:EMAIL>
	<vCard:ORG rdf:parseType="Resource">
	<vCard:Orgname>Keck Graduate Institute</vCard:Orgname>
	</vCard:ORG>
	</rdf:li>
	<rdf:li rdf:parseType="Resource">
	<vCard:N rdf:parseType="Resource">
	<vCard:Family>Snoep</vCard:Family>
	<vCard:Given>Jacky L</vCard:Given>
	</vCard:N>
	<vCard:EMAIL>jls@sun.ac.za</vCard:EMAIL>
	<vCard:ORG rdf:parseType="Resource">
	<vCard:Orgname>Stellenbosh University</vCard:Orgname>
	</vCard:ORG>
	</rdf:li>
	</rdf:Bag>
	</dc:creator>
	<dcterms:created rdf:parseType="Resource">
	<dcterms:W3CDTF>2005-06-08T14:45:16Z</dcterms:W3CDTF>
	</dcterms:created>
	<dcterms:modified rdf:parseType="Resource">
	<dcterms:W3CDTF>2016-04-08T15:19:46Z</dcterms:W3CDTF>
	</dcterms:modified>
	<bqmodel:is>
	<rdf:Bag>
	<rdf:li rdf:resource="http://identifiers.org/biomodels.db/MODEL6618819961"/>
	</rdf:Bag>
	</bqmodel:is>
	<bqmodel:is>
	<rdf:Bag>
	<rdf:li rdf:resource="http://identifiers.org/biomodels.db/BIOMD0000000032"/>
	</rdf:Bag>
	</bqmodel:is>
	<bqmodel:isDescribedBy>
	<rdf:Bag>
	<rdf:li rdf:resource="http://identifiers.org/pubmed/15300679"/>
	</rdf:Bag>
	</bqmodel:isDescribedBy>
	<bqbiol:isVersionOf>
	<rdf:Bag>
	<rdf:li rdf:resource="http://identifiers.org/go/GO:0019236"/>
	</rdf:Bag>
	</bqbiol:isVersionOf>
	<bqbiol:hasTaxon>
	<rdf:Bag>
	<rdf:li rdf:resource="http://identifiers.org/taxonomy/4932"/>
	</rdf:Bag>
	</bqbiol:hasTaxon>
	<bqbiol:hasPart>
	<rdf:Bag>
	<rdf:li rdf:resource="http://identifiers.org/go/GO:0000165"/>
	</rdf:Bag>
	</bqbiol:hasPart>
	</rdf:Description>
	
	</rdf:RDF>
	</annotation>
      <listOfUnitDefinitions>
      <unitDefinition id="substance" metaid="metaid_0000002" name="nanomole (default)">
        <listOfUnits>
          <unit kind="mole" metaid="_7b318000-4ed6-4d4a-8f63-0027e4318008" scale="-9"/>
        </listOfUnits>
      </unitDefinition>
      <unitDefinition id="time" metaid="metaid_0001002" name="minute (default)">
        <listOfUnits>
          <unit kind="second" metaid="b40873ca-ed66-4295-902f-1ac456cabe2d" multiplier="60"/>
        </listOfUnits>
      </unitDefinition>
      <unitDefinition id="nanoMolar" metaid="metaid_0000091" name="nanoMolar">
        <listOfUnits>
          <unit kind="mole" metaid="_5b08aeb8-c422-4a28-91e4-2f0aff972625" scale="-9"/>
          <unit exponent="-1" kind="litre" metaid="_8499af20-fe9a-4894-a82a-a24e53f96782"/>
        </listOfUnits>
      </unitDefinition>
      <unitDefinition id="min_inv" metaid="metaid_0000092" name="min_inv">
        <listOfUnits>
          <unit exponent="-1" kind="second" metaid="d93d4860-9f39-47d7-9139-5df00a0f8730" multiplier="60"/>
        </listOfUnits>
      </unitDefinition>
      <unitDefinition id="min_inv_nM_inv" metaid="metaid_0000093" name="min_inv_nM_inv">
        <listOfUnits>
          <unit exponent="-1" kind="mole" metaid="_885110dc-d672-4c5c-8631-fe3c5bf7cc68" scale="-9"/>
          <unit kind="litre" metaid="_8859c6a7-61c4-488b-afe6-a8c60ab2954e"/>
          <unit exponent="-1" kind="second" metaid="_8952276b-267c-433c-ac15-3866a8cdc266" multiplier="60"/>
        </listOfUnits>
      </unitDefinition>
      <unitDefinition id="nM_min_inv" metaid="metaid_0000094" name="nM_min_inv">
        <listOfUnits>
          <unit kind="mole" metaid="_8b2ad465-b34d-471c-ae72-9a8c0fd50e0a" scale="-9"/>
          <unit exponent="-1" kind="litre" metaid="_82f1cdba-6076-47fc-9506-c83532da49df"/>
          <unit exponent="-1" kind="second" metaid="_10f5a52e-a35d-42b6-baf3-6c8961099021" multiplier="60"/>
        </listOfUnits>
      </unitDefinition>
    </listOfUnitDefinitions>
    <listOfCompartments>
      <compartment id="Extracellular" metaid="metaid_0000089" size="1">
        <annotation>
	<rdf:RDF xmlns:rdf="http://www.w3.org/1999/02/22-rdf-syntax-ns#" xmlns:bqbiol="http://biomodels.net/biology-qualifiers/">
            <rdf:Description rdf:about="#metaid_0000089">
	<bqbiol:isVersionOf>
	<rdf:Bag>
	<rdf:li rdf:resource="http://identifiers.org/go/GO:0005615"/>
	</rdf:Bag>
	</bqbiol:isVersionOf>
	</rdf:Description>
	
	</rdf:RDF>
	</annotation>
            </compartment>
      <compartment id="compartment" metaid="metaid_0000004" name="cell" outside="Extracellular" size="1">
        <annotation>
	<rdf:RDF xmlns:rdf="http://www.w3.org/1999/02/22-rdf-syntax-ns#" xmlns:bqbiol="http://biomodels.net/biology-qualifiers/">
            <rdf:Description rdf:about="#metaid_0000004">
	<bqbiol:isVersionOf>
	<rdf:Bag>
	<rdf:li rdf:resource="http://identifiers.org/go/GO:0005623"/>
	</rdf:Bag>
	</bqbiol:isVersionOf>
	</rdf:Description>
	
	</rdf:RDF>
	</annotation>
            </compartment>
    </listOfCompartments>
    <listOfSpecies>
      <species compartment="Extracellular" id="alpha" initialConcentration="100" metaid="metaid_0000005" name="α-factor"/>
      <species compartment="compartment" id="Ste2" initialConcentration="1666.6666667" metaid="metaid_0000006">
        <annotation>
	<rdf:RDF xmlns:rdf="http://www.w3.org/1999/02/22-rdf-syntax-ns#" xmlns:bqbiol="http://biomodels.net/biology-qualifiers/">
            <rdf:Description rdf:about="#metaid_0000006">
	<bqbiol:is>
	<rdf:Bag>
	<rdf:li rdf:resource="http://identifiers.org/uniprot/P06842"/>
	</rdf:Bag>
	</bqbiol:is>
	</rdf:Description>
	
	</rdf:RDF>
	</annotation>
            </species>
      <species compartment="compartment" id="Ste2a" initialConcentration="0" metaid="metaid_0000007" name="Ste2active">
        <annotation>
	<rdf:RDF xmlns:rdf="http://www.w3.org/1999/02/22-rdf-syntax-ns#" xmlns:bqbiol="http://biomodels.net/biology-qualifiers/">
            <rdf:Description rdf:about="#metaid_0000007">
	<bqbiol:is>
	<rdf:Bag>
	<rdf:li rdf:resource="http://identifiers.org/uniprot/P06842"/>
	</rdf:Bag>
	</bqbiol:is>
	</rdf:Description>
	
	</rdf:RDF>
	</annotation>
            </species>
      <species compartment="compartment" id="Gabc" initialConcentration="1666.6666667" metaid="metaid_0000008" name="Gαβγ">
        <annotation>
	<rdf:RDF xmlns:rdf="http://www.w3.org/1999/02/22-rdf-syntax-ns#" xmlns:bqbiol="http://biomodels.net/biology-qualifiers/">
            <rdf:Description rdf:about="#metaid_0000008">
	<bqbiol:hasPart>
	<rdf:Bag>
	<rdf:li rdf:resource="http://identifiers.org/uniprot/P08539"/>
	<rdf:li rdf:resource="http://identifiers.org/uniprot/P18851"/>
	<rdf:li rdf:resource="http://identifiers.org/uniprot/P18852"/>
	</rdf:Bag>
	</bqbiol:hasPart>
	</rdf:Description>
	
	</rdf:RDF>
	</annotation>
            </species>
      <species compartment="compartment" id="GaGTP" initialConcentration="0" metaid="metaid_0000009" name="GαGTP">
        <annotation>
	<rdf:RDF xmlns:rdf="http://www.w3.org/1999/02/22-rdf-syntax-ns#" xmlns:bqbiol="http://biomodels.net/biology-qualifiers/">
            <rdf:Description rdf:about="#metaid_0000009">
	<bqbiol:is>
	<rdf:Bag>
	<rdf:li rdf:resource="http://identifiers.org/uniprot/P08539"/>
	</rdf:Bag>
	</bqbiol:is>
	</rdf:Description>
	
	</rdf:RDF>
	</annotation>
            </species>
      <species compartment="compartment" id="Gbc" initialConcentration="0" metaid="metaid_0000010" name="Gβγ">
        <annotation>
	<rdf:RDF xmlns:rdf="http://www.w3.org/1999/02/22-rdf-syntax-ns#" xmlns:bqbiol="http://biomodels.net/biology-qualifiers/">
            <rdf:Description rdf:about="#metaid_0000010">
              <bqbiol:hasPart>
	<rdf:Bag>
	<rdf:li rdf:resource="http://identifiers.org/uniprot/P18851"/>
	<rdf:li rdf:resource="http://identifiers.org/uniprot/P18852"/>
	</rdf:Bag>
	</bqbiol:hasPart>
	
	<bqbiol:is>
	<rdf:Bag>
	<rdf:li rdf:resource="http://identifiers.org/bind/50058"/>
	</rdf:Bag>
	</bqbiol:is>
	</rdf:Description>
	
	</rdf:RDF>
	</annotation>
            </species>
      <species compartment="compartment" id="GaGDP" initialConcentration="0" metaid="metaid_0000011" name="GαGDP">
        <annotation>
	<rdf:RDF xmlns:rdf="http://www.w3.org/1999/02/22-rdf-syntax-ns#" xmlns:bqbiol="http://biomodels.net/biology-qualifiers/">
            <rdf:Description rdf:about="#metaid_0000011">
	<bqbiol:is>
	<rdf:Bag>
	<rdf:li rdf:resource="http://identifiers.org/uniprot/P08539"/>
	</rdf:Bag>
	</bqbiol:is>
	</rdf:Description>
	
	</rdf:RDF>
	</annotation>
            </species>
      <species compartment="compartment" id="complexC" initialConcentration="235.724935791903" metaid="metaid_0000012">
        <annotation>
	<rdf:RDF xmlns:rdf="http://www.w3.org/1999/02/22-rdf-syntax-ns#" xmlns:bqbiol="http://biomodels.net/biology-qualifiers/">
            <rdf:Description rdf:about="#metaid_0000012">
              <bqbiol:hasPart>
	<rdf:Bag>
	<rdf:li rdf:resource="http://identifiers.org/uniprot/P16892"/>
	<rdf:li rdf:resource="http://identifiers.org/uniprot/P23561"/>
	<rdf:li rdf:resource="http://identifiers.org/uniprot/P06784"/>
	<rdf:li rdf:resource="http://identifiers.org/uniprot/P32917"/>
	</rdf:Bag>
	</bqbiol:hasPart>
	
	<bqbiol:is>
	<rdf:Bag>
	<rdf:li rdf:resource="http://identifiers.org/bind/133390"/>
	</rdf:Bag>
	</bqbiol:is>
	</rdf:Description>
	
	</rdf:RDF>
	</annotation>
            </species>
      <species compartment="compartment" id="complexD" initialConcentration="0" metaid="metaid_00000013">
        <annotation>
	<rdf:RDF xmlns:rdf="http://www.w3.org/1999/02/22-rdf-syntax-ns#" xmlns:bqbiol="http://biomodels.net/biology-qualifiers/">
            <rdf:Description rdf:about="#metaid_00000013">
	<bqbiol:hasPart>
	<rdf:Bag>
	<rdf:li rdf:resource="http://identifiers.org/uniprot/P23561"/>
	<rdf:li rdf:resource="http://identifiers.org/uniprot/P18851"/>
	<rdf:li rdf:resource="http://identifiers.org/uniprot/P32917"/>
	<rdf:li rdf:resource="http://identifiers.org/uniprot/P06784"/>
	<rdf:li rdf:resource="http://identifiers.org/uniprot/P08539"/>
	<rdf:li rdf:resource="http://identifiers.org/uniprot/P16892"/>
	<rdf:li rdf:resource="http://identifiers.org/uniprot/P18852"/>
	</rdf:Bag>
	</bqbiol:hasPart>
	</rdf:Description>
	
	</rdf:RDF>
	</annotation>
            </species>
      <species compartment="compartment" id="Ste5" initialConcentration="158.33176608789" metaid="metaid_0000014">
        <annotation>
	<rdf:RDF xmlns:rdf="http://www.w3.org/1999/02/22-rdf-syntax-ns#" xmlns:bqbiol="http://biomodels.net/biology-qualifiers/">
            <rdf:Description rdf:about="#metaid_0000014">
	<bqbiol:is>
	<rdf:Bag>
	<rdf:li rdf:resource="http://identifiers.org/uniprot/P32917"/>
	</rdf:Bag>
	</bqbiol:is>
	</rdf:Description>
	
	</rdf:RDF>
	</annotation>
            </species>
      <species compartment="compartment" id="Ste11" initialConcentration="158.33176608789" metaid="metaid_0000015">
        <annotation>
	<rdf:RDF xmlns:rdf="http://www.w3.org/1999/02/22-rdf-syntax-ns#" xmlns:bqbiol="http://biomodels.net/biology-qualifiers/">
            <rdf:Description rdf:about="#metaid_0000015">
	<bqbiol:is>
	<rdf:Bag>
	<rdf:li rdf:resource="http://identifiers.org/uniprot/P23561"/>
	</rdf:Bag>
	</bqbiol:is>
	</rdf:Description>
	
	</rdf:RDF>
	</annotation>
            </species>
      <species compartment="compartment" id="complexA" initialConcentration="105.943298120207" metaid="metaid_0000016">
        <annotation>
	<rdf:RDF xmlns:rdf="http://www.w3.org/1999/02/22-rdf-syntax-ns#" xmlns:bqbiol="http://biomodels.net/biology-qualifiers/">
            <rdf:Description rdf:about="#metaid_0000016">
	<bqbiol:hasPart>
	<rdf:Bag>
	<rdf:li rdf:resource="http://identifiers.org/uniprot/P32917"/>
	<rdf:li rdf:resource="http://identifiers.org/uniprot/P23561"/>
	</rdf:Bag>
	</bqbiol:hasPart>
	</rdf:Description>
	
	</rdf:RDF>
	</annotation>
            </species>
      <species compartment="compartment" id="Ste7" initialConcentration="36.3997016405141" metaid="metaid_0000017">
        <annotation>
	<rdf:RDF xmlns:rdf="http://www.w3.org/1999/02/22-rdf-syntax-ns#" xmlns:bqbiol="http://biomodels.net/biology-qualifiers/">
            <rdf:Description rdf:about="#metaid_0000017">
	<bqbiol:is>
	<rdf:Bag>
	<rdf:li rdf:resource="http://identifiers.org/uniprot/P06784"/>
	</rdf:Bag>
	</bqbiol:is>
	</rdf:Description>
	
	</rdf:RDF>
	</annotation>
            </species>
      <species compartment="compartment" id="Fus3" initialConcentration="686.399701640513" metaid="metaid_0000018">
        <annotation>
	<rdf:RDF xmlns:rdf="http://www.w3.org/1999/02/22-rdf-syntax-ns#" xmlns:bqbiol="http://biomodels.net/biology-qualifiers/">
            <rdf:Description rdf:about="#metaid_0000018">
	<bqbiol:is>
	<rdf:Bag>
	<rdf:li rdf:resource="http://identifiers.org/uniprot/P16892"/>
	</rdf:Bag>
	</bqbiol:is>
	</rdf:Description>
	
	</rdf:RDF>
	</annotation>
            </species>
      <species compartment="compartment" id="complexB" initialConcentration="77.8753625675829" metaid="metaid_0000019">
        <annotation>
	<rdf:RDF xmlns:rdf="http://www.w3.org/1999/02/22-rdf-syntax-ns#" xmlns:bqbiol="http://biomodels.net/biology-qualifiers/">
            <rdf:Description rdf:about="#metaid_0000019">
              <bqbiol:hasPart>
	<rdf:Bag>
	<rdf:li rdf:resource="http://identifiers.org/uniprot/P06784"/>
	<rdf:li rdf:resource="http://identifiers.org/uniprot/P16892"/>
	</rdf:Bag>
	</bqbiol:hasPart>
	
	<bqbiol:is>
	<rdf:Bag>
	<rdf:li rdf:resource="http://identifiers.org/bind/130661"/>
	</rdf:Bag>
	</bqbiol:is>
	</rdf:Description>
	
	</rdf:RDF>
	</annotation>
            </species>
      <species compartment="compartment" id="Ste20" initialConcentration="1000" metaid="metaid_0000020">
        <annotation>
	<rdf:RDF xmlns:rdf="http://www.w3.org/1999/02/22-rdf-syntax-ns#" xmlns:bqbiol="http://biomodels.net/biology-qualifiers/">
            <rdf:Description rdf:about="#metaid_0000020">
	<bqbiol:is>
	<rdf:Bag>
	<rdf:li rdf:resource="http://identifiers.org/uniprot/Q03497"/>
	</rdf:Bag>
	</bqbiol:is>
	</rdf:Description>
	
	</rdf:RDF>
	</annotation>
            </species>
      <species compartment="compartment" id="complexE" initialConcentration="0" metaid="metaid_0000021">
        <annotation>
	<rdf:RDF xmlns:rdf="http://www.w3.org/1999/02/22-rdf-syntax-ns#" xmlns:bqbiol="http://biomodels.net/biology-qualifiers/">
            <rdf:Description rdf:about="#metaid_0000021">
	<bqbiol:hasPart>
	<rdf:Bag>
	<rdf:li rdf:resource="http://identifiers.org/uniprot/P18852"/>
	<rdf:li rdf:resource="http://identifiers.org/uniprot/P18851"/>
	<rdf:li rdf:resource="http://identifiers.org/uniprot/P08539"/>
	<rdf:li rdf:resource="http://identifiers.org/uniprot/P16892"/>
	<rdf:li rdf:resource="http://identifiers.org/uniprot/P06784"/>
	<rdf:li rdf:resource="http://identifiers.org/uniprot/Q03497"/>
	<rdf:li rdf:resource="http://identifiers.org/uniprot/P23561"/>
	<rdf:li rdf:resource="http://identifiers.org/uniprot/P32917"/>
	</rdf:Bag>
	</bqbiol:hasPart>
	</rdf:Description>
	
	</rdf:RDF>
	</annotation>
            </species>
      <species compartment="compartment" id="complexF" initialConcentration="0" metaid="metaid_0000022">
        <annotation>
	<rdf:RDF xmlns:rdf="http://www.w3.org/1999/02/22-rdf-syntax-ns#" xmlns:bqbiol="http://biomodels.net/biology-qualifiers/">
            <rdf:Description rdf:about="#metaid_0000022">
	<bqbiol:hasPart>
	<rdf:Bag>
	<rdf:li rdf:resource="http://identifiers.org/uniprot/P18851"/>
	<rdf:li rdf:resource="http://identifiers.org/uniprot/P18852"/>
	<rdf:li rdf:resource="http://identifiers.org/uniprot/P08539"/>
	<rdf:li rdf:resource="http://identifiers.org/uniprot/P16892"/>
	<rdf:li rdf:resource="http://identifiers.org/uniprot/Q03497"/>
	<rdf:li rdf:resource="http://identifiers.org/uniprot/P06784"/>
	<rdf:li rdf:resource="http://identifiers.org/uniprot/P32917"/>
	<rdf:li rdf:resource="http://identifiers.org/uniprot/P23561"/>
	</rdf:Bag>
	</bqbiol:hasPart>
	</rdf:Description>
	
	</rdf:RDF>
	</annotation>
            </species>
      <species compartment="compartment" id="complexG" initialConcentration="0" metaid="metaid_0000023">
        <annotation>
	<rdf:RDF xmlns:rdf="http://www.w3.org/1999/02/22-rdf-syntax-ns#" xmlns:bqbiol="http://biomodels.net/biology-qualifiers/">
            <rdf:Description rdf:about="#metaid_0000023">
	<bqbiol:hasPart>
	<rdf:Bag>
	<rdf:li rdf:resource="http://identifiers.org/uniprot/P18852"/>
	<rdf:li rdf:resource="http://identifiers.org/uniprot/P18851"/>
	<rdf:li rdf:resource="http://identifiers.org/uniprot/P08539"/>
	<rdf:li rdf:resource="http://identifiers.org/uniprot/P16892"/>
	<rdf:li rdf:resource="http://identifiers.org/uniprot/P06784"/>
	<rdf:li rdf:resource="http://identifiers.org/uniprot/P23561"/>
	<rdf:li rdf:resource="http://identifiers.org/uniprot/Q03497"/>
	<rdf:li rdf:resource="http://identifiers.org/uniprot/P32917"/>
	</rdf:Bag>
	</bqbiol:hasPart>
	</rdf:Description>
	
	</rdf:RDF>
	</annotation>
            </species>
      <species compartment="compartment" id="complexH" initialConcentration="0" metaid="metaid_0000024">
        <annotation>
	<rdf:RDF xmlns:rdf="http://www.w3.org/1999/02/22-rdf-syntax-ns#" xmlns:bqbiol="http://biomodels.net/biology-qualifiers/">
            <rdf:Description rdf:about="#metaid_0000024">
	<bqbiol:hasPart>
	<rdf:Bag>
	<rdf:li rdf:resource="http://identifiers.org/uniprot/P18852"/>
	<rdf:li rdf:resource="http://identifiers.org/uniprot/P18851"/>
	<rdf:li rdf:resource="http://identifiers.org/uniprot/P16892"/>
	<rdf:li rdf:resource="http://identifiers.org/uniprot/P08539"/>
	<rdf:li rdf:resource="http://identifiers.org/uniprot/P06784"/>
	<rdf:li rdf:resource="http://identifiers.org/uniprot/P23561"/>
	<rdf:li rdf:resource="http://identifiers.org/uniprot/Q03497"/>
	<rdf:li rdf:resource="http://identifiers.org/uniprot/P32917"/>
	</rdf:Bag>
	</bqbiol:hasPart>
	</rdf:Description>
	
	</rdf:RDF>
	</annotation>
            </species>
      <species compartment="compartment" id="complexI" initialConcentration="0" metaid="metaid_0000025">
        <annotation>
	<rdf:RDF xmlns:rdf="http://www.w3.org/1999/02/22-rdf-syntax-ns#" xmlns:bqbiol="http://biomodels.net/biology-qualifiers/">
            <rdf:Description rdf:about="#metaid_0000025">
	<bqbiol:hasPart>
	<rdf:Bag>
	<rdf:li rdf:resource="http://identifiers.org/uniprot/P18852"/>
	<rdf:li rdf:resource="http://identifiers.org/uniprot/P18851"/>
	<rdf:li rdf:resource="http://identifiers.org/uniprot/P08539"/>
	<rdf:li rdf:resource="http://identifiers.org/uniprot/P06784"/>
	<rdf:li rdf:resource="http://identifiers.org/uniprot/P16892"/>
	<rdf:li rdf:resource="http://identifiers.org/uniprot/Q03497"/>
	<rdf:li rdf:resource="http://identifiers.org/uniprot/P23561"/>
	<rdf:li rdf:resource="http://identifiers.org/uniprot/P32917"/>
	</rdf:Bag>
	</bqbiol:hasPart>
	</rdf:Description>
	
	</rdf:RDF>
	</annotation>
            </species>
      <species compartment="compartment" id="complexL" initialConcentration="0" metaid="metaid_0000026">
        <annotation>
	<rdf:RDF xmlns:rdf="http://www.w3.org/1999/02/22-rdf-syntax-ns#" xmlns:bqbiol="http://biomodels.net/biology-qualifiers/">
            <rdf:Description rdf:about="#metaid_0000026">
	<bqbiol:hasPart>
	<rdf:Bag>
	<rdf:li rdf:resource="http://identifiers.org/uniprot/P18852"/>
	<rdf:li rdf:resource="http://identifiers.org/uniprot/P18851"/>
	<rdf:li rdf:resource="http://identifiers.org/uniprot/P08539"/>
	<rdf:li rdf:resource="http://identifiers.org/uniprot/P06784"/>
	<rdf:li rdf:resource="http://identifiers.org/uniprot/Q03497"/>
	<rdf:li rdf:resource="http://identifiers.org/uniprot/P23561"/>
	<rdf:li rdf:resource="http://identifiers.org/uniprot/P32917"/>
	</rdf:Bag>
	</bqbiol:hasPart>
	</rdf:Description>
	
	</rdf:RDF>
	</annotation>
            </species>
      <species compartment="compartment" id="Fus3PP" initialConcentration="0" metaid="metaid_0000027">
        <annotation>
	<rdf:RDF xmlns:rdf="http://www.w3.org/1999/02/22-rdf-syntax-ns#" xmlns:bqbiol="http://biomodels.net/biology-qualifiers/">
            <rdf:Description rdf:about="#metaid_0000027">
	<bqbiol:is>
	<rdf:Bag>
	<rdf:li rdf:resource="http://identifiers.org/uniprot/P16892"/>
	</rdf:Bag>
	</bqbiol:is>
	</rdf:Description>
	
	</rdf:RDF>
	</annotation>
            </species>
      <species compartment="compartment" id="complexK" initialConcentration="0" metaid="metaid_0000028">
        <annotation>
	<rdf:RDF xmlns:rdf="http://www.w3.org/1999/02/22-rdf-syntax-ns#" xmlns:bqbiol="http://biomodels.net/biology-qualifiers/">
            <rdf:Description rdf:about="#metaid_0000028">
	<bqbiol:hasPart>
	<rdf:Bag>
	<rdf:li rdf:resource="http://identifiers.org/uniprot/P18852"/>
	<rdf:li rdf:resource="http://identifiers.org/uniprot/P18851"/>
	<rdf:li rdf:resource="http://identifiers.org/uniprot/P08539"/>
	<rdf:li rdf:resource="http://identifiers.org/uniprot/P16892"/>
	<rdf:li rdf:resource="http://identifiers.org/uniprot/P06784"/>
	<rdf:li rdf:resource="http://identifiers.org/uniprot/Q03497"/>
	<rdf:li rdf:resource="http://identifiers.org/uniprot/P23561"/>
	<rdf:li rdf:resource="http://identifiers.org/uniprot/P32917"/>
	</rdf:Bag>
	</bqbiol:hasPart>
	</rdf:Description>
	
	</rdf:RDF>
	</annotation>
            </species>
      <species compartment="compartment" id="Ste12" initialConcentration="200" metaid="metaid_0000029">
        <annotation>
	<rdf:RDF xmlns:rdf="http://www.w3.org/1999/02/22-rdf-syntax-ns#" xmlns:bqbiol="http://biomodels.net/biology-qualifiers/">
            <rdf:Description rdf:about="#metaid_0000029">
	<bqbiol:is>
	<rdf:Bag>
	<rdf:li rdf:resource="http://identifiers.org/uniprot/P13574"/>
	</rdf:Bag>
	</bqbiol:is>
	</rdf:Description>
	
	</rdf:RDF>
	</annotation>
            </species>
      <species compartment="compartment" id="Ste12a" initialConcentration="0" metaid="metaid_0000030" name="Ste12active">
        <annotation>
	<rdf:RDF xmlns:rdf="http://www.w3.org/1999/02/22-rdf-syntax-ns#" xmlns:bqbiol="http://biomodels.net/biology-qualifiers/">
            <rdf:Description rdf:about="#metaid_0000030">
	<bqbiol:is>
	<rdf:Bag>
	<rdf:li rdf:resource="http://identifiers.org/uniprot/P13574"/>
	</rdf:Bag>
	</bqbiol:is>
	</rdf:Description>
	
	</rdf:RDF>
	</annotation>
            </species>
      <species compartment="compartment" id="Bar1" initialConcentration="200" metaid="metaid_0000031">
        <annotation>
	<rdf:RDF xmlns:rdf="http://www.w3.org/1999/02/22-rdf-syntax-ns#" xmlns:bqbiol="http://biomodels.net/biology-qualifiers/">
            <rdf:Description rdf:about="#metaid_0000031">
	<bqbiol:is>
	<rdf:Bag>
	<rdf:li rdf:resource="http://identifiers.org/uniprot/P12630"/>
	</rdf:Bag>
	</bqbiol:is>
	</rdf:Description>
	
	</rdf:RDF>
	</annotation>
            </species>
      <species compartment="compartment" id="Bar1a" initialConcentration="0" metaid="metaid_0000032" name="Bar1active">
        <annotation>
	<rdf:RDF xmlns:rdf="http://www.w3.org/1999/02/22-rdf-syntax-ns#" xmlns:bqbiol="http://biomodels.net/biology-qualifiers/">
            <rdf:Description rdf:about="#metaid_0000032">
	<bqbiol:is>
	<rdf:Bag>
	<rdf:li rdf:resource="http://identifiers.org/uniprot/P12630"/>
	</rdf:Bag>
	</bqbiol:is>
	</rdf:Description>
	
	</rdf:RDF>
	</annotation>
            </species>
      <species compartment="Extracellular" id="Bar1aex" initialConcentration="0" metaid="metaid_0000033" name="Bar1activeEx">
        <annotation>
	<rdf:RDF xmlns:rdf="http://www.w3.org/1999/02/22-rdf-syntax-ns#" xmlns:bqbiol="http://biomodels.net/biology-qualifiers/">
            <rdf:Description rdf:about="#metaid_0000033">
	<bqbiol:is>
	<rdf:Bag>
	<rdf:li rdf:resource="http://identifiers.org/uniprot/P12630"/>
	</rdf:Bag>
	</bqbiol:is>
	</rdf:Description>
	
	</rdf:RDF>
	</annotation>
            </species>
      <species compartment="compartment" id="Far1" initialConcentration="500" metaid="metaid_0000034">
        <annotation>
	<rdf:RDF xmlns:rdf="http://www.w3.org/1999/02/22-rdf-syntax-ns#" xmlns:bqbiol="http://biomodels.net/biology-qualifiers/">
            <rdf:Description rdf:about="#metaid_0000034">
	<bqbiol:is>
	<rdf:Bag>
	<rdf:li rdf:resource="http://identifiers.org/uniprot/P21268"/>
	</rdf:Bag>
	</bqbiol:is>
	</rdf:Description>
	
	</rdf:RDF>
	</annotation>
            </species>
      <species compartment="compartment" id="Far1PP" initialConcentration="0" metaid="metaid_0000035">
        <annotation>
	<rdf:RDF xmlns:rdf="http://www.w3.org/1999/02/22-rdf-syntax-ns#" xmlns:bqbiol="http://biomodels.net/biology-qualifiers/">
            <rdf:Description rdf:about="#metaid_0000035">
	<bqbiol:is>
	<rdf:Bag>
	<rdf:li rdf:resource="http://identifiers.org/uniprot/P21268"/>
	</rdf:Bag>
	</bqbiol:is>
	</rdf:Description>
	
	</rdf:RDF>
	</annotation>
            </species>
      <species compartment="compartment" id="Far1U" initialConcentration="0" metaid="metaid_0000036" name="Far1ubiquitin">
        <annotation>
	<rdf:RDF xmlns:rdf="http://www.w3.org/1999/02/22-rdf-syntax-ns#" xmlns:bqbiol="http://biomodels.net/biology-qualifiers/">
            <rdf:Description rdf:about="#metaid_0000036">
	<bqbiol:is>
	<rdf:Bag>
	<rdf:li rdf:resource="http://identifiers.org/uniprot/P21268"/>
	</rdf:Bag>
	</bqbiol:is>
	</rdf:Description>
	
	</rdf:RDF>
	</annotation>
            </species>
      <species compartment="compartment" id="complexM" initialConcentration="0" metaid="metaid_0000037">
        <annotation>
	<rdf:RDF xmlns:rdf="http://www.w3.org/1999/02/22-rdf-syntax-ns#" xmlns:bqbiol="http://biomodels.net/biology-qualifiers/">
            <rdf:Description rdf:about="#metaid_0000037">
	<bqbiol:hasPart>
	<rdf:Bag>
	<rdf:li rdf:resource="http://identifiers.org/uniprot/P21268"/>
	<rdf:li rdf:resource="http://identifiers.org/uniprot/P18851"/>
	<rdf:li rdf:resource="http://identifiers.org/uniprot/P18852"/>
	</rdf:Bag>
	</bqbiol:hasPart>
	</rdf:Description>
	
	</rdf:RDF>
	</annotation>
            </species>
      <species compartment="compartment" id="complexN" initialConcentration="0" metaid="metaid_0000038">
        <annotation>
	<rdf:RDF xmlns:rdf="http://www.w3.org/1999/02/22-rdf-syntax-ns#" xmlns:bqbiol="http://biomodels.net/biology-qualifiers/">
            <rdf:Description rdf:about="#metaid_0000038">
	<bqbiol:hasPart>
	<rdf:Bag>
	<rdf:li rdf:resource="http://identifiers.org/uniprot/P21268"/>
	<rdf:li rdf:resource="http://identifiers.org/uniprot/P00546"/>
	</rdf:Bag>
	</bqbiol:hasPart>
	</rdf:Description>
	
	</rdf:RDF>
	</annotation>
            </species>
      <species compartment="compartment" id="Cdc28" initialConcentration="300" metaid="metaid_0000039">
        <annotation>
	<rdf:RDF xmlns:rdf="http://www.w3.org/1999/02/22-rdf-syntax-ns#" xmlns:bqbiol="http://biomodels.net/biology-qualifiers/">
            <rdf:Description rdf:about="#metaid_0000039">
	<bqbiol:is>
	<rdf:Bag>
	<rdf:li rdf:resource="http://identifiers.org/uniprot/P00546"/>
	</rdf:Bag>
	</bqbiol:is>
	</rdf:Description>
	
	</rdf:RDF>
	</annotation>
            </species>
      <species compartment="compartment" id="Sst2" initialConcentration="0" metaid="metaid_0000040">
        <annotation>
	<rdf:RDF xmlns:rdf="http://www.w3.org/1999/02/22-rdf-syntax-ns#" xmlns:bqbiol="http://biomodels.net/biology-qualifiers/">
            <rdf:Description rdf:about="#metaid_0000040">
	<bqbiol:is>
	<rdf:Bag>
	<rdf:li rdf:resource="http://identifiers.org/uniprot/P11972"/>
	</rdf:Bag>
	</bqbiol:is>
	</rdf:Description>
	
	</rdf:RDF>
	</annotation>
            </species>
      <species boundaryCondition="true" compartment="compartment" id="p" initialConcentration="0" metaid="metaid_0000041"/>
    </listOfSpecies>
    <listOfReactions>
      <reaction id="v1" metaid="metaid_0000042" name="alpha degradation">
        <annotation>
	<rdf:RDF xmlns:rdf="http://www.w3.org/1999/02/22-rdf-syntax-ns#" xmlns:bqbiol="http://biomodels.net/biology-qualifiers/">
            <rdf:Description rdf:about="#metaid_0000042">
	<bqbiol:isVersionOf>
	<rdf:Bag>
	<rdf:li rdf:resource="http://identifiers.org/go/GO:0030163"/>
	</rdf:Bag>
	</bqbiol:isVersionOf>
	</rdf:Description>
	
	</rdf:RDF>
	</annotation>
              <listOfReactants>
          <speciesReference metaid="_80716e87-ce62-4c62-9cea-cad4fe4f9af4" species="alpha"/>
        </listOfReactants>
        <listOfModifiers>
          <modifierSpeciesReference metaid="_13fb6e64-468a-484c-bf27-ba0a090a628c" species="Bar1aex"/>
        </listOfModifiers>
        <kineticLaw metaid="b7243983-fa84-487e-8f64-b6109578863c">
          <math xmlns="http://www.w3.org/1998/Math/MathML">          
            <apply>
              <times/>
              <ci> Extracellular </ci>
              <ci> alpha </ci>
              <ci> Bar1aex </ci>
              <ci> k1 </ci>
            </apply>
          </math>
                  <listOfParameters>
            <parameter id="k1" metaid="_604098" units="min_inv_nM_inv" value="0.03"/>
          </listOfParameters>
        </kineticLaw>
      </reaction>
      <reaction id="v2" metaid="metaid_0000043">
        <annotation>
	<rdf:RDF xmlns:rdf="http://www.w3.org/1999/02/22-rdf-syntax-ns#" xmlns:bqbiol="http://biomodels.net/biology-qualifiers/">
            <rdf:Description rdf:about="#metaid_0000043">
              <bqbiol:is>
	<rdf:Bag>
	<rdf:li rdf:resource="http://identifiers.org/intact/EBI-904275"/>
	</rdf:Bag>
	</bqbiol:is>
	
	<bqbiol:isVersionOf>
	<rdf:Bag>
	<rdf:li rdf:resource="http://identifiers.org/go/GO:0004934"/>
	</rdf:Bag>
	</bqbiol:isVersionOf>
	</rdf:Description>
	
	</rdf:RDF>
	</annotation>
              <listOfReactants>
          <speciesReference metaid="a0c6628e-92c6-4701-b5c3-b9c651464879" species="Ste2"/>
        </listOfReactants>
        <listOfProducts>
          <speciesReference metaid="b3fadf1b-e213-4c98-b9a5-d08d3b481d6f" species="Ste2a"/>
        </listOfProducts>
        <listOfModifiers>
          <modifierSpeciesReference metaid="_5373c272-9735-4ade-bda5-05164d05edc3" species="alpha"/>
        </listOfModifiers>
        <kineticLaw metaid="_64650010-e9b5-442c-aad5-6c0bf95826ae">
          <math xmlns="http://www.w3.org/1998/Math/MathML">          
            <apply>
              <times/>
              <ci> compartment </ci>
              <ci> Ste2 </ci>
              <ci> alpha </ci>
              <ci> k2 </ci>
            </apply>
          </math>
                  <listOfParameters>
            <parameter id="k2" metaid="_604099" units="min_inv_nM_inv" value="0.0012"/>
          </listOfParameters>
        </kineticLaw>
      </reaction>
      <reaction id="v3" metaid="metaid_0000044">
        <annotation>
	<rdf:RDF xmlns:rdf="http://www.w3.org/1999/02/22-rdf-syntax-ns#" xmlns:bqbiol="http://biomodels.net/biology-qualifiers/">
            <rdf:Description rdf:about="#metaid_0000044">
	<bqbiol:is>
	<rdf:Bag>
	<rdf:li rdf:resource="http://identifiers.org/intact/EBI-904275"/>
	</rdf:Bag>
	</bqbiol:is>
	</rdf:Description>
	
	</rdf:RDF>
	</annotation>
              <listOfReactants>
          <speciesReference metaid="_728eccbd-5517-4961-a6a5-a6783a7b6a56" species="Ste2a"/>
        </listOfReactants>
        <listOfProducts>
          <speciesReference metaid="_58eac74e-031d-4004-bc24-50d463c12369" species="Ste2"/>
        </listOfProducts>
        <kineticLaw metaid="_1e207067-a44b-431b-92f2-28d4d56e9d8a">
          <math xmlns="http://www.w3.org/1998/Math/MathML">          
            <apply>
              <times/>
              <ci> compartment </ci>
              <ci> Ste2a </ci>
              <ci> k3 </ci>
            </apply>
          </math>
                  <listOfParameters>
            <parameter id="k3" metaid="_604101" units="min_inv" value="0.6"/>
          </listOfParameters>
        </kineticLaw>
      </reaction>
      <reaction id="v4" metaid="metaid_0000045">
        <annotation>
	<rdf:RDF xmlns:rdf="http://www.w3.org/1999/02/22-rdf-syntax-ns#" xmlns:bqbiol="http://biomodels.net/biology-qualifiers/">
            <rdf:Description rdf:about="#metaid_0000045">
	<bqbiol:isVersionOf>
	<rdf:Bag>
	<rdf:li rdf:resource="http://identifiers.org/go/GO:0030163"/>
	</rdf:Bag>
	</bqbiol:isVersionOf>
	</rdf:Description>
	
	</rdf:RDF>
	</annotation>
              <listOfReactants>
          <speciesReference metaid="_064a01b4-007f-4533-9708-f96b492d8254" species="Ste2a"/>
        </listOfReactants>
        <listOfProducts>
          <speciesReference metaid="cb87c365-9b43-4eda-b551-50f3951cba13" species="p"/>
        </listOfProducts>
        <kineticLaw metaid="b4f5fc1d-b128-4ade-86c8-e22d2d44629a">
          <math xmlns="http://www.w3.org/1998/Math/MathML">          
            <apply>
              <times/>
              <ci> compartment </ci>
              <ci> Ste2a </ci>
              <ci> k4 </ci>
            </apply>
          </math>
                  <listOfParameters>
            <parameter id="k4" metaid="_604102" units="min_inv" value="0.24"/>
          </listOfParameters>
        </kineticLaw>
      </reaction>
      <reaction id="v5" metaid="metaid_0000046">
        <annotation>
	<rdf:RDF xmlns:rdf="http://www.w3.org/1999/02/22-rdf-syntax-ns#" xmlns:bqbiol="http://biomodels.net/biology-qualifiers/">
            <rdf:Description rdf:about="#metaid_0000046">
	<bqbiol:isVersionOf>
	<rdf:Bag>
	<rdf:li rdf:resource="http://identifiers.org/go/GO:0030163"/>
	</rdf:Bag>
	</bqbiol:isVersionOf>
	</rdf:Description>
	
	</rdf:RDF>
	</annotation>
              <listOfReactants>
          <speciesReference metaid="_16190ce7-f6a2-4ef5-a970-01f40bbed1d1" species="Ste2"/>
        </listOfReactants>
        <kineticLaw metaid="f6c18871-7a0d-4ebd-88d4-44a8e2a9a1e0">
          <math xmlns="http://www.w3.org/1998/Math/MathML">          
            <apply>
              <times/>
              <ci> compartment </ci>
              <ci> Ste2 </ci>
              <ci> k5 </ci>
            </apply>
          </math>
                  <listOfParameters>
            <parameter id="k5" metaid="_604103" units="min_inv" value="0.024"/>
          </listOfParameters>
        </kineticLaw>
      </reaction>
      <reaction id="v6" metaid="metaid_0000047">
        <annotation>
	<rdf:RDF xmlns:rdf="http://www.w3.org/1999/02/22-rdf-syntax-ns#" xmlns:bqbiol="http://biomodels.net/biology-qualifiers/">
            <rdf:Description rdf:about="#metaid_0000047">
              <bqbiol:hasVersion>
	<rdf:Bag>
	<rdf:li rdf:resource="http://identifiers.org/intact/EBI-380703"/>
	<rdf:li rdf:resource="http://identifiers.org/intact/EBI-48387"/>
	<rdf:li rdf:resource="http://identifiers.org/intact/EBI-877237"/>
	</rdf:Bag>
	</bqbiol:hasVersion>
	
	<bqbiol:isVersionOf>
	<rdf:Bag>
	<rdf:li rdf:resource="http://identifiers.org/go/GO:0004930"/>
	</rdf:Bag>
	</bqbiol:isVersionOf>
	</rdf:Description>
	
	</rdf:RDF>
	</annotation>
              <listOfReactants>
          <speciesReference metaid="_9aeade6c-73d1-4593-acc7-73fa8512e754" species="Gabc"/>
        </listOfReactants>
        <listOfProducts>
          <speciesReference metaid="_22c1ec9a-27c3-4be4-9418-8b906ac20209" species="GaGTP"/>
          <speciesReference metaid="a1395507-3004-459c-92d5-200d8c3ea9a4" species="Gbc"/>
        </listOfProducts>
        <listOfModifiers>
          <modifierSpeciesReference metaid="_0142d073-f3bf-4a33-a4be-49a715bb0c24" species="Ste2a"/>
        </listOfModifiers>
        <kineticLaw metaid="_6c2becf5-ca10-4c12-9106-a5b0afc0e3bc">
          <math xmlns="http://www.w3.org/1998/Math/MathML">          
            <apply>
              <times/>
              <ci> compartment </ci>
              <ci> Ste2a </ci>
              <ci> Gabc </ci>
              <ci> k6 </ci>
            </apply>
          </math>
                  <listOfParameters>
            <parameter id="k6" metaid="_604104" units="min_inv_nM_inv" value="0.0036"/>
          </listOfParameters>
        </kineticLaw>
      </reaction>
      <reaction id="v7" metaid="metaid_0000048">
        <annotation>
	<rdf:RDF xmlns:rdf="http://www.w3.org/1999/02/22-rdf-syntax-ns#" xmlns:bqbiol="http://biomodels.net/biology-qualifiers/">
            <rdf:Description rdf:about="#metaid_0000048">
	<bqbiol:isVersionOf>
	<rdf:Bag>
	<rdf:li rdf:resource="http://identifiers.org/go/GO:0003924"/>
	</rdf:Bag>
	</bqbiol:isVersionOf>
	</rdf:Description>
	
	</rdf:RDF>
	</annotation>
              <listOfReactants>
          <speciesReference metaid="d65a1d0f-cf99-44c9-9cca-ccf421e45f4c" species="GaGTP"/>
        </listOfReactants>
        <listOfProducts>
          <speciesReference metaid="_9c0fd99d-7bb9-4cc1-a1f8-c98a239e3b72" species="GaGDP"/>
        </listOfProducts>
        <kineticLaw metaid="d08eac0a-d2b1-418f-ae72-f759458ab964">
          <math xmlns="http://www.w3.org/1998/Math/MathML">          
            <apply>
              <times/>
              <ci> compartment </ci>
              <ci> GaGTP </ci>
              <ci> k7 </ci>
            </apply>
          </math>
                  <listOfParameters>
            <parameter id="k7" metaid="_604106" units="min_inv" value="0.24"/>
          </listOfParameters>
        </kineticLaw>
      </reaction>
      <reaction id="v8" metaid="metaid_0000049">
        <annotation>
	<rdf:RDF xmlns:rdf="http://www.w3.org/1999/02/22-rdf-syntax-ns#" xmlns:bqbiol="http://biomodels.net/biology-qualifiers/">
            <rdf:Description rdf:about="#metaid_0000049">
              <bqbiol:isVersionOf>
	<rdf:Bag>
	<rdf:li rdf:resource="http://identifiers.org/go/GO:0005096"/>
	</rdf:Bag>
	</bqbiol:isVersionOf>
	
	<bqbiol:is>
	<rdf:Bag>
	<rdf:li rdf:resource="http://identifiers.org/intact/EBI-904406"/>
	</rdf:Bag>
	</bqbiol:is>
	</rdf:Description>
	
	</rdf:RDF>
	</annotation>
              <listOfReactants>
          <speciesReference metaid="_6d41d365-0f4c-4615-b0dc-921321c03044" species="GaGTP"/>
        </listOfReactants>
        <listOfProducts>
          <speciesReference metaid="_2ef0f858-48f8-4199-8223-2f338242ddd9" species="GaGDP"/>
        </listOfProducts>
        <listOfModifiers>
          <modifierSpeciesReference metaid="_9fd2585f-9b5a-445a-b2c6-4b3e610bfd18" species="Sst2"/>
        </listOfModifiers>
        <kineticLaw metaid="_91cc5d21-7f48-44c7-9d6f-97473d918bc6">
          <math xmlns="http://www.w3.org/1998/Math/MathML">          
            <apply>
              <times/>
              <ci> compartment </ci>
              <ci> GaGTP </ci>
              <ci> Sst2 </ci>
              <ci> k8 </ci>
            </apply>
          </math>
                  <listOfParameters>
            <parameter id="k8" metaid="_604107" units="min_inv_nM_inv" value="0.033"/>
          </listOfParameters>
        </kineticLaw>
      </reaction>
      <reaction id="v9" metaid="metaid_0000050">
        <annotation>
	<rdf:RDF xmlns:rdf="http://www.w3.org/1999/02/22-rdf-syntax-ns#" xmlns:bqbiol="http://biomodels.net/biology-qualifiers/">
            <rdf:Description rdf:about="#metaid_0000050">
	<bqbiol:hasVersion>
	<rdf:Bag>
	<rdf:li rdf:resource="http://identifiers.org/intact/EBI-877243"/>
	<rdf:li rdf:resource="http://identifiers.org/intact/EBI-380703"/>
	</rdf:Bag>
	</bqbiol:hasVersion>
	</rdf:Description>
	
	</rdf:RDF>
	</annotation>
              <listOfReactants>
          <speciesReference metaid="_344b83a7-355f-4902-925d-5ddbf764fec8" species="GaGDP"/>
          <speciesReference metaid="_870a7075-3e4a-49be-9f30-4947ba8f542f" species="Gbc"/>
        </listOfReactants>
        <listOfProducts>
          <speciesReference metaid="fc8e3636-33a8-4c21-8cc8-5c7c7fbdffcb" species="Gabc"/>
        </listOfProducts>
        <kineticLaw metaid="cb31b227-1b48-4fb1-9f46-9f19faba6460">
          <math xmlns="http://www.w3.org/1998/Math/MathML">          
            <apply>
              <times/>
              <ci> compartment </ci>
              <ci> GaGDP </ci>
              <ci> Gbc </ci>
              <ci> k9 </ci>
            </apply>
          </math>
                  <listOfParameters>
            <parameter id="k9" metaid="_604108" units="min_inv_nM_inv" value="2000"/>
          </listOfParameters>
        </kineticLaw>
      </reaction>
      <reaction id="v10" metaid="metaid_0000051">
        <annotation>
	<rdf:RDF xmlns:rdf="http://www.w3.org/1999/02/22-rdf-syntax-ns#" xmlns:bqbiol="http://biomodels.net/biology-qualifiers/">
            <rdf:Description rdf:about="#metaid_0000051">
              <bqbiol:isVersionOf>
	<rdf:Bag>
	<rdf:li rdf:resource="http://identifiers.org/go/GO:0005078"/>
	</rdf:Bag>
	</bqbiol:isVersionOf>
	
	<bqbiol:is>
	<rdf:Bag>
	<rdf:li rdf:resource="http://identifiers.org/intact/EBI-903953"/>
	</rdf:Bag>
	</bqbiol:is>
	</rdf:Description>
	
	</rdf:RDF>
	</annotation>
              <listOfReactants>
          <speciesReference metaid="_33bfcfd3-4c60-43f9-8f09-9ed57508c13b" species="Gbc"/>
          <speciesReference metaid="acbc6024-214c-433d-82e0-a93616b56674" species="complexC"/>
        </listOfReactants>
        <listOfProducts>
          <speciesReference metaid="_31ffde00-e220-4d71-85ea-0863b562429a" species="complexD"/>
        </listOfProducts>
        <kineticLaw metaid="_0b0943e4-ae7f-4d61-ac15-43b10c165364">
          <math xmlns="http://www.w3.org/1998/Math/MathML">          
            <apply>
              <times/>
              <ci> compartment </ci>
              <ci> Gbc </ci>
              <ci> complexC </ci>
              <ci> k10 </ci>
            </apply>
          </math>
                  <listOfParameters>
            <parameter id="k10" metaid="_604110" units="min_inv_nM_inv" value="0.1"/>
          </listOfParameters>
        </kineticLaw>
      </reaction>
      <reaction id="v11" metaid="metaid_0000052">
        <annotation>
	<rdf:RDF xmlns:rdf="http://www.w3.org/1999/02/22-rdf-syntax-ns#" xmlns:bqbiol="http://biomodels.net/biology-qualifiers/">
            <rdf:Description rdf:about="#metaid_0000052">
	<bqbiol:isVersionOf>
	<rdf:Bag>
	<rdf:li rdf:resource="http://identifiers.org/go/GO:0043241"/>
	</rdf:Bag>
	</bqbiol:isVersionOf>
	</rdf:Description>
	
	</rdf:RDF>
	</annotation>
              <listOfReactants>
          <speciesReference metaid="_0dfff7ef-b091-47ee-a460-1b9b4abfc7e5" species="complexD"/>
        </listOfReactants>
        <listOfProducts>
          <speciesReference metaid="f5a04b83-fe0c-4a65-be4d-f3360c625bf0" species="Gbc"/>
          <speciesReference metaid="_2d6b7121-6f8f-4e86-9823-598925a321ce" species="complexC"/>
        </listOfProducts>
        <kineticLaw metaid="e932716a-3682-4676-82ff-320ca6c4ca08">
          <math xmlns="http://www.w3.org/1998/Math/MathML">          
            <apply>
              <times/>
              <ci> compartment </ci>
              <ci> complexD </ci>
              <ci> k11 </ci>
            </apply>
          </math>
                  <listOfParameters>
            <parameter id="k11" metaid="_604111" units="min_inv" value="5"/>
          </listOfParameters>
        </kineticLaw>
      </reaction>
      <reaction id="v12" metaid="metaid_0000053">
        <annotation>
	<rdf:RDF xmlns:rdf="http://www.w3.org/1999/02/22-rdf-syntax-ns#" xmlns:bqbiol="http://biomodels.net/biology-qualifiers/">
            <rdf:Description rdf:about="#metaid_0000053">
	<bqbiol:is>
	<rdf:Bag>
	<rdf:li rdf:resource="http://identifiers.org/intact/EBI-877414"/>
	</rdf:Bag>
	</bqbiol:is>
	</rdf:Description>
	
	</rdf:RDF>
	</annotation>
              <listOfReactants>
          <speciesReference metaid="_5ba954b8-6afa-42aa-ab1c-c3ab96da87fa" species="Ste11"/>
          <speciesReference metaid="_3c27b859-3614-438f-a6b9-13caa1f81e72" species="Ste5"/>
        </listOfReactants>
        <listOfProducts>
          <speciesReference metaid="_0d4ac8a1-36ce-44c6-a83e-a2ec1dbf50ba" species="complexA"/>
        </listOfProducts>
        <kineticLaw metaid="_13bab37a-1fe2-4004-af3f-503ea1a155d6">
          <math xmlns="http://www.w3.org/1998/Math/MathML">          
            <apply>
              <times/>
              <ci> compartment </ci>
              <ci> Ste5 </ci>
              <ci> Ste11 </ci>
              <ci> k12 </ci>
            </apply>
          </math>
                  <listOfParameters>
            <parameter id="k12" metaid="_604112" units="min_inv_nM_inv" value="1"/>
          </listOfParameters>
        </kineticLaw>
      </reaction>
      <reaction id="v13" metaid="metaid_0000054">
        <annotation>
	<rdf:RDF xmlns:rdf="http://www.w3.org/1999/02/22-rdf-syntax-ns#" xmlns:bqbiol="http://biomodels.net/biology-qualifiers/">
            <rdf:Description rdf:about="#metaid_0000054">
	<bqbiol:isVersionOf>
	<rdf:Bag>
	<rdf:li rdf:resource="http://identifiers.org/go/GO:0043241"/>
	</rdf:Bag>
	</bqbiol:isVersionOf>
	</rdf:Description>
	
	</rdf:RDF>
	</annotation>
              <listOfReactants>
          <speciesReference metaid="_6c4a6287-e6c1-4e31-bffb-c358e6b99f7e" species="complexA"/>
        </listOfReactants>
        <listOfProducts>
          <speciesReference metaid="_53632433-e57e-4ed2-8bb0-3603e53bfdd3" species="Ste11"/>
          <speciesReference metaid="_452c428a-a9ad-49dc-ab99-da3fd6a7e45c" species="Ste5"/>
        </listOfProducts>
        <kineticLaw metaid="ec09dc56-d0a0-421a-abcb-688d0b8146cf">
          <math xmlns="http://www.w3.org/1998/Math/MathML">          
            <apply>
              <times/>
              <ci> compartment </ci>
              <ci> complexA </ci>
              <ci> k13 </ci>
            </apply>
          </math>
                  <listOfParameters>
            <parameter id="k13" metaid="_604114" units="min_inv" value="3"/>
          </listOfParameters>
        </kineticLaw>
      </reaction>
      <reaction id="v14" metaid="metaid_0000055">
        <annotation>
	<rdf:RDF xmlns:rdf="http://www.w3.org/1999/02/22-rdf-syntax-ns#" xmlns:bqbiol="http://biomodels.net/biology-qualifiers/">
            <rdf:Description rdf:about="#metaid_0000055">
              <bqbiol:isVersionOf>
	<rdf:Bag>
	<rdf:li rdf:resource="http://identifiers.org/go/GO:0051019"/>
	</rdf:Bag>
	</bqbiol:isVersionOf>
	
	<bqbiol:is>
	<rdf:Bag>
	<rdf:li rdf:resource="http://identifiers.org/intact/EBI-877260"/>
	</rdf:Bag>
	</bqbiol:is>
	</rdf:Description>
	
	</rdf:RDF>
	</annotation>
              <listOfReactants>
          <speciesReference metaid="_3dfcc0e8-b903-4cf5-80d1-0f438015fb23" species="Fus3"/>
          <speciesReference metaid="_67419720-141e-4633-b462-78478fa28697" species="Ste7"/>
        </listOfReactants>
        <listOfProducts>
          <speciesReference metaid="cdac69e9-3ab9-4265-9983-36c8bea3f9c1" species="complexB"/>
        </listOfProducts>
        <kineticLaw metaid="_3d2f8b61-89cf-406c-af7b-cd04387285cc">
          <math xmlns="http://www.w3.org/1998/Math/MathML">          
            <apply>
              <times/>
              <ci> compartment </ci>
              <ci> Ste7 </ci>
              <ci> Fus3 </ci>
              <ci> k14 </ci>
            </apply>
          </math>
                  <listOfParameters>
            <parameter id="k14" metaid="_604115" units="min_inv_nM_inv" value="1"/>
          </listOfParameters>
        </kineticLaw>
      </reaction>
      <reaction id="v15" metaid="metaid_0000056">
        <annotation>
	<rdf:RDF xmlns:rdf="http://www.w3.org/1999/02/22-rdf-syntax-ns#" xmlns:bqbiol="http://biomodels.net/biology-qualifiers/">
            <rdf:Description rdf:about="#metaid_0000056">
	<bqbiol:isVersionOf>
	<rdf:Bag>
	<rdf:li rdf:resource="http://identifiers.org/go/GO:0043241"/>
	</rdf:Bag>
	</bqbiol:isVersionOf>
	</rdf:Description>
	
	</rdf:RDF>
	</annotation>
              <listOfReactants>
          <speciesReference metaid="ef24073f-697b-4575-9c92-86adcd4e259d" species="complexB"/>
        </listOfReactants>
        <listOfProducts>
          <speciesReference metaid="_83550aad-5d9d-4042-baa5-9fb2fcb02165" species="Fus3"/>
          <speciesReference metaid="_71b65819-96fd-44aa-9af4-cc437e1fbe75" species="Ste7"/>
        </listOfProducts>
        <kineticLaw metaid="aa03bad3-1f80-4545-a3a6-e3761fa3f7a8">
          <math xmlns="http://www.w3.org/1998/Math/MathML">          
            <apply>
              <times/>
              <ci> compartment </ci>
              <ci> complexB </ci>
              <ci> k15 </ci>
            </apply>
          </math>
                  <listOfParameters>
            <parameter id="k15" metaid="_604116" units="min_inv" value="3"/>
          </listOfParameters>
        </kineticLaw>
      </reaction>
      <reaction id="v16" metaid="metaid_0000057">
        <annotation>
	<rdf:RDF xmlns:rdf="http://www.w3.org/1999/02/22-rdf-syntax-ns#" xmlns:bqbiol="http://biomodels.net/biology-qualifiers/">
            <rdf:Description rdf:about="#metaid_0000057">
              <bqbiol:isVersionOf>
	<rdf:Bag>
	<rdf:li rdf:resource="http://identifiers.org/go/GO:0005078"/>
	</rdf:Bag>
	</bqbiol:isVersionOf>
	
	<bqbiol:hasPart>
	<rdf:Bag>
	<rdf:li rdf:resource="http://identifiers.org/intact/EBI-895753"/>
	<rdf:li rdf:resource="http://identifiers.org/intact/EBI-877421"/>
	<rdf:li rdf:resource="http://identifiers.org/intact/EBI-877417"/>
	</rdf:Bag>
	</bqbiol:hasPart>
	</rdf:Description>
	
	</rdf:RDF>
	</annotation>
              <listOfReactants>
          <speciesReference metaid="_709f3e09-7112-4015-9955-00ec493932f5" species="complexA"/>
          <speciesReference metaid="f9b0ea91-de5b-46e3-adda-2e3de70be825" species="complexB"/>
        </listOfReactants>
        <listOfProducts>
          <speciesReference metaid="cd89c4f7-dba1-4882-8f76-b2a95b2ce026" species="complexC"/>
        </listOfProducts>
        <kineticLaw metaid="c41d7f01-3ff8-4430-ae8f-aa0674e5e40f">
          <math xmlns="http://www.w3.org/1998/Math/MathML">          
            <apply>
              <times/>
              <ci> compartment </ci>
              <ci> complexA </ci>
              <ci> complexB </ci>
              <ci> k16 </ci>
            </apply>
          </math>
                  <listOfParameters>
            <parameter id="k16" metaid="_604118" units="min_inv_nM_inv" value="3"/>
          </listOfParameters>
        </kineticLaw>
      </reaction>
      <reaction id="v17" metaid="metaid_0000058">
        <annotation>
	<rdf:RDF xmlns:rdf="http://www.w3.org/1999/02/22-rdf-syntax-ns#" xmlns:bqbiol="http://biomodels.net/biology-qualifiers/">
            <rdf:Description rdf:about="#metaid_0000058">
	<bqbiol:isVersionOf>
	<rdf:Bag>
	<rdf:li rdf:resource="http://identifiers.org/go/GO:0043241"/>
	</rdf:Bag>
	</bqbiol:isVersionOf>
	</rdf:Description>
	
	</rdf:RDF>
	</annotation>
              <listOfReactants>
          <speciesReference metaid="edf71376-bff4-440c-8aeb-4a76025481d4" species="complexC"/>
        </listOfReactants>
        <listOfProducts>
          <speciesReference metaid="b55b0858-4d9d-46b2-aa85-169639bf0b76" species="Fus3"/>
          <speciesReference metaid="_8dd15943-114a-40d1-9ffe-94b8dda1dbe2" species="Ste11"/>
          <speciesReference metaid="bea8ce62-5973-4702-b9b1-4d1933f22fef" species="Ste7"/>
          <speciesReference metaid="e5722b2b-eb26-4180-9207-f5dd4edb5397" species="Ste5"/>
        </listOfProducts>
        <kineticLaw metaid="_8fbfb44b-7c81-4f53-8784-e98690132a94">
          <math xmlns="http://www.w3.org/1998/Math/MathML">          
            <apply>
              <times/>
              <ci> compartment </ci>
              <ci> complexC </ci>
              <ci> k17 </ci>
            </apply>
          </math>
                  <listOfParameters>
            <parameter id="k17" metaid="_604119" units="min_inv" value="100"/>
          </listOfParameters>
        </kineticLaw>
      </reaction>
      <reaction id="v18" metaid="metaid_0000059">
        <annotation>
	<rdf:RDF xmlns:rdf="http://www.w3.org/1999/02/22-rdf-syntax-ns#" xmlns:bqbiol="http://biomodels.net/biology-qualifiers/">
            <rdf:Description rdf:about="#metaid_0000059">
              <bqbiol:isVersionOf>
	<rdf:Bag>
	<rdf:li rdf:resource="http://identifiers.org/go/GO:0004674"/>
	</rdf:Bag>
	</bqbiol:isVersionOf>
	
	<bqbiol:is>
	<rdf:Bag>
	<rdf:li rdf:resource="http://identifiers.org/intact/EBI-903992"/>
	</rdf:Bag>
	</bqbiol:is>
	</rdf:Description>
	
	</rdf:RDF>
	</annotation>
              <listOfReactants>
          <speciesReference metaid="_6607fd65-f57e-427e-beb4-35e8f2369a25" species="complexD"/>
          <speciesReference metaid="_9a0ff4ac-4d43-43c4-a7f4-319f231fa5f1" species="Ste20"/>
        </listOfReactants>
        <listOfProducts>
          <speciesReference metaid="f74dd28f-766f-48e5-86e2-efd9f4926adc" species="complexE"/>
        </listOfProducts>
        <kineticLaw metaid="_5349b116-6675-458a-8dc0-a0cf76d8ea99">
          <math xmlns="http://www.w3.org/1998/Math/MathML">          
            <apply>
              <times/>
              <ci> compartment </ci>
              <ci> complexD </ci>
              <ci> Ste20 </ci>
              <ci> k18 </ci>
            </apply>
          </math>
                  <listOfParameters>
            <parameter id="k18" metaid="_604120" units="min_inv_nM_inv" value="5"/>
          </listOfParameters>
        </kineticLaw>
      </reaction>
      <reaction id="v19" metaid="metaid_0000060">
        <annotation>
	<rdf:RDF xmlns:rdf="http://www.w3.org/1999/02/22-rdf-syntax-ns#" xmlns:bqbiol="http://biomodels.net/biology-qualifiers/">
            <rdf:Description rdf:about="#metaid_0000060">
	<bqbiol:isVersionOf>
	<rdf:Bag>
	<rdf:li rdf:resource="http://identifiers.org/go/GO:0043241"/>
	</rdf:Bag>
	</bqbiol:isVersionOf>
	</rdf:Description>
	
	</rdf:RDF>
	</annotation>
              <listOfReactants>
          <speciesReference metaid="_0eaf07f7-2c83-4321-a300-2b594c1e7c01" species="complexE"/>
        </listOfReactants>
        <listOfProducts>
          <speciesReference metaid="b577ef10-5a54-469c-b2f7-57e102177585" species="complexD"/>
          <speciesReference metaid="_8e148eb6-aeaf-4630-ad76-7cf4847a0141" species="Ste20"/>
        </listOfProducts>
        <kineticLaw metaid="b565d0e5-f392-4642-bd37-6c7981043204">
          <math xmlns="http://www.w3.org/1998/Math/MathML">          
            <apply>
              <times/>
              <ci> compartment </ci>
              <ci> complexE </ci>
              <ci> k19 </ci>
            </apply>
          </math>
                  <listOfParameters>
            <parameter id="k19" metaid="_604121" units="min_inv" value="1"/>
          </listOfParameters>
        </kineticLaw>
      </reaction>
      <reaction id="v20" metaid="metaid_0000061">
        <annotation>
	<rdf:RDF xmlns:rdf="http://www.w3.org/1999/02/22-rdf-syntax-ns#" xmlns:bqbiol="http://biomodels.net/biology-qualifiers/">
            <rdf:Description rdf:about="#metaid_0000061">
	<bqbiol:isVersionOf>
	<rdf:Bag>
	<rdf:li rdf:resource="http://identifiers.org/ec-code/2.7.11.1"/>
	<rdf:li rdf:resource="http://identifiers.org/go/GO:0000185"/>
	<rdf:li rdf:resource="http://identifiers.org/go/GO:0008349"/>
	</rdf:Bag>
	</bqbiol:isVersionOf>
	</rdf:Description>
	
	</rdf:RDF>
	</annotation>
              <listOfReactants>
          <speciesReference metaid="be0947e4-34bc-4334-baf6-6a655416179f" species="complexE"/>
        </listOfReactants>
        <listOfProducts>
          <speciesReference metaid="d563d8ba-e158-4627-ae1d-24665f9db9a5" species="complexF"/>
        </listOfProducts>
        <kineticLaw metaid="d02ecbf3-69ff-4800-a1bb-893284eccb47">
          <math xmlns="http://www.w3.org/1998/Math/MathML">          
            <apply>
              <times/>
              <ci> compartment </ci>
              <ci> complexE </ci>
              <ci> k20 </ci>
            </apply>
          </math>
                  <listOfParameters>
            <parameter id="k20" metaid="_604123" units="min_inv" value="10"/>
          </listOfParameters>
        </kineticLaw>
      </reaction>
      <reaction id="v21" metaid="metaid_0000062">
        <annotation>
	<rdf:RDF xmlns:rdf="http://www.w3.org/1999/02/22-rdf-syntax-ns#" xmlns:bqbiol="http://biomodels.net/biology-qualifiers/">
            <rdf:Description rdf:about="#metaid_0000062">
	<bqbiol:isVersionOf>
	<rdf:Bag>
	<rdf:li rdf:resource="http://identifiers.org/go/GO:0043241"/>
	</rdf:Bag>
	</bqbiol:isVersionOf>
	</rdf:Description>
	
	</rdf:RDF>
	</annotation>
              <listOfReactants>
          <speciesReference metaid="_558a9298-7d8a-48b7-9347-16505b15dba9" species="complexE"/>
        </listOfReactants>
        <listOfProducts>
          <speciesReference metaid="bbc42ed3-a92d-452f-b802-08f482628a79" species="Gbc"/>
          <speciesReference metaid="_5e4a127a-8288-4ee8-bf3f-6dc8417e8fff" species="Ste7"/>
          <speciesReference metaid="e6d3aef5-08b1-404f-b851-053839d7ffbe" species="Ste5"/>
          <speciesReference metaid="b1f2206b-afe1-4e6d-893d-c5f68b23d14d" species="Fus3"/>
          <speciesReference metaid="_3e85e7c9-91b9-4715-bf5a-4699f79b99a0" species="Ste20"/>
          <speciesReference metaid="_44199955-9247-4a94-b617-dfc182e3075d" species="Ste11"/>
        </listOfProducts>
        <kineticLaw metaid="f9b5c44d-aebf-42c5-9031-f5e621b087f0">
          <math xmlns="http://www.w3.org/1998/Math/MathML">          
            <apply>
              <times/>
              <ci> compartment </ci>
              <ci> complexE </ci>
              <ci> k21 </ci>
            </apply>
          </math>
                  <listOfParameters>
            <parameter id="k21" metaid="_604124" units="min_inv" value="5"/>
          </listOfParameters>
        </kineticLaw>
      </reaction>
      <reaction id="v22" metaid="metaid_0000063">
        <annotation>
	<rdf:RDF xmlns:rdf="http://www.w3.org/1999/02/22-rdf-syntax-ns#" xmlns:bqbiol="http://biomodels.net/biology-qualifiers/">
            <rdf:Description rdf:about="#metaid_0000063">
	<bqbiol:isVersionOf>
	<rdf:Bag>
	<rdf:li rdf:resource="http://identifiers.org/ec-code/2.7.11.25"/>
	<rdf:li rdf:resource="http://identifiers.org/go/GO:0000186"/>
	<rdf:li rdf:resource="http://identifiers.org/go/GO:0004709"/>
	</rdf:Bag>
	</bqbiol:isVersionOf>
	</rdf:Description>
	
	</rdf:RDF>
	</annotation>
              <listOfReactants>
          <speciesReference metaid="fd166a51-40dc-421c-a762-02010d72275a" species="complexF"/>
        </listOfReactants>
        <listOfProducts>
          <speciesReference metaid="_89999a8f-e4cf-4e8b-a688-66f3098aef0a" species="complexG"/>
        </listOfProducts>
        <kineticLaw metaid="_456d9ba0-c58e-4f0f-8719-ce5e19ba5d38">
          <math xmlns="http://www.w3.org/1998/Math/MathML">          
            <apply>
              <times/>
              <ci> compartment </ci>
              <ci> complexF </ci>
              <ci> k22 </ci>
            </apply>
          </math>
                  <listOfParameters>
            <parameter id="k22" metaid="_604125" units="min_inv" value="47"/>
          </listOfParameters>
        </kineticLaw>
      </reaction>
      <reaction id="v23" metaid="metaid_0000064">
        <annotation>
	<rdf:RDF xmlns:rdf="http://www.w3.org/1999/02/22-rdf-syntax-ns#" xmlns:bqbiol="http://biomodels.net/biology-qualifiers/">
            <rdf:Description rdf:about="#metaid_0000064">
	<bqbiol:isVersionOf>
	<rdf:Bag>
	<rdf:li rdf:resource="http://identifiers.org/go/GO:0043241"/>
	</rdf:Bag>
	</bqbiol:isVersionOf>
	</rdf:Description>
	
	</rdf:RDF>
	</annotation>
              <listOfReactants>
          <speciesReference metaid="_8961b48e-1ef3-4005-874b-6aecfdb79667" species="complexF"/>
        </listOfReactants>
        <listOfProducts>
          <speciesReference metaid="d2f0e74d-7c56-404d-be7e-4341976054ff" species="Gbc"/>
          <speciesReference metaid="_8ea84fc8-49ef-4b66-86fe-5d70b42c33eb" species="Ste7"/>
          <speciesReference metaid="_1ef59063-94d4-45dc-b720-f608fc7b6d15" species="Ste5"/>
          <speciesReference metaid="ceeeef4e-4a60-4773-a8dc-7805057bdaad" species="Fus3"/>
          <speciesReference metaid="_7023a272-3309-4f25-8d5c-086b4402ed1c" species="Ste20"/>
          <speciesReference metaid="c17ed7f7-6bb1-4609-894a-cc9f8e0914df" species="Ste11"/>
        </listOfProducts>
        <kineticLaw metaid="_16fa2036-f76b-4ef2-b12d-8642f08d953c">
          <math xmlns="http://www.w3.org/1998/Math/MathML">          
            <apply>
              <times/>
              <ci> compartment </ci>
              <ci> complexF </ci>
              <ci> k23 </ci>
            </apply>
          </math>
                  <listOfParameters>
            <parameter id="k23" metaid="_604127" units="min_inv" value="5"/>
          </listOfParameters>
        </kineticLaw>
      </reaction>
      <reaction id="v24" metaid="metaid_0000065">
        <annotation>
	<rdf:RDF xmlns:rdf="http://www.w3.org/1999/02/22-rdf-syntax-ns#" xmlns:bqbiol="http://biomodels.net/biology-qualifiers/">
            <rdf:Description rdf:about="#metaid_0000065">
	<bqbiol:isVersionOf>
	<rdf:Bag>
	<rdf:li rdf:resource="http://identifiers.org/ec-code/2.7.12.2"/>
	<rdf:li rdf:resource="http://identifiers.org/go/GO:0004708"/>
	<rdf:li rdf:resource="http://identifiers.org/go/GO:0000187"/>
	</rdf:Bag>
	</bqbiol:isVersionOf>
	</rdf:Description>
	
	</rdf:RDF>
	</annotation>
              <listOfReactants>
          <speciesReference metaid="f1b8a4a8-07ba-4b98-9e90-59925a5b2692" species="complexG"/>
        </listOfReactants>
        <listOfProducts>
          <speciesReference metaid="_978bd150-6648-4e59-9832-81df59cd4f91" species="complexH"/>
        </listOfProducts>
        <kineticLaw metaid="_6f257a8f-7c54-45bb-ab0a-0d0e40d5e1ac">
          <math xmlns="http://www.w3.org/1998/Math/MathML">          
            <apply>
              <times/>
              <ci> compartment </ci>
              <ci> complexG </ci>
              <ci> k24 </ci>
            </apply>
          </math>
                  <listOfParameters>
            <parameter id="k24" metaid="_604128" units="min_inv" value="345"/>
          </listOfParameters>
        </kineticLaw>
      </reaction>
      <reaction id="v25" metaid="metaid_0000066">
        <annotation>
	<rdf:RDF xmlns:rdf="http://www.w3.org/1999/02/22-rdf-syntax-ns#" xmlns:bqbiol="http://biomodels.net/biology-qualifiers/">
            <rdf:Description rdf:about="#metaid_0000066">
	<bqbiol:isVersionOf>
	<rdf:Bag>
	<rdf:li rdf:resource="http://identifiers.org/go/GO:0043241"/>
	</rdf:Bag>
	</bqbiol:isVersionOf>
	</rdf:Description>
	
	</rdf:RDF>
	</annotation>
              <listOfReactants>
          <speciesReference metaid="_2edd7fdf-d0bf-46f4-b17b-67979d47283f" species="complexG"/>
        </listOfReactants>
        <listOfProducts>
          <speciesReference metaid="caf68d89-1f18-4d32-b650-fc8d5dde5a05" species="Gbc"/>
          <speciesReference metaid="_563d48ae-3d5c-490f-91ae-b6644f8ba8b1" species="Ste7"/>
          <speciesReference metaid="_43a4f1fd-d955-4a08-a436-6825d8b56a83" species="Ste5"/>
          <speciesReference metaid="_877b4e14-ac00-4198-99ed-81a486e1d294" species="Fus3"/>
          <speciesReference metaid="_8bbdcab2-a212-4b7d-bc47-c17dae51ea51" species="Ste20"/>
          <speciesReference metaid="e908684a-415b-4ada-8654-e08c87474902" species="Ste11"/>
        </listOfProducts>
        <kineticLaw metaid="a2144980-f1cb-45f7-8ab4-d0b0ab8d0c58">
          <math xmlns="http://www.w3.org/1998/Math/MathML">          
            <apply>
              <times/>
              <ci> compartment </ci>
              <ci> complexG </ci>
              <ci> k25 </ci>
            </apply>
          </math>
                  <listOfParameters>
            <parameter id="k25" metaid="_604129" units="min_inv" value="5"/>
          </listOfParameters>
        </kineticLaw>
      </reaction>
      <reaction id="v26" metaid="metaid_0000067">
        <annotation>
	<rdf:RDF xmlns:rdf="http://www.w3.org/1999/02/22-rdf-syntax-ns#" xmlns:bqbiol="http://biomodels.net/biology-qualifiers/">
            <rdf:Description rdf:about="#metaid_0000067">
	<bqbiol:isVersionOf>
	<rdf:Bag>
	<rdf:li rdf:resource="http://identifiers.org/go/GO:0006468"/>
	</rdf:Bag>
	</bqbiol:isVersionOf>
	</rdf:Description>
	
	</rdf:RDF>
	</annotation>
              <listOfReactants>
          <speciesReference metaid="d1c4ec7d-5d99-42ea-9d17-ebdf5bb70fbf" species="complexH"/>
        </listOfReactants>
        <listOfProducts>
          <speciesReference metaid="_5d0338d9-f8cd-4233-91d9-218fde7fca9e" species="complexI"/>
        </listOfProducts>
        <kineticLaw metaid="_416c18a2-0aa0-42dd-a443-99eeeda84a3a">
          <math xmlns="http://www.w3.org/1998/Math/MathML">          
            <apply>
              <times/>
              <ci> compartment </ci>
              <ci> complexH </ci>
              <ci> k26 </ci>
            </apply>
          </math>
                  <listOfParameters>
            <parameter id="k26" metaid="_604131" units="min_inv" value="50"/>
          </listOfParameters>
        </kineticLaw>
      </reaction>
      <reaction id="v27" metaid="metaid_0000068">
        <annotation>
	<rdf:RDF xmlns:rdf="http://www.w3.org/1999/02/22-rdf-syntax-ns#" xmlns:bqbiol="http://biomodels.net/biology-qualifiers/">
            <rdf:Description rdf:about="#metaid_0000068">
	<bqbiol:isVersionOf>
	<rdf:Bag>
	<rdf:li rdf:resource="http://identifiers.org/go/GO:0043241"/>
	</rdf:Bag>
	</bqbiol:isVersionOf>
	</rdf:Description>
	
	</rdf:RDF>
	</annotation>
              <listOfReactants>
          <speciesReference metaid="_994bc584-5382-4740-9110-7e8c056d0520" species="complexH"/>
        </listOfReactants>
        <listOfProducts>
          <speciesReference metaid="f10cd045-0e90-4447-94bb-a9e50b10fc3f" species="Gbc"/>
          <speciesReference metaid="ed4097dd-ac33-406a-88d3-c7eaee9f7907" species="Ste7"/>
          <speciesReference metaid="c54e7bad-b95a-4e42-be15-bdce7061c60e" species="Ste5"/>
          <speciesReference metaid="c28b5032-4f36-4841-9754-b1e0ae50cccd" species="Fus3"/>
          <speciesReference metaid="_26f63b54-4849-446a-8d65-232f6cc235d4" species="Ste20"/>
          <speciesReference metaid="_66277157-0aa0-43d5-974e-7510ecb5e7a7" species="Ste11"/>
        </listOfProducts>
        <kineticLaw metaid="_07ebe5e0-ec3d-48a5-88da-95a09eaf8093">
          <math xmlns="http://www.w3.org/1998/Math/MathML">          
            <apply>
              <times/>
              <ci> compartment </ci>
              <ci> complexH </ci>
              <ci> k27 </ci>
            </apply>
          </math>
                  <listOfParameters>
            <parameter id="k27" metaid="_604132" units="min_inv" value="5"/>
          </listOfParameters>
        </kineticLaw>
      </reaction>
      <reaction id="v28" metaid="metaid_0000069">
        <annotation>
	<rdf:RDF xmlns:rdf="http://www.w3.org/1999/02/22-rdf-syntax-ns#" xmlns:bqbiol="http://biomodels.net/biology-qualifiers/">
            <rdf:Description rdf:about="#metaid_0000069">
	<bqbiol:isVersionOf>
	<rdf:Bag>
	<rdf:li rdf:resource="http://identifiers.org/go/GO:0043241"/>
	</rdf:Bag>
	</bqbiol:isVersionOf>
	</rdf:Description>
	
	</rdf:RDF>
	</annotation>
              <listOfReactants>
          <speciesReference metaid="_5e339fa7-fb30-454c-acc1-450531b165a8" species="complexI"/>
        </listOfReactants>
        <listOfProducts>
          <speciesReference metaid="_55c62399-123c-4950-8a5e-4c04dc2648a9" species="complexL"/>
          <speciesReference metaid="f01dbe57-5ff2-4bd7-b081-10046fb6ab08" species="Fus3PP"/>
        </listOfProducts>
        <kineticLaw metaid="_9054fa00-9982-47c0-a926-cc6a6946f709">
          <math xmlns="http://www.w3.org/1998/Math/MathML">          
            <apply>
              <times/>
              <ci> compartment </ci>
              <ci> complexI </ci>
              <ci> k28 </ci>
            </apply>
          </math>
                  <listOfParameters>
            <parameter id="k28" metaid="_604133" units="min_inv" value="140"/>
          </listOfParameters>
        </kineticLaw>
      </reaction>
      <reaction id="v29" metaid="metaid_0000070">
        <annotation>
	<rdf:RDF xmlns:rdf="http://www.w3.org/1999/02/22-rdf-syntax-ns#" xmlns:bqbiol="http://biomodels.net/biology-qualifiers/">
            <rdf:Description rdf:about="#metaid_0000070">
              <bqbiol:isVersionOf>
	<rdf:Bag>
	<rdf:li rdf:resource="http://identifiers.org/go/GO:0051019"/>
	</rdf:Bag>
	</bqbiol:isVersionOf>
	
	<bqbiol:hasPart>
	<rdf:Bag>
	<rdf:li rdf:resource="http://identifiers.org/intact/EBI-877260"/>
	<rdf:li rdf:resource="http://identifiers.org/intact/EBI-877421"/>
	</rdf:Bag>
	</bqbiol:hasPart>
	</rdf:Description>
	
	</rdf:RDF>
	</annotation>
              <listOfReactants>
          <speciesReference metaid="_1ce9b3dc-cb42-449b-bc35-76065b0907d5" species="complexL"/>
          <speciesReference metaid="b2ff5c74-8098-4bf6-bb85-4f3969baf206" species="Fus3"/>
        </listOfReactants>
        <listOfProducts>
          <speciesReference metaid="b751cf63-93cd-4c1e-933b-af01eda1c56a" species="complexK"/>
        </listOfProducts>
        <kineticLaw metaid="_7bb18eff-0ae1-4b29-b6a4-3f8853a6deaa">
          <math xmlns="http://www.w3.org/1998/Math/MathML">          
            <apply>
              <times/>
              <ci> compartment </ci>
              <ci> complexL </ci>
              <ci> Fus3 </ci>
              <ci> k29 </ci>
            </apply>
          </math>
                  <listOfParameters>
            <parameter id="k29" metaid="_604134" units="min_inv_nM_inv" value="10"/>
          </listOfParameters>
        </kineticLaw>
      </reaction>
      <reaction id="v30" metaid="metaid_0000071">
        <annotation>
	<rdf:RDF xmlns:rdf="http://www.w3.org/1999/02/22-rdf-syntax-ns#" xmlns:bqbiol="http://biomodels.net/biology-qualifiers/">
            <rdf:Description rdf:about="#metaid_0000071">
	<bqbiol:isVersionOf>
	<rdf:Bag>
	<rdf:li rdf:resource="http://identifiers.org/go/GO:0043241"/>
	</rdf:Bag>
	</bqbiol:isVersionOf>
	</rdf:Description>
	
	</rdf:RDF>
	</annotation>
              <listOfReactants>
          <speciesReference metaid="ea8f2e88-012c-4d40-a6a4-45bc3b84012b" species="complexK"/>
        </listOfReactants>
        <listOfProducts>
          <speciesReference metaid="_3e56265d-ef5a-43f2-886a-e32a17cff0ed" species="complexL"/>
          <speciesReference metaid="d08ea80e-b2ca-490c-8488-1c154140a51e" species="Fus3"/>
        </listOfProducts>
        <kineticLaw metaid="_397911d1-09e3-4e7b-88f0-9b9991ada7cc">
          <math xmlns="http://www.w3.org/1998/Math/MathML">          
            <apply>
              <times/>
              <ci> compartment </ci>
              <ci> complexK </ci>
              <ci> k30 </ci>
            </apply>
          </math>
                  <listOfParameters>
            <parameter id="k30" metaid="_604136" units="min_inv" value="1"/>
          </listOfParameters>
        </kineticLaw>
      </reaction>
      <reaction id="v31" metaid="metaid_0000072">
        <annotation>
	<rdf:RDF xmlns:rdf="http://www.w3.org/1999/02/22-rdf-syntax-ns#" xmlns:bqbiol="http://biomodels.net/biology-qualifiers/">
            <rdf:Description rdf:about="#metaid_0000072">
	<bqbiol:isVersionOf>
	<rdf:Bag>
	<rdf:li rdf:resource="http://identifiers.org/ec-code/2.7.12.2"/>
	<rdf:li rdf:resource="http://identifiers.org/go/GO:0004708"/>
	<rdf:li rdf:resource="http://identifiers.org/go/GO:0000187"/>
	</rdf:Bag>
	</bqbiol:isVersionOf>
	</rdf:Description>
	
	</rdf:RDF>
	</annotation>
              <listOfReactants>
          <speciesReference metaid="ec2f79f8-e8f6-4a7d-870e-d1fc51d5973b" species="complexK"/>
        </listOfReactants>
        <listOfProducts>
          <speciesReference metaid="_0c74d081-6c6a-4a6e-9114-6c815359a432" species="complexI"/>
        </listOfProducts>
        <kineticLaw metaid="_42d34edc-c16f-4437-9434-a225a6d4a40a">
          <math xmlns="http://www.w3.org/1998/Math/MathML">          
            <apply>
              <times/>
              <ci> compartment </ci>
              <ci> complexK </ci>
              <ci> k31 </ci>
            </apply>
          </math>
                  <listOfParameters>
            <parameter id="k31" metaid="_604137" units="min_inv" value="250"/>
          </listOfParameters>
        </kineticLaw>
      </reaction>
      <reaction id="v32" metaid="metaid_0000073">
        <annotation>
	<rdf:RDF xmlns:rdf="http://www.w3.org/1999/02/22-rdf-syntax-ns#" xmlns:bqbiol="http://biomodels.net/biology-qualifiers/">
            <rdf:Description rdf:about="#metaid_0000073">
	<bqbiol:isVersionOf>
	<rdf:Bag>
	<rdf:li rdf:resource="http://identifiers.org/go/GO:0043241"/>
	</rdf:Bag>
	</bqbiol:isVersionOf>
	</rdf:Description>
	
	</rdf:RDF>
	</annotation>
              <listOfReactants>
          <speciesReference metaid="_94a44d63-8d06-4704-8c79-a2807322e79d" species="complexL"/>
        </listOfReactants>
        <listOfProducts>
          <speciesReference metaid="_147d56e1-19b6-4323-9c8f-873be97ca36f" species="Gbc"/>
          <speciesReference metaid="_7f087e83-0898-4952-a2a1-967640269d1f" species="Ste7"/>
          <speciesReference metaid="_4ae81869-4755-4e0f-a4ec-962710a41e51" species="Ste5"/>
          <speciesReference metaid="_610c8e51-5584-4621-8d6f-18825a05c659" species="Ste20"/>
          <speciesReference metaid="_94042acb-6aa7-40c7-b945-44cded53c8d1" species="Ste11"/>
        </listOfProducts>
        <kineticLaw metaid="dacec68c-cb81-46d1-8eee-ee74e78c54d1">
          <math xmlns="http://www.w3.org/1998/Math/MathML">          
            <apply>
              <times/>
              <ci> compartment </ci>
              <ci> complexL </ci>
              <ci> k32 </ci>
            </apply>
          </math>
                  <listOfParameters>
            <parameter id="k32" metaid="_604138" units="min_inv" value="5"/>
          </listOfParameters>
        </kineticLaw>
      </reaction>
      <reaction id="v33" metaid="metaid_0000074">
        <annotation>
	<rdf:RDF xmlns:rdf="http://www.w3.org/1999/02/22-rdf-syntax-ns#" xmlns:bqbiol="http://biomodels.net/biology-qualifiers/">
            <rdf:Description rdf:about="#metaid_0000074">
	<bqbiol:isVersionOf>
	<rdf:Bag>
	<rdf:li rdf:resource="http://identifiers.org/ec-code/3.1.3.16"/>
	<rdf:li rdf:resource="http://identifiers.org/go/GO:0016311"/>
	<rdf:li rdf:resource="http://identifiers.org/go/GO:0000188"/>
	</rdf:Bag>
	</bqbiol:isVersionOf>
	</rdf:Description>
	
	</rdf:RDF>
	</annotation>
              <listOfReactants>
          <speciesReference metaid="_06262f96-7a1f-4db0-8ec1-c02840dd556e" species="Fus3PP"/>
        </listOfReactants>
        <listOfProducts>
          <speciesReference metaid="c1123234-3c42-458d-9066-c5b7f5206ddf" species="Fus3"/>
        </listOfProducts>
        <kineticLaw metaid="_25690b1d-590b-42fe-81dd-7189cbbada2f">
          <math xmlns="http://www.w3.org/1998/Math/MathML">          
            <apply>
              <times/>
              <ci> compartment </ci>
              <ci> Fus3PP </ci>
              <ci> k33 </ci>
            </apply>
          </math>
                  <listOfParameters>
            <parameter id="k33" metaid="_604140" units="min_inv" value="50"/>
          </listOfParameters>
        </kineticLaw>
      </reaction>
      <reaction id="v34" metaid="metaid_0000075">
        <annotation>
	<rdf:RDF xmlns:rdf="http://www.w3.org/1999/02/22-rdf-syntax-ns#" xmlns:bqbiol="http://biomodels.net/biology-qualifiers/">
            <rdf:Description rdf:about="#metaid_0000075">
	<bqbiol:isVersionOf>
	<rdf:Bag>
	<rdf:li rdf:resource="http://identifiers.org/go/GO:0004707"/>
	<rdf:li rdf:resource="http://identifiers.org/go/GO:0051019"/>
	</rdf:Bag>
	</bqbiol:isVersionOf>
	</rdf:Description>
	
	</rdf:RDF>
	</annotation>
              <listOfReactants>
          <speciesReference metaid="_6e1cf3e9-2799-420e-9895-88ce5804df88" species="Ste12"/>
          <speciesReference metaid="_4bdca7dd-929e-44ca-a219-e6eab660e4df" species="Fus3PP"/>
        </listOfReactants>
        <listOfProducts>
          <speciesReference metaid="_0a817b83-f856-4ccf-aa3a-5bead9fe1975" species="Ste12a"/>
        </listOfProducts>
        <kineticLaw metaid="d266f380-6922-473a-a267-383e4b86dc1b">
          <math xmlns="http://www.w3.org/1998/Math/MathML">          
            <apply>
              <times/>
              <ci> compartment </ci>
              <ci> Ste12 </ci>
              <ci> Fus3PP </ci>
              <ci> k34 </ci>
            </apply>
          </math>
                  <listOfParameters>
            <parameter id="k34" metaid="_604141" units="min_inv_nM_inv" value="18"/>
          </listOfParameters>
        </kineticLaw>
      </reaction>
      <reaction id="v35" metaid="metaid_0000076">
        <annotation>
	<rdf:RDF xmlns:rdf="http://www.w3.org/1999/02/22-rdf-syntax-ns#" xmlns:bqbiol="http://biomodels.net/biology-qualifiers/">
            <rdf:Description rdf:about="#metaid_0000076">
	<bqbiol:isVersionOf>
	<rdf:Bag>
	<rdf:li rdf:resource="http://identifiers.org/go/GO:0043241"/>
	</rdf:Bag>
	</bqbiol:isVersionOf>
	</rdf:Description>
	
	</rdf:RDF>
	</annotation>
              <listOfReactants>
          <speciesReference metaid="_95094fba-50bb-450c-ad07-ef2c613272ec" species="Ste12a"/>
        </listOfReactants>
        <listOfProducts>
          <speciesReference metaid="fb7f9ca2-52b4-42d2-9f0d-97fe81ea6adb" species="Ste12"/>
          <speciesReference metaid="e83558de-800b-494b-89fa-125d53c87914" species="Fus3PP"/>
        </listOfProducts>
        <kineticLaw metaid="cb398efb-5ae6-4aad-be63-7b94a44c20df">
          <math xmlns="http://www.w3.org/1998/Math/MathML">          
            <apply>
              <times/>
              <ci> compartment </ci>
              <ci> Ste12a </ci>
              <ci> k35 </ci>
            </apply>
          </math>
                  <listOfParameters>
            <parameter id="k35" metaid="_604142" units="min_inv" value="10"/>
          </listOfParameters>
        </kineticLaw>
      </reaction>
      <reaction id="v36" metaid="metaid_0000077">
        <annotation>
	<rdf:RDF xmlns:rdf="http://www.w3.org/1999/02/22-rdf-syntax-ns#" xmlns:bqbiol="http://biomodels.net/biology-qualifiers/">
            <rdf:Description rdf:about="#metaid_0000077">
	<bqbiol:isVersionOf>
	<rdf:Bag>
	<rdf:li rdf:resource="http://identifiers.org/go/GO:0003700"/>
	</rdf:Bag>
	</bqbiol:isVersionOf>
	</rdf:Description>
	
	</rdf:RDF>
	</annotation>
              <listOfReactants>
          <speciesReference metaid="_54869eae-f544-4a90-837d-d94e90d471fe" species="Bar1"/>
        </listOfReactants>
        <listOfProducts>
          <speciesReference metaid="_17de04e7-40fd-4447-bd92-e897e9a321a2" species="Bar1a"/>
        </listOfProducts>
        <listOfModifiers>
          <modifierSpeciesReference metaid="_2586d737-1877-4032-a9c6-5b5716e7b42a" species="Ste12a"/>
        </listOfModifiers>
        <kineticLaw metaid="e7fbdf41-936b-4295-b2cb-ec5bb35be597">
          <math xmlns="http://www.w3.org/1998/Math/MathML">          
            <apply>
              <times/>
              <ci> compartment </ci>
              <ci> Ste12a </ci>
              <ci> Bar1 </ci>
              <ci> k36 </ci>
            </apply>
          </math>
                  <listOfParameters>
            <parameter id="k36" metaid="_604144" units="min_inv_nM_inv" value="0.1"/>
          </listOfParameters>
        </kineticLaw>
      </reaction>
      <reaction id="v37" metaid="metaid_0000078">
        <annotation>
	<rdf:RDF xmlns:rdf="http://www.w3.org/1999/02/22-rdf-syntax-ns#" xmlns:bqbiol="http://biomodels.net/biology-qualifiers/">
            <rdf:Description rdf:about="#metaid_0000078">
	<bqbiol:isVersionOf>
	<rdf:Bag>
	<rdf:li rdf:resource="http://identifiers.org/go/GO:0043241"/>
	</rdf:Bag>
	</bqbiol:isVersionOf>
	</rdf:Description>
	
	</rdf:RDF>
	</annotation>
              <listOfReactants>
          <speciesReference metaid="_783c4733-7175-432a-8a56-b20f4b1b69f1" species="Bar1a"/>
        </listOfReactants>
        <listOfProducts>
          <speciesReference metaid="_6916b6fa-a7b6-4b74-8fc7-75bb5c75a4a4" species="Bar1"/>
        </listOfProducts>
        <kineticLaw metaid="_3eff15c6-252f-4370-a7b1-2e345511d7f7">
          <math xmlns="http://www.w3.org/1998/Math/MathML">          
            <apply>
              <times/>
              <ci> compartment </ci>
              <ci> Bar1a </ci>
              <ci> k37 </ci>
            </apply>
          </math>
                  <listOfParameters>
            <parameter id="k37" metaid="_604145" units="min_inv" value="0.1"/>
          </listOfParameters>
        </kineticLaw>
      </reaction>
      <reaction id="v38" metaid="metaid_0000079">
        <annotation>
	<rdf:RDF xmlns:rdf="http://www.w3.org/1999/02/22-rdf-syntax-ns#" xmlns:bqbiol="http://biomodels.net/biology-qualifiers/">
            <rdf:Description rdf:about="#metaid_0000079">
	<bqbiol:isVersionOf>
	<rdf:Bag>
	<rdf:li rdf:resource="http://identifiers.org/go/GO:0006611"/>
	</rdf:Bag>
	</bqbiol:isVersionOf>
	</rdf:Description>
	
	</rdf:RDF>
	</annotation>
              <listOfReactants>
          <speciesReference metaid="f7a0e209-032a-43a6-bfa8-3a90f6bc6d7b" species="Bar1a"/>
        </listOfReactants>
        <listOfProducts>
          <speciesReference metaid="fd93be8b-cd84-41c6-91f9-bac4fbd70ffc" species="Bar1aex"/>
        </listOfProducts>
        <kineticLaw metaid="f3dcdd0b-cfe4-49d8-ba87-02105e051a80">
          <math xmlns="http://www.w3.org/1998/Math/MathML">          
            <apply>
              <times/>
              <ci> compartment </ci>
              <ci> Bar1a </ci>
              <ci> k38 </ci>
            </apply>
          </math>
                  <listOfParameters>
            <parameter id="k38" metaid="_604146" units="min_inv" value="0.01"/>
          </listOfParameters>
        </kineticLaw>
      </reaction>
      <reaction id="v39" metaid="metaid_0000080">
        <annotation>
	<rdf:RDF xmlns:rdf="http://www.w3.org/1999/02/22-rdf-syntax-ns#" xmlns:bqbiol="http://biomodels.net/biology-qualifiers/">
            <rdf:Description rdf:about="#metaid_0000080">
	<bqbiol:isVersionOf>
	<rdf:Bag>
	<rdf:li rdf:resource="http://identifiers.org/ec-code/2.7.11.24"/>
	<rdf:li rdf:resource="http://identifiers.org/go/GO:0004707"/>
	</rdf:Bag>
	</bqbiol:isVersionOf>
	</rdf:Description>
	
	</rdf:RDF>
	</annotation>
              <listOfReactants>
          <speciesReference metaid="b9dcced7-1292-401e-9e5c-984d7cfa9a27" species="Far1"/>
        </listOfReactants>
        <listOfProducts>
          <speciesReference metaid="c9bcee66-b047-45bd-b98d-1ce6db07cfb8" species="Far1PP"/>
        </listOfProducts>
        <listOfModifiers>
          <modifierSpeciesReference metaid="f02d1426-7d08-49da-9d81-1fc5a9f360fe" species="Fus3PP"/>
        </listOfModifiers>
        <kineticLaw metaid="_49c6e37d-1f1f-4797-9c8c-f24121b705f9">
          <math xmlns="http://www.w3.org/1998/Math/MathML">          
            <apply>
              <times/>
              <ci> compartment </ci>
              <apply>
                <divide/>
                <apply>
                  <times/>
                  <ci> Far1 </ci>
                  <ci> Fus3PP </ci>
                  <ci> Fus3PP </ci>
                </apply>
                <apply>
                  <plus/>
                  <apply>
                    <times/>
                    <cn type="integer"> 100 </cn>
                    <cn type="integer"> 100 </cn>
                  </apply>
                  <apply>
                    <times/>
                    <ci> Fus3PP </ci>
                    <ci> Fus3PP </ci>
                  </apply>
                </apply>
              </apply>
              <ci> k39 </ci>
            </apply>
          </math>
                  <listOfParameters>
            <parameter id="k39" metaid="_604147" units="min_inv" value="18"/>
          </listOfParameters>
        </kineticLaw>
      </reaction>
      <reaction id="v40" metaid="metaid_0000081">
        <annotation>
	<rdf:RDF xmlns:rdf="http://www.w3.org/1999/02/22-rdf-syntax-ns#" xmlns:bqbiol="http://biomodels.net/biology-qualifiers/">
            <rdf:Description rdf:about="#metaid_0000081">
	<bqbiol:isVersionOf>
	<rdf:Bag>
	<rdf:li rdf:resource="http://identifiers.org/ec-code/3.1.3.16"/>
	<rdf:li rdf:resource="http://identifiers.org/go/GO:0016311"/>
	</rdf:Bag>
	</bqbiol:isVersionOf>
	</rdf:Description>
	
	</rdf:RDF>
	</annotation>
              <listOfReactants>
          <speciesReference metaid="_658b9d4c-0888-4e31-9942-5338ec57957f" species="Far1PP"/>
        </listOfReactants>
        <listOfProducts>
          <speciesReference metaid="_4757a61b-eeb2-4565-95c3-a47eab586cf8" species="Far1"/>
        </listOfProducts>
        <kineticLaw metaid="af7e58d7-9107-4b10-8eab-1645cb1b7d9e">
          <math xmlns="http://www.w3.org/1998/Math/MathML">          
            <apply>
              <times/>
              <ci> compartment </ci>
              <ci> Far1PP </ci>
              <ci> k40 </ci>
            </apply>
          </math>
                  <listOfParameters>
            <parameter id="k40" metaid="_604149" units="min_inv" value="1"/>
          </listOfParameters>
        </kineticLaw>
      </reaction>
      <reaction id="v41" metaid="metaid_0000082">
        <annotation>
	<rdf:RDF xmlns:rdf="http://www.w3.org/1999/02/22-rdf-syntax-ns#" xmlns:bqbiol="http://biomodels.net/biology-qualifiers/">
            <rdf:Description rdf:about="#metaid_0000082">
	<bqbiol:isVersionOf>
	<rdf:Bag>
	<rdf:li rdf:resource="http://identifiers.org/go/GO:0016567"/>
	</rdf:Bag>
	</bqbiol:isVersionOf>
	</rdf:Description>
	
	</rdf:RDF>
	</annotation>
              <listOfReactants>
          <speciesReference metaid="eacdf910-54d0-477c-b834-31d062fb0d04" species="Far1"/>
        </listOfReactants>
        <listOfProducts>
          <speciesReference metaid="_5b4a6565-2c78-4f86-a58d-1bd2d3bbd87d" species="Far1U"/>
        </listOfProducts>
        <listOfModifiers>
          <modifierSpeciesReference metaid="_75e0b8a1-fb4c-4ca3-89a1-838037fed760" species="Cdc28"/>
        </listOfModifiers>
        <kineticLaw metaid="_4e24f1b3-f8e1-484f-9b47-5d548f35fb51">
          <math xmlns="http://www.w3.org/1998/Math/MathML">          
            <apply>
              <times/>
              <ci> compartment </ci>
              <ci> Far1 </ci>
              <ci> Cdc28 </ci>
              <ci> k41 </ci>
            </apply>
          </math>
                  <listOfParameters>
            <parameter id="k41" metaid="_604150" units="min_inv_nM_inv" value="0.02"/>
          </listOfParameters>
        </kineticLaw>
      </reaction>
      <reaction id="v42" metaid="metaid_0000083">
        <listOfReactants>
          <speciesReference metaid="a663f3a9-13a8-4d00-834d-a18b724922b3" species="Gbc"/>
          <speciesReference metaid="a8981d64-3523-487d-9d76-814f0f2ecad3" species="Far1PP"/>
        </listOfReactants>
        <listOfProducts>
          <speciesReference metaid="_770d5e5e-6552-4774-a8bb-470e814b3851" species="complexM"/>
        </listOfProducts>
        <kineticLaw metaid="_27c994be-fccc-406d-b67a-6ba3239cb36d">
          <math xmlns="http://www.w3.org/1998/Math/MathML">          
            <apply>
              <times/>
              <ci> compartment </ci>
              <ci> Gbc </ci>
              <ci> Far1PP </ci>
              <ci> k42 </ci>
            </apply>
          </math>
                  <listOfParameters>
            <parameter id="k42" metaid="_604151" units="min_inv_nM_inv" value="0.1"/>
          </listOfParameters>
        </kineticLaw>
      </reaction>
      <reaction id="v43" metaid="metaid_0000084">
        <annotation>
	<rdf:RDF xmlns:rdf="http://www.w3.org/1999/02/22-rdf-syntax-ns#" xmlns:bqbiol="http://biomodels.net/biology-qualifiers/">
            <rdf:Description rdf:about="#metaid_0000084">
	<bqbiol:isVersionOf>
	<rdf:Bag>
	<rdf:li rdf:resource="http://identifiers.org/go/GO:0043241"/>
	</rdf:Bag>
	</bqbiol:isVersionOf>
	</rdf:Description>
	
	</rdf:RDF>
	</annotation>
              <listOfReactants>
          <speciesReference metaid="af40d82b-2ac3-4e05-a08d-bdd620c31943" species="complexM"/>
        </listOfReactants>
        <listOfProducts>
          <speciesReference metaid="_0e75eb4f-c0c4-47b8-8c0b-b7e6d99ccad2" species="Gbc"/>
          <speciesReference metaid="_447b5504-8e0f-4698-9d19-c1e5bb778f85" species="Far1PP"/>
        </listOfProducts>
        <kineticLaw metaid="_2ac97026-fe60-41d5-9936-de29579fea3e">
          <math xmlns="http://www.w3.org/1998/Math/MathML">          
            <apply>
              <times/>
              <ci> compartment </ci>
              <ci> complexM </ci>
              <ci> k43 </ci>
            </apply>
          </math>
                  <listOfParameters>
            <parameter id="k43" metaid="_604153" units="min_inv" value="0.01"/>
          </listOfParameters>
        </kineticLaw>
      </reaction>
      <reaction id="v44" metaid="metaid_0000085">
        <annotation>
	<rdf:RDF xmlns:rdf="http://www.w3.org/1999/02/22-rdf-syntax-ns#" xmlns:bqbiol="http://biomodels.net/biology-qualifiers/">
            <rdf:Description rdf:about="#metaid_0000085">
	<bqbiol:isVersionOf>
	<rdf:Bag>
	<rdf:li rdf:resource="http://identifiers.org/go/GO:0043241"/>
	</rdf:Bag>
	</bqbiol:isVersionOf>
	</rdf:Description>
	
	</rdf:RDF>
	</annotation>
              <listOfReactants>
          <speciesReference metaid="_06c74bd1-84d8-4e21-b886-ed305ee3198f" species="complexN"/>
        </listOfReactants>
        <listOfProducts>
          <speciesReference metaid="_73a53fa2-3ebf-45ff-aa92-487372e12072" species="Cdc28"/>
          <speciesReference metaid="e713a5b8-32d3-43d4-909d-c06397282b94" species="Far1PP"/>
        </listOfProducts>
        <kineticLaw metaid="_74fe3011-71e2-451a-bb2e-715d7c147c27">
          <math xmlns="http://www.w3.org/1998/Math/MathML">          
            <apply>
              <times/>
              <ci> compartment </ci>
              <ci> complexN </ci>
              <ci> k44 </ci>
            </apply>
          </math>
                  <listOfParameters>
            <parameter id="k44" metaid="_604154" units="min_inv" value="0.01"/>
          </listOfParameters>
        </kineticLaw>
      </reaction>
      <reaction id="v45" metaid="metaid_0000086">
        <annotation>
	<rdf:RDF xmlns:rdf="http://www.w3.org/1999/02/22-rdf-syntax-ns#" xmlns:bqbiol="http://biomodels.net/biology-qualifiers/">
            <rdf:Description rdf:about="#metaid_0000086">
	<bqbiol:isVersionOf>
	<rdf:Bag>
	<rdf:li rdf:resource="http://identifiers.org/go/GO:0004861"/>
	</rdf:Bag>
	</bqbiol:isVersionOf>
	</rdf:Description>
	
	</rdf:RDF>
	</annotation>
              <listOfReactants>
          <speciesReference metaid="_99dddc2d-c95a-4945-813d-2f08bc854563" species="Cdc28"/>
          <speciesReference metaid="fd1d9ed4-79bf-433f-a31d-2fc45ed3ca82" species="Far1PP"/>
        </listOfReactants>
        <listOfProducts>
          <speciesReference metaid="f27fbd57-dea4-4e2f-b7df-568bc30bdae7" species="complexN"/>
        </listOfProducts>
        <kineticLaw metaid="_1ff42fc8-185a-4c34-99a0-ad616b52e6a1">
          <math xmlns="http://www.w3.org/1998/Math/MathML">          
            <apply>
              <times/>
              <ci> compartment </ci>
              <ci> Far1PP </ci>
              <ci> Cdc28 </ci>
              <ci> k45 </ci>
            </apply>
          </math>
                  <listOfParameters>
            <parameter id="k45" metaid="_604155" units="min_inv_nM_inv" value="0.1"/>
          </listOfParameters>
        </kineticLaw>
      </reaction>
      <reaction id="v46" metaid="metaid_0000087">
        <annotation>
	<rdf:RDF xmlns:rdf="http://www.w3.org/1999/02/22-rdf-syntax-ns#" xmlns:bqbiol="http://biomodels.net/biology-qualifiers/">
            <rdf:Description rdf:about="#metaid_0000087">
	<bqbiol:isVersionOf>
	<rdf:Bag>
	<rdf:li rdf:resource="http://identifiers.org/ec-code/2.7.11.24"/>
	<rdf:li rdf:resource="http://identifiers.org/go/GO:0004707"/>
	</rdf:Bag>
	</bqbiol:isVersionOf>
	</rdf:Description>
	
	</rdf:RDF>
	</annotation>
              <listOfReactants>
          <speciesReference metaid="ead0b70f-3965-4e8b-9261-0e4357227f84" species="p"/>
        </listOfReactants>
        <listOfProducts>
          <speciesReference metaid="_33713607-1af9-4781-8bcb-667d2b9e2ce8" species="Sst2"/>
        </listOfProducts>
        <listOfModifiers>
          <modifierSpeciesReference metaid="db20f870-5a12-4755-9328-eb0346750bd1" species="Fus3PP"/>
        </listOfModifiers>
        <kineticLaw metaid="_3345354c-0890-43ab-8952-153eaaaa67bc">
          <math xmlns="http://www.w3.org/1998/Math/MathML">          
            <apply>
              <times/>
              <ci> compartment </ci>
              <apply>
                <divide/>
                <apply>
                  <power/>
                  <ci> Fus3PP </ci>
                  <cn type="integer"> 2 </cn>
                </apply>
                <apply>
                  <plus/>
                  <apply>
                    <power/>
                    <cn type="integer"> 4 </cn>
                    <cn type="integer"> 2 </cn>
                  </apply>
                  <apply>
                    <power/>
                    <ci> Fus3PP </ci>
                    <cn type="integer"> 2 </cn>
                  </apply>
                </apply>
              </apply>
              <ci> k46 </ci>
            </apply>
          </math>
                  <listOfParameters>
            <parameter id="k46" metaid="_604156" units="nM_min_inv" value="200"/>
          </listOfParameters>
        </kineticLaw>
      </reaction>
      <reaction id="v47" metaid="metaid_0000088">
        <listOfReactants>
          <speciesReference metaid="b4f1642a-f308-4606-8173-e811f192b222" species="Sst2"/>
        </listOfReactants>
        <listOfProducts>
          <speciesReference metaid="a4e977d6-90c7-4d06-a506-d0d31cd3c9a5" species="p"/>
        </listOfProducts>
        <kineticLaw metaid="_74482475-092c-4712-90ee-91b5ab5f2379">
          <math xmlns="http://www.w3.org/1998/Math/MathML">          
            <apply>
              <times/>
              <ci> compartment </ci>
              <ci> Sst2 </ci>
              <ci> k47 </ci>
            </apply>
          </math>
                  <listOfParameters>
            <parameter id="k47" metaid="_604158" units="min_inv" value="1"/>
          </listOfParameters>
        </kineticLaw>
      </reaction>
    </listOfReactions>
  </model>
</sbml>