<?xml version="1.0" encoding="UTF-8"?>
<sbml xmlns="http://www.sbml.org/sbml/level2" metaid="metaid_0000001" level="2" version="1">
  <model metaid="_797345" id="Clarke2006_Smad_signalling" name="Clarke2006_Smad_signalling">
    <notes>
      <body xmlns="http://www.w3.org/1999/xhtml">
        <p>The model reproduces the temporal evolution of four variables depicted in Fig 2a. The solution is generated for median parameter values as given in Table 3. Result shown was generated by MathSBML.</p>
        <p>This model originates from BioModels Database: A Database of Annotated Published Models. It is copyright (c) 2005-2010 The BioModels.net Team.      <br/>
          For more information see the      <a href="http://www.ebi.ac.uk/biomodels/legal.html" target="_blank">terms of use</a>
          .      <br/>
          To cite BioModels Database, please use:      <a href="http://www.ncbi.nlm.nih.gov/pubmed/20587024" target="_blank">Li C, Donizelli M, Rodriguez N, Dharuri H, Endler L, Chelliah V, Li L, He E, Henry A, Stefan MI, Snoep JL, Hucka M, Le Novère N, Laibe C (2010) BioModels Database: An enhanced, curated and annotated resource for published quantitative kinetic models. BMC Syst Biol., 4:92.</a></p>
      </body>
    </notes>
    <annotation>
      <rdf:RDF xmlns:rdf="http://www.w3.org/1999/02/22-rdf-syntax-ns#" xmlns:bqmodel="http://biomodels.net/model-qualifiers/" xmlns:vCard="http://www.w3.org/2001/vcard-rdf/3.0#" xmlns:dc="http://purl.org/dc/elements/1.1/" xmlns:dcterms="http://purl.org/dc/terms/" xmlns:bqbiol="http://biomodels.net/biology-qualifiers/">
        <rdf:Description rdf:about="#_797345">
          <dc:creator>
            <rdf:Bag>
              <rdf:li rdf:parseType="Resource">
                <vCard:N rdf:parseType="Resource">
                  <vCard:Family>Dharuri</vCard:Family>
                  <vCard:Given>Harish</vCard:Given>
                </vCard:N>
                <vCard:EMAIL>hdharuri@cds.caltech.edu</vCard:EMAIL>
                <vCard:ORG rdf:parseType="Resource">
                  <vCard:Orgname>California Institute of Technology</vCard:Orgname>
                </vCard:ORG>
              </rdf:li>
              <rdf:li rdf:parseType="Resource">
                <vCard:N rdf:parseType="Resource">
                  <vCard:Family>Wegner</vCard:Family>
                  <vCard:Given>Katja</vCard:Given>
                </vCard:N>
                <vCard:EMAIL>k.wegner@herts.ac.uk</vCard:EMAIL>
                <vCard:ORG rdf:parseType="Resource">
                  <vCard:Orgname>University of Hertfordshire</vCard:Orgname>
                </vCard:ORG>
              </rdf:li>
            </rdf:Bag>
          </dc:creator>
          <dcterms:created rdf:parseType="Resource">
            <dcterms:W3CDTF>2006-11-29T11:35:49Z</dcterms:W3CDTF>
          </dcterms:created>
          <dcterms:modified rdf:parseType="Resource">
            <dcterms:W3CDTF>2010-10-29T13:55:44Z</dcterms:W3CDTF>
          </dcterms:modified>
          <bqmodel:is>
            <rdf:Bag>
              <rdf:li rdf:resource="http://identifiers.org/biomodels.db/MODEL4024559990"/>
            </rdf:Bag>
          </bqmodel:is>
          <bqmodel:is>
            <rdf:Bag>
              <rdf:li rdf:resource="http://identifiers.org/biomodels.db/BIOMD0000000112"/>
            </rdf:Bag>
          </bqmodel:is>
          <bqmodel:isDescribedBy>
            <rdf:Bag>
              <rdf:li rdf:resource="http://identifiers.org/pubmed/17186703"/>
            </rdf:Bag>
          </bqmodel:isDescribedBy>
          <bqbiol:hasTaxon>
            <rdf:Bag>
              <rdf:li rdf:resource="http://identifiers.org/taxonomy/452646"/>
            </rdf:Bag>
          </bqbiol:hasTaxon>
          <bqbiol:isPartOf>
            <rdf:Bag>
              <rdf:li rdf:resource="http://identifiers.org/kegg.pathway/hsa04350"/>
            </rdf:Bag>
          </bqbiol:isPartOf>
          <bqbiol:is>
            <rdf:Bag>
              <rdf:li rdf:resource="http://identifiers.org/obo.go/GO:0007179"/>
            </rdf:Bag>
          </bqbiol:is>
        </rdf:Description>
      </rdf:RDF>
    </annotation>
    <listOfUnitDefinitions>
      <unitDefinition metaid="metaid_0000027" id="time" name="minutes">
        <listOfUnits>
          <unit metaid="_734478" kind="second" multiplier="60"/>
        </listOfUnits>
      </unitDefinition>
      <unitDefinition metaid="metaid_0000028" id="substance">
        <listOfUnits>
          <unit metaid="_734490" kind="item"/>
        </listOfUnits>
      </unitDefinition>
      <unitDefinition metaid="metaid_0000037" id="min_inv" name="min_inv">
        <listOfUnits>
          <unit metaid="_734502" kind="second" exponent="-1" multiplier="60"/>
        </listOfUnits>
      </unitDefinition>
      <unitDefinition metaid="metaid_0002037" id="items_per_min" name="items per min">
        <listOfUnits>
          <unit metaid="_734514" kind="item"/>
          <unit metaid="_734526" kind="second" exponent="-1" multiplier="60"/>
        </listOfUnits>
      </unitDefinition>
      <unitDefinition metaid="metaid_0003037" id="per_item_min" name="per item per min">
        <listOfUnits>
          <unit metaid="_734538" kind="item" exponent="-1"/>
          <unit metaid="_734550" kind="second" exponent="-1" multiplier="60"/>
        </listOfUnits>
      </unitDefinition>
    </listOfUnitDefinitions>
    <listOfCompartments>
      <compartment metaid="_797477" id="cytoplasm" name="cytoplasm" size="1">
        <annotation>
          <rdf:RDF xmlns:rdf="http://www.w3.org/1999/02/22-rdf-syntax-ns#" xmlns:bqmodel="http://biomodels.net/model-qualifiers/" xmlns:bqbiol="http://biomodels.net/biology-qualifiers/">
            <rdf:Description rdf:about="#_797477">
              <bqbiol:is>
                <rdf:Bag>
                  <rdf:li rdf:resource="http://identifiers.org/obo.go/GO:0005737"/>
                </rdf:Bag>
              </bqbiol:is>
            </rdf:Description>
          </rdf:RDF>
        </annotation>
      </compartment>
      <compartment metaid="_797494" id="nucleus" name="nucleus" size="1" outside="cytoplasm">
        <annotation>
          <rdf:RDF xmlns:rdf="http://www.w3.org/1999/02/22-rdf-syntax-ns#" xmlns:bqmodel="http://biomodels.net/model-qualifiers/" xmlns:bqbiol="http://biomodels.net/biology-qualifiers/">
            <rdf:Description rdf:about="#_797494">
              <bqbiol:is>
                <rdf:Bag>
                  <rdf:li rdf:resource="http://identifiers.org/obo.go/GO:0005634"/>
                </rdf:Bag>
              </bqbiol:is>
            </rdf:Description>
          </rdf:RDF>
        </annotation>
      </compartment>
    </listOfCompartments>
    <listOfSpecies>
      <species metaid="_797495" id="receptor" name="receptors" compartment="cytoplasm" initialAmount="10000" hasOnlySubstanceUnits="true">
        <annotation>
          <rdf:RDF xmlns:rdf="http://www.w3.org/1999/02/22-rdf-syntax-ns#" xmlns:bqmodel="http://biomodels.net/model-qualifiers/" xmlns:bqbiol="http://biomodels.net/biology-qualifiers/">
            <rdf:Description rdf:about="#_797495">
              <bqbiol:hasPart>
                <rdf:Bag>
                  <rdf:li rdf:resource="http://identifiers.org/uniprot/P36897"/>
                  <rdf:li rdf:resource="http://identifiers.org/uniprot/P37173"/>
                </rdf:Bag>
              </bqbiol:hasPart>
            </rdf:Description>
          </rdf:RDF>
        </annotation>
      </species>
      <species metaid="_797514" id="R_smad_cyt" name="R-Smad_cyt" compartment="cytoplasm" initialAmount="162000" hasOnlySubstanceUnits="true">
        <annotation>
          <rdf:RDF xmlns:rdf="http://www.w3.org/1999/02/22-rdf-syntax-ns#" xmlns:bqmodel="http://biomodels.net/model-qualifiers/" xmlns:bqbiol="http://biomodels.net/biology-qualifiers/">
            <rdf:Description rdf:about="#_797514">
              <bqbiol:isHomologTo>
                <rdf:Bag>
                  <rdf:li rdf:resource="http://identifiers.org/uniprot/Q15796"/>
                </rdf:Bag>
              </bqbiol:isHomologTo>
            </rdf:Description>
          </rdf:RDF>
        </annotation>
      </species>
      <species metaid="_797534" id="R_smad_P_cyt" name="R-Smad-P_cyt" compartment="cytoplasm" initialAmount="0" hasOnlySubstanceUnits="true">
        <annotation>
          <rdf:RDF xmlns:rdf="http://www.w3.org/1999/02/22-rdf-syntax-ns#" xmlns:bqmodel="http://biomodels.net/model-qualifiers/" xmlns:bqbiol="http://biomodels.net/biology-qualifiers/">
            <rdf:Description rdf:about="#_797534">
              <bqbiol:isHomologTo>
                <rdf:Bag>
                  <rdf:li rdf:resource="http://identifiers.org/uniprot/Q15796"/>
                </rdf:Bag>
              </bqbiol:isHomologTo>
            </rdf:Description>
          </rdf:RDF>
        </annotation>
      </species>
      <species metaid="_797554" id="smad4_cyt" name="Smad4_cyt" compartment="cytoplasm" initialAmount="120000" hasOnlySubstanceUnits="true">
        <annotation>
          <rdf:RDF xmlns:rdf="http://www.w3.org/1999/02/22-rdf-syntax-ns#" xmlns:bqmodel="http://biomodels.net/model-qualifiers/" xmlns:bqbiol="http://biomodels.net/biology-qualifiers/">
            <rdf:Description rdf:about="#_797554">
              <bqbiol:isHomologTo>
                <rdf:Bag>
                  <rdf:li rdf:resource="http://identifiers.org/uniprot/Q13485"/>
                </rdf:Bag>
              </bqbiol:isHomologTo>
            </rdf:Description>
          </rdf:RDF>
        </annotation>
      </species>
      <species metaid="_797574" id="R_smad_P_smad4_cyt" name="R-Smad-P-Smad4_cyt" compartment="cytoplasm" initialAmount="0" hasOnlySubstanceUnits="true">
        <annotation>
          <rdf:RDF xmlns:rdf="http://www.w3.org/1999/02/22-rdf-syntax-ns#" xmlns:bqmodel="http://biomodels.net/model-qualifiers/" xmlns:bqbiol="http://biomodels.net/biology-qualifiers/">
            <rdf:Description rdf:about="#_797574">
              <bqbiol:hasPart>
                <rdf:Bag>
                  <rdf:li rdf:resource="http://identifiers.org/uniprot/Q13485"/>
                  <rdf:li rdf:resource="http://identifiers.org/uniprot/Q15796"/>
                </rdf:Bag>
              </bqbiol:hasPart>
            </rdf:Description>
          </rdf:RDF>
        </annotation>
      </species>
      <species metaid="_797594" id="R_smad_P_smad4_nuc" name="R-Smad-P-Smad4_nuc" compartment="nucleus" initialAmount="0" hasOnlySubstanceUnits="true">
        <annotation>
          <rdf:RDF xmlns:rdf="http://www.w3.org/1999/02/22-rdf-syntax-ns#" xmlns:bqmodel="http://biomodels.net/model-qualifiers/" xmlns:bqbiol="http://biomodels.net/biology-qualifiers/">
            <rdf:Description rdf:about="#_797594">
              <bqbiol:hasPart>
                <rdf:Bag>
                  <rdf:li rdf:resource="http://identifiers.org/uniprot/Q15796"/>
                  <rdf:li rdf:resource="http://identifiers.org/uniprot/Q13485"/>
                </rdf:Bag>
              </bqbiol:hasPart>
            </rdf:Description>
          </rdf:RDF>
        </annotation>
      </species>
      <species metaid="_797614" id="R_smad_nuc" name="R-Smad_nuc" compartment="nucleus" initialAmount="18000" hasOnlySubstanceUnits="true">
        <annotation>
          <rdf:RDF xmlns:rdf="http://www.w3.org/1999/02/22-rdf-syntax-ns#" xmlns:bqmodel="http://biomodels.net/model-qualifiers/" xmlns:bqbiol="http://biomodels.net/biology-qualifiers/">
            <rdf:Description rdf:about="#_797614">
              <bqbiol:isHomologTo>
                <rdf:Bag>
                  <rdf:li rdf:resource="http://identifiers.org/uniprot/Q15796"/>
                </rdf:Bag>
              </bqbiol:isHomologTo>
            </rdf:Description>
          </rdf:RDF>
        </annotation>
      </species>
      <species metaid="_797634" id="R_smad_P_nuc" name="R-Smad-P_nuc" compartment="nucleus" initialAmount="0" hasOnlySubstanceUnits="true">
        <annotation>
          <rdf:RDF xmlns:rdf="http://www.w3.org/1999/02/22-rdf-syntax-ns#" xmlns:bqmodel="http://biomodels.net/model-qualifiers/" xmlns:bqbiol="http://biomodels.net/biology-qualifiers/">
            <rdf:Description rdf:about="#_797634">
              <bqbiol:isHomologTo>
                <rdf:Bag>
                  <rdf:li rdf:resource="http://identifiers.org/uniprot/Q15796"/>
                </rdf:Bag>
              </bqbiol:isHomologTo>
            </rdf:Description>
          </rdf:RDF>
        </annotation>
      </species>
      <species metaid="_797654" id="smad4_nuc" name="Smad4_nuc" compartment="nucleus" initialAmount="30000" hasOnlySubstanceUnits="true">
        <annotation>
          <rdf:RDF xmlns:rdf="http://www.w3.org/1999/02/22-rdf-syntax-ns#" xmlns:bqmodel="http://biomodels.net/model-qualifiers/" xmlns:bqbiol="http://biomodels.net/biology-qualifiers/">
            <rdf:Description rdf:about="#_797654">
              <bqbiol:isHomologTo>
                <rdf:Bag>
                  <rdf:li rdf:resource="http://identifiers.org/uniprot/Q13485"/>
                </rdf:Bag>
              </bqbiol:isHomologTo>
            </rdf:Description>
          </rdf:RDF>
        </annotation>
      </species>
      <species metaid="_797674" id="Pi" name="Pi" compartment="nucleus" initialAmount="0" hasOnlySubstanceUnits="true">
        <annotation>
          <rdf:RDF xmlns:rdf="http://www.w3.org/1999/02/22-rdf-syntax-ns#" xmlns:bqmodel="http://biomodels.net/model-qualifiers/" xmlns:bqbiol="http://biomodels.net/biology-qualifiers/">
            <rdf:Description rdf:about="#_797674">
              <bqbiol:is>
                <rdf:Bag>
                  <rdf:li rdf:resource="http://identifiers.org/obo.chebi/CHEBI:18367"/>
                  <rdf:li rdf:resource="http://identifiers.org/kegg.compound/C00009"/>
                </rdf:Bag>
              </bqbiol:is>
            </rdf:Description>
          </rdf:RDF>
        </annotation>
      </species>
    </listOfSpecies>
    <listOfParameters>
      <parameter metaid="metaid_0000029" id="sum_R_smad_cyt" name="sum_R_smad_cyt" value="0" constant="false"/>
      <parameter metaid="metaid_0000030" id="sum_R_smad_nuc" name="sum_R_smad_nuc" value="0" constant="false"/>
      <parameter metaid="metaid_0000031" id="sum_smad4_cyt" name="sum_Smad4_cyt" value="0" constant="false"/>
      <parameter metaid="metaid_0000032" id="sum_smad4_nuc" name="sum_Smad4_nuc" value="0" constant="false"/>
    </listOfParameters>
    <listOfRules>
      <assignmentRule metaid="metaid_0000033" variable="sum_R_smad_nuc">
        <math xmlns="http://www.w3.org/1998/Math/MathML">
          <apply>
            <plus/>
            <ci> R_smad_nuc </ci>
            <ci> R_smad_P_nuc </ci>
            <ci> R_smad_P_smad4_nuc </ci>
          </apply>
        </math>
      </assignmentRule>
      <assignmentRule metaid="metaid_0000034" variable="sum_smad4_nuc">
        <math xmlns="http://www.w3.org/1998/Math/MathML">
          <apply>
            <plus/>
            <ci> smad4_nuc </ci>
            <ci> R_smad_P_smad4_nuc </ci>
          </apply>
        </math>
      </assignmentRule>
      <assignmentRule metaid="metaid_0000035" variable="sum_R_smad_cyt">
        <math xmlns="http://www.w3.org/1998/Math/MathML">
          <apply>
            <plus/>
            <ci> R_smad_cyt </ci>
            <ci> R_smad_P_cyt </ci>
            <ci> R_smad_P_smad4_cyt </ci>
          </apply>
        </math>
      </assignmentRule>
      <assignmentRule metaid="metaid_0000036" variable="sum_smad4_cyt">
        <math xmlns="http://www.w3.org/1998/Math/MathML">
          <apply>
            <plus/>
            <ci> smad4_cyt </ci>
            <ci> R_smad_P_smad4_cyt </ci>
          </apply>
        </math>
      </assignmentRule>
    </listOfRules>
    <listOfReactions>
      <reaction metaid="_797694" id="reaction_1" name="Phosphorylation" reversible="false">
        <annotation>
          <rdf:RDF xmlns:rdf="http://www.w3.org/1999/02/22-rdf-syntax-ns#" xmlns:bqmodel="http://biomodels.net/model-qualifiers/" xmlns:bqbiol="http://biomodels.net/biology-qualifiers/">
            <rdf:Description rdf:about="#_797694">
              <bqbiol:is>
                <rdf:Bag>
                  <rdf:li rdf:resource="http://identifiers.org/ec-code/2.7.11.30"/>
                  <rdf:li rdf:resource="http://identifiers.org/obo.go/GO:0030618"/>
                  <rdf:li rdf:resource="http://identifiers.org/obo.go/GO:0004674"/>
                </rdf:Bag>
              </bqbiol:is>
            </rdf:Description>
          </rdf:RDF>
        </annotation>
        <listOfReactants>
          <speciesReference metaid="_734562" species="R_smad_cyt"/>
        </listOfReactants>
        <listOfProducts>
          <speciesReference metaid="_734574" species="R_smad_P_cyt"/>
        </listOfProducts>
        <listOfModifiers>
          <modifierSpeciesReference metaid="_734586" species="receptor"/>
        </listOfModifiers>
        <kineticLaw metaid="_734598">
          <math xmlns="http://www.w3.org/1998/Math/MathML">
            <apply>
              <divide/>
              <apply>
                <times/>
                <ci> KCAT </ci>
                <ci> receptor </ci>
                <ci> R_smad_cyt </ci>
              </apply>
              <apply>
                <plus/>
                <ci> K1 </ci>
                <ci> R_smad_cyt </ci>
              </apply>
            </apply>
          </math>
          <listOfParameters>
            <parameter metaid="_515026" id="KCAT" value="3.51" units="min_inv"/>
            <parameter metaid="_515027" id="K1" value="289000" units="substance"/>
          </listOfParameters>
        </kineticLaw>
      </reaction>
      <reaction metaid="_797714" id="reaction_5" name="R-Smad translocation">
        <annotation>
          <rdf:RDF xmlns:rdf="http://www.w3.org/1999/02/22-rdf-syntax-ns#" xmlns:bqmodel="http://biomodels.net/model-qualifiers/" xmlns:bqbiol="http://biomodels.net/biology-qualifiers/">
            <rdf:Description rdf:about="#_797714">
              <bqbiol:is>
                <rdf:Bag>
                  <rdf:li rdf:resource="http://identifiers.org/obo.go/GO:0007184"/>
                </rdf:Bag>
              </bqbiol:is>
            </rdf:Description>
          </rdf:RDF>
        </annotation>
        <listOfReactants>
          <speciesReference metaid="_734610" species="R_smad_nuc"/>
        </listOfReactants>
        <listOfProducts>
          <speciesReference metaid="_734621" species="R_smad_cyt"/>
        </listOfProducts>
        <kineticLaw metaid="_734633">
          <math xmlns="http://www.w3.org/1998/Math/MathML">
            <apply>
              <minus/>
              <apply>
                <times/>
                <ci> k5nc </ci>
                <ci> R_smad_nuc </ci>
              </apply>
              <apply>
                <times/>
                <ci> k5cn </ci>
                <ci> R_smad_cyt </ci>
              </apply>
            </apply>
          </math>
          <listOfParameters>
            <parameter metaid="_515028" id="k5nc" value="5.63" units="min_inv"/>
            <parameter metaid="_515029" id="k5cn" value="0.563" units="min_inv"/>
          </listOfParameters>
        </kineticLaw>
      </reaction>
      <reaction metaid="_797734" id="reaction_4" name="Smad4 translocation">
        <annotation>
          <rdf:RDF xmlns:rdf="http://www.w3.org/1999/02/22-rdf-syntax-ns#" xmlns:bqmodel="http://biomodels.net/model-qualifiers/" xmlns:bqbiol="http://biomodels.net/biology-qualifiers/">
            <rdf:Description rdf:about="#_797734">
              <bqbiol:is>
                <rdf:Bag>
                  <rdf:li rdf:resource="http://identifiers.org/obo.go/GO:0006611"/>
                </rdf:Bag>
              </bqbiol:is>
            </rdf:Description>
          </rdf:RDF>
        </annotation>
        <listOfReactants>
          <speciesReference metaid="_734645" species="smad4_nuc"/>
        </listOfReactants>
        <listOfProducts>
          <speciesReference metaid="_734657" species="smad4_cyt"/>
        </listOfProducts>
        <kineticLaw metaid="_734669">
          <math xmlns="http://www.w3.org/1998/Math/MathML">
            <apply>
              <minus/>
              <apply>
                <times/>
                <ci> k4nc </ci>
                <ci> smad4_nuc </ci>
              </apply>
              <apply>
                <times/>
                <ci> k4cn </ci>
                <ci> smad4_cyt </ci>
              </apply>
            </apply>
          </math>
          <listOfParameters>
            <parameter metaid="_515030" id="k4nc" value="0.783" units="min_inv"/>
            <parameter metaid="_515031" id="k4cn" value="0.00497" units="min_inv"/>
          </listOfParameters>
        </kineticLaw>
      </reaction>
      <reaction metaid="_797754" id="reaction_2" name="Complex formation">
        <annotation>
          <rdf:RDF xmlns:rdf="http://www.w3.org/1999/02/22-rdf-syntax-ns#" xmlns:bqmodel="http://biomodels.net/model-qualifiers/" xmlns:bqbiol="http://biomodels.net/biology-qualifiers/">
            <rdf:Description rdf:about="#_797754">
              <bqbiol:is>
                <rdf:Bag>
                  <rdf:li rdf:resource="http://identifiers.org/obo.go/GO:0030616"/>
                  <rdf:li rdf:resource="http://identifiers.org/obo.go/GO:0007183"/>
                </rdf:Bag>
              </bqbiol:is>
            </rdf:Description>
          </rdf:RDF>
        </annotation>
        <listOfReactants>
          <speciesReference metaid="_734681" species="R_smad_P_cyt"/>
          <speciesReference metaid="_734693" species="smad4_cyt"/>
        </listOfReactants>
        <listOfProducts>
          <speciesReference metaid="_734705" species="R_smad_P_smad4_cyt"/>
        </listOfProducts>
        <kineticLaw metaid="_734717">
          <math xmlns="http://www.w3.org/1998/Math/MathML">
            <apply>
              <minus/>
              <apply>
                <times/>
                <ci> k2a </ci>
                <ci> R_smad_P_cyt </ci>
                <ci> smad4_cyt </ci>
              </apply>
              <apply>
                <times/>
                <ci> k2d </ci>
                <ci> R_smad_P_smad4_cyt </ci>
              </apply>
            </apply>
          </math>
          <listOfParameters>
            <parameter metaid="_515032" id="k2a" value="6.5e-05" units="per_item_min"/>
            <parameter metaid="_515033" id="k2d" value="0.0399" units="min_inv"/>
          </listOfParameters>
        </kineticLaw>
      </reaction>
      <reaction metaid="_797774" id="reaction_3" name="Complex translocation" reversible="false">
        <annotation>
          <rdf:RDF xmlns:rdf="http://www.w3.org/1999/02/22-rdf-syntax-ns#" xmlns:bqmodel="http://biomodels.net/model-qualifiers/" xmlns:bqbiol="http://biomodels.net/biology-qualifiers/">
            <rdf:Description rdf:about="#_797774">
              <bqbiol:is>
                <rdf:Bag>
                  <rdf:li rdf:resource="http://identifiers.org/obo.go/GO:0007184"/>
                </rdf:Bag>
              </bqbiol:is>
            </rdf:Description>
          </rdf:RDF>
        </annotation>
        <listOfReactants>
          <speciesReference metaid="_734730" species="R_smad_P_smad4_cyt"/>
        </listOfReactants>
        <listOfProducts>
          <speciesReference metaid="_734742" species="R_smad_P_smad4_nuc"/>
        </listOfProducts>
        <kineticLaw metaid="_734755">
          <math xmlns="http://www.w3.org/1998/Math/MathML">
            <apply>
              <times/>
              <ci> k3 </ci>
              <ci> R_smad_P_smad4_cyt </ci>
            </apply>
          </math>
          <listOfParameters>
            <parameter metaid="_515034" id="k3" value="16.6" units="min_inv"/>
          </listOfParameters>
        </kineticLaw>
      </reaction>
      <reaction metaid="_797794" id="reaction_6" name="Complex in nucleus">
        <annotation>
          <rdf:RDF xmlns:rdf="http://www.w3.org/1999/02/22-rdf-syntax-ns#" xmlns:bqmodel="http://biomodels.net/model-qualifiers/" xmlns:bqbiol="http://biomodels.net/biology-qualifiers/">
            <rdf:Description rdf:about="#_797794">
              <bqbiol:is>
                <rdf:Bag>
                  <rdf:li rdf:resource="http://identifiers.org/obo.go/GO:0043624"/>
                </rdf:Bag>
              </bqbiol:is>
            </rdf:Description>
          </rdf:RDF>
        </annotation>
        <listOfReactants>
          <speciesReference metaid="_734767" species="R_smad_P_smad4_nuc"/>
        </listOfReactants>
        <listOfProducts>
          <speciesReference metaid="_734779" species="smad4_nuc"/>
          <speciesReference metaid="_734791" species="R_smad_P_nuc"/>
        </listOfProducts>
        <kineticLaw metaid="_734803">
          <math xmlns="http://www.w3.org/1998/Math/MathML">
            <apply>
              <minus/>
              <apply>
                <times/>
                <ci> k6d </ci>
                <ci> R_smad_P_smad4_nuc </ci>
              </apply>
              <apply>
                <times/>
                <ci> k6a </ci>
                <ci> smad4_nuc </ci>
                <ci> R_smad_P_nuc </ci>
              </apply>
            </apply>
          </math>
          <listOfParameters>
            <parameter metaid="_515035" id="k6d" value="0.0492" units="min_inv"/>
            <parameter metaid="_515036" id="k6a" value="0.000144" units="per_item_min"/>
          </listOfParameters>
        </kineticLaw>
      </reaction>
      <reaction metaid="_797814" id="reaction_7" name="Dephosphorylation" reversible="false">
        <annotation>
          <rdf:RDF xmlns:rdf="http://www.w3.org/1999/02/22-rdf-syntax-ns#" xmlns:bqmodel="http://biomodels.net/model-qualifiers/" xmlns:bqbiol="http://biomodels.net/biology-qualifiers/">
            <rdf:Description rdf:about="#_797814">
              <bqbiol:is>
                <rdf:Bag>
                  <rdf:li rdf:resource="http://identifiers.org/obo.go/GO:0006470"/>
                </rdf:Bag>
              </bqbiol:is>
            </rdf:Description>
          </rdf:RDF>
        </annotation>
        <listOfReactants>
          <speciesReference metaid="_734815" species="R_smad_P_nuc"/>
        </listOfReactants>
        <listOfProducts>
          <speciesReference metaid="_734827" species="R_smad_nuc"/>
          <speciesReference metaid="_734839" species="Pi"/>
        </listOfProducts>
        <kineticLaw metaid="_734852">
          <math xmlns="http://www.w3.org/1998/Math/MathML">
            <apply>
              <divide/>
              <apply>
                <times/>
                <ci> Vmax7 </ci>
                <ci> R_smad_P_nuc </ci>
              </apply>
              <apply>
                <plus/>
                <ci> K7 </ci>
                <ci> R_smad_P_nuc </ci>
              </apply>
            </apply>
          </math>
          <listOfParameters>
            <parameter metaid="_515037" id="Vmax7" value="17100" units="items_per_min"/>
            <parameter metaid="_515038" id="K7" value="8950" units="substance"/>
          </listOfParameters>
        </kineticLaw>
      </reaction>
      <reaction metaid="_797834" id="reaction_0" name="Receptor degradation" reversible="false">
        <annotation>
          <rdf:RDF xmlns:rdf="http://www.w3.org/1999/02/22-rdf-syntax-ns#" xmlns:bqmodel="http://biomodels.net/model-qualifiers/" xmlns:bqbiol="http://biomodels.net/biology-qualifiers/">
            <rdf:Description rdf:about="#_797834">
              <bqbiol:is>
                <rdf:Bag>
                  <rdf:li rdf:resource="http://identifiers.org/obo.go/GO:0032801"/>
                </rdf:Bag>
              </bqbiol:is>
            </rdf:Description>
          </rdf:RDF>
        </annotation>
        <listOfReactants>
          <speciesReference metaid="_734864" species="receptor"/>
        </listOfReactants>
        <kineticLaw metaid="_734876">
          <math xmlns="http://www.w3.org/1998/Math/MathML">
            <apply>
              <times/>
              <cn type="integer"> 100 </cn>
              <apply>
                <exp/>
                <apply>
                  <divide/>
                  <apply>
                    <minus/>
                    <csymbol encoding="text" definitionURL="http://www.sbml.org/sbml/symbols/time"> time </csymbol>
                  </apply>
                  <cn type="integer"> 90 </cn>
                </apply>
              </apply>
            </apply>
          </math>
        </kineticLaw>
      </reaction>
    </listOfReactions>
  </model>
</sbml>
