<?xml version='1.0' encoding='UTF-8' standalone='no'?>
<sbml xmlns="http://www.sbml.org/sbml/level2/version4" level="2" version="4">
  <model id="New_Model" metaid="COPASI0" name="Simon2019 - NIK-dependent p100 processing into p52 and IkBd degradation, mass action, SBML 2v4">
    <notes>
      <body xmlns="http://www.w3.org/1999/xhtml">
        <p>This model represents NIK-dependent p100 processing into p52  and NIK-dependent IkBd degradation with mass action kinetics. Compare this mass action representation to the Michaelis-Menten model. In this model the dose-response to increasing p100 mRNA is not monotonic due to substrate complex competition.</p>
      </body>
    </notes>
    <annotation>
      <COPASI xmlns="http://www.copasi.org/static/sbml">
        <rdf:RDF xmlns:CopasiMT="http://www.copasi.org/RDF/MiriamTerms#" xmlns:bqbiol="http://biomodels.net/biology-qualifiers/" xmlns:dcterms="http://purl.org/dc/terms/" xmlns:rdf="http://www.w3.org/1999/02/22-rdf-syntax-ns#" xmlns:vCard="http://www.w3.org/2001/vcard-rdf/3.0#">
          <rdf:Description rdf:about="#COPASI0">
            <bqbiol:hasProperty>
              <rdf:Bag>
                <rdf:li rdf:resource="http://identifiers.org/ncit/C39163"/>
              </rdf:Bag>
            </bqbiol:hasProperty>
            <bqbiol:hasProperty>
              <rdf:Bag>
                <rdf:li rdf:resource="http://identifiers.org/taxonomy/9606"/>
              </rdf:Bag>
            </bqbiol:hasProperty>
            <dcterms:bibliographicCitation>
              <rdf:Bag>
                <rdf:li>
                  <rdf:Description>
                    <CopasiMT:isDescribedBy rdf:resource="http://identifiers.org/pubmed/31048505"/>
                  </rdf:Description>
                </rdf:li>
              </rdf:Bag>
            </dcterms:bibliographicCitation>
            <dcterms:created>
              <rdf:Description>
                <dcterms:W3CDTF>2019-02-18T09:30:49Z</dcterms:W3CDTF>
              </rdf:Description>
            </dcterms:created>
            <dcterms:creator>
              <rdf:Bag>
                <rdf:li>
                  <rdf:Description>
                    <vCard:EMAIL>Simon.Mitchell@ucla.edu</vCard:EMAIL>
                    <vCard:N>
                      <rdf:Description>
                        <vCard:Family>Mitchell</vCard:Family>
                        <vCard:Given>Simon</vCard:Given>
                      </rdf:Description>
                    </vCard:N>
                    <vCard:ORG>
                      <rdf:Description>
                        <vCard:Orgname>UCLA</vCard:Orgname>
                      </rdf:Description>
                    </vCard:ORG>
                  </rdf:Description>
                </rdf:li>
                <rdf:li>
                  <rdf:Description>
                    <vCard:EMAIL>msharifshohan@ebi.ac.uk</vCard:EMAIL>
                    <vCard:N>
                      <rdf:Description>
                        <vCard:Family>Sharif Shohan</vCard:Family>
                        <vCard:Given>Mohammad Umer</vCard:Given>
                      </rdf:Description>
                    </vCard:N>
                    <vCard:ORG>
                      <rdf:Description>
                        <vCard:Orgname>EMBL-EBI</vCard:Orgname>
                      </rdf:Description>
                    </vCard:ORG>
                  </rdf:Description>
                </rdf:li>
                <rdf:li>
                  <rdf:Description>
                    <vCard:EMAIL>ahoffmann@ucla.edu</vCard:EMAIL>
                    <vCard:N>
                      <rdf:Description>
                        <vCard:Family>Hoffmann</vCard:Family>
                        <vCard:Given>Alexander</vCard:Given>
                      </rdf:Description>
                    </vCard:N>
                    <vCard:ORG>
                      <rdf:Description>
                        <vCard:Orgname>UCLA</vCard:Orgname>
                      </rdf:Description>
                    </vCard:ORG>
                  </rdf:Description>
                </rdf:li>
              </rdf:Bag>
            </dcterms:creator>
            <dcterms:modified>
              <rdf:Description>
                <dcterms:W3CDTF>2019-02-18T10:24:14Z</dcterms:W3CDTF>
              </rdf:Description>
            </dcterms:modified>
            <CopasiMT:is>
              <rdf:Bag>
                <rdf:li rdf:resource="http://identifiers.org/biomodels.db/MODEL1904020003"/>
              </rdf:Bag>
            </CopasiMT:is>
          </rdf:Description>
        </rdf:RDF>
      </COPASI>
      <rdf:RDF xmlns:rdf="http://www.w3.org/1999/02/22-rdf-syntax-ns#" xmlns:dc="http://purl.org/dc/elements/1.1/" xmlns:dcterms="http://purl.org/dc/terms/" xmlns:vCard="http://www.w3.org/2001/vcard-rdf/3.0#" xmlns:bqbiol="http://biomodels.net/biology-qualifiers/" xmlns:bqmodel="http://biomodels.net/model-qualifiers/">
        <rdf:Description rdf:about="#COPASI0">
	<dc:creator>
	<rdf:Bag>
	<rdf:li rdf:parseType="Resource">
	<vCard:N rdf:parseType="Resource">
	<vCard:Family>Mitchell</vCard:Family>
	<vCard:Given>Simon</vCard:Given>
	</vCard:N>
	<vCard:EMAIL>Simon.Mitchell@ucla.edu</vCard:EMAIL>
	<vCard:ORG rdf:parseType="Resource">
	<vCard:Orgname>UCLA</vCard:Orgname>
	</vCard:ORG>
	</rdf:li>
	
	<rdf:li rdf:parseType="Resource">
	<vCard:N rdf:parseType="Resource">
	<vCard:Family>Sharif Shohan</vCard:Family>
	<vCard:Given>Mohammad Umer</vCard:Given>
	</vCard:N>
	<vCard:EMAIL>msharifshohan@ebi.ac.uk</vCard:EMAIL>
	<vCard:ORG rdf:parseType="Resource">
	<vCard:Orgname>EMBL-EBI</vCard:Orgname>
	</vCard:ORG>
	</rdf:li>
	<rdf:li rdf:parseType="Resource">
	<vCard:N rdf:parseType="Resource">
	<vCard:Family>Hoffmann</vCard:Family>
	<vCard:Given>Alexander</vCard:Given>
	</vCard:N>
	<vCard:EMAIL>ahoffmann@ucla.edu</vCard:EMAIL>
	<vCard:ORG rdf:parseType="Resource">
	<vCard:Orgname>UCLA</vCard:Orgname>
	</vCard:ORG>
	</rdf:li>
	</rdf:Bag>
	</dc:creator>
	<dcterms:created rdf:parseType="Resource">
	<dcterms:W3CDTF>2019-02-18T09:30:49Z</dcterms:W3CDTF>
	</dcterms:created>
	<dcterms:modified rdf:parseType="Resource">
	<dcterms:W3CDTF>2019-02-18T10:24:14Z</dcterms:W3CDTF>
	</dcterms:modified>
	<bqbiol:is>
	<rdf:Bag>
	<rdf:li rdf:resource="http://identifiers.org/biomodels.db/MODEL1904020003"/>
	</rdf:Bag>
	</bqbiol:is>
	<bqbiol:hasProperty>
	<rdf:Bag>
	<rdf:li rdf:resource="http://identifiers.org/ncit/C39163"/>
	</rdf:Bag>
	</bqbiol:hasProperty>
	<bqbiol:hasProperty>
	<rdf:Bag>
	<rdf:li rdf:resource="http://identifiers.org/taxonomy/9606"/>
	</rdf:Bag>
	</bqbiol:hasProperty>
	<bqbiol:isDescribedBy>
	<rdf:Bag>
	<rdf:li rdf:resource="http://identifiers.org/pubmed/31048505"/>
	</rdf:Bag>
	</bqbiol:isDescribedBy>
	<bqmodel:is>
	<rdf:Bag>
	<rdf:li rdf:resource="http://identifiers.org/biomodels.db/MODEL1904020003"/>
	<rdf:li rdf:resource="http://identifiers.org/biomodels.db/BIOMD0000000870"/>
	</rdf:Bag>
	</bqmodel:is>
	</rdf:Description>
	
	
	
      </rdf:RDF>
    </annotation>
      <listOfUnitDefinitions>
      <unitDefinition id="volume" name="volume">
        <listOfUnits>
          <unit exponent="1" kind="litre" multiplier="1" scale="-3"/>
        </listOfUnits>
      </unitDefinition>
      <unitDefinition id="substance" name="substance">
        <listOfUnits>
          <unit exponent="1" kind="mole" multiplier="1" scale="-9"/>
        </listOfUnits>
      </unitDefinition>
    </listOfUnitDefinitions>
    <listOfCompartments>
      <compartment constant="true" id="compartment" name="compartment" size="1" spatialDimensions="3"/>
    </listOfCompartments>
    <listOfSpecies>
      <species boundaryCondition="true" compartment="compartment" constant="true" id="p100t" initialConcentration="2.5" metaid="COPASI1" name="p100t">
        <annotation>
          <COPASI xmlns="http://www.copasi.org/static/sbml">
            <rdf:RDF xmlns:CopasiMT="http://www.copasi.org/RDF/MiriamTerms#" xmlns:rdf="http://www.w3.org/1999/02/22-rdf-syntax-ns#">
              <rdf:Description rdf:about="#COPASI1">
                <CopasiMT:is>
                  <rdf:Bag>
                    <rdf:li rdf:resource="http://identifiers.org/ensembl/ENSG00000077150"/>
                  </rdf:Bag>
                </CopasiMT:is>
              </rdf:Description>
            </rdf:RDF>
          </COPASI>
          <rdf:RDF xmlns:rdf="http://www.w3.org/1999/02/22-rdf-syntax-ns#" xmlns:dc="http://purl.org/dc/elements/1.1/" xmlns:dcterms="http://purl.org/dc/terms/" xmlns:vCard="http://www.w3.org/2001/vcard-rdf/3.0#" xmlns:bqbiol="http://biomodels.net/biology-qualifiers/" xmlns:bqmodel="http://biomodels.net/model-qualifiers/">
            <rdf:Description rdf:about="#COPASI1">
	<bqbiol:is>
	<rdf:Bag>
	<rdf:li rdf:resource="http://identifiers.org/ensembl/ENSG00000077150"/>
	</rdf:Bag>
	</bqbiol:is>
	</rdf:Description>
	
	
	
          </rdf:RDF>
        </annotation>
            </species>
      <species boundaryCondition="false" compartment="compartment" constant="false" id="p100" initialConcentration="0" metaid="COPASI2" name="p100">
        <annotation>
          <COPASI xmlns="http://www.copasi.org/static/sbml">
            <rdf:RDF xmlns:CopasiMT="http://www.copasi.org/RDF/MiriamTerms#" xmlns:rdf="http://www.w3.org/1999/02/22-rdf-syntax-ns#">
              <rdf:Description rdf:about="#COPASI2">
                <CopasiMT:is>
                  <rdf:Bag>
                    <rdf:li rdf:resource="http://identifiers.org/uniprot/Q00653"/>
                  </rdf:Bag>
                </CopasiMT:is>
              </rdf:Description>
            </rdf:RDF>
          </COPASI>
          <rdf:RDF xmlns:rdf="http://www.w3.org/1999/02/22-rdf-syntax-ns#" xmlns:dc="http://purl.org/dc/elements/1.1/" xmlns:dcterms="http://purl.org/dc/terms/" xmlns:vCard="http://www.w3.org/2001/vcard-rdf/3.0#" xmlns:bqbiol="http://biomodels.net/biology-qualifiers/" xmlns:bqmodel="http://biomodels.net/model-qualifiers/">
            <rdf:Description rdf:about="#COPASI2">
	<bqbiol:is>
	<rdf:Bag>
	<rdf:li rdf:resource="http://identifiers.org/uniprot/Q00653"/>
	</rdf:Bag>
	</bqbiol:is>
	</rdf:Description>
	
	
	
          </rdf:RDF>
        </annotation>
            </species>
      <species boundaryCondition="false" compartment="compartment" constant="false" id="p52" initialConcentration="0" metaid="COPASI3" name="p52">
        <annotation>
          <COPASI xmlns="http://www.copasi.org/static/sbml">
            <rdf:RDF xmlns:CopasiMT="http://www.copasi.org/RDF/MiriamTerms#" xmlns:rdf="http://www.w3.org/1999/02/22-rdf-syntax-ns#">
              <rdf:Description rdf:about="#COPASI3">
                <CopasiMT:is>
                  <rdf:Bag>
                    <rdf:li rdf:resource="http://identifiers.org/uniprot/Q00653"/>
                  </rdf:Bag>
                </CopasiMT:is>
              </rdf:Description>
            </rdf:RDF>
          </COPASI>
          <rdf:RDF xmlns:rdf="http://www.w3.org/1999/02/22-rdf-syntax-ns#" xmlns:dc="http://purl.org/dc/elements/1.1/" xmlns:dcterms="http://purl.org/dc/terms/" xmlns:vCard="http://www.w3.org/2001/vcard-rdf/3.0#" xmlns:bqbiol="http://biomodels.net/biology-qualifiers/" xmlns:bqmodel="http://biomodels.net/model-qualifiers/">
            <rdf:Description rdf:about="#COPASI3">
	<bqbiol:is>
	<rdf:Bag>
	<rdf:li rdf:resource="http://identifiers.org/uniprot/Q00653"/>
	</rdf:Bag>
	</bqbiol:is>
	</rdf:Description>
	
	
	
          </rdf:RDF>
        </annotation>
            </species>
      <species boundaryCondition="false" compartment="compartment" constant="false" id="NIK" initialConcentration="10" metaid="COPASI4" name="NIK">
        <annotation>
          <COPASI xmlns="http://www.copasi.org/static/sbml">
            <rdf:RDF xmlns:CopasiMT="http://www.copasi.org/RDF/MiriamTerms#" xmlns:rdf="http://www.w3.org/1999/02/22-rdf-syntax-ns#">
              <rdf:Description rdf:about="#COPASI4">
                <CopasiMT:is>
                  <rdf:Bag>
                    <rdf:li rdf:resource="http://identifiers.org/uniprot/Q99558"/>
                  </rdf:Bag>
                </CopasiMT:is>
              </rdf:Description>
            </rdf:RDF>
          </COPASI>
          <rdf:RDF xmlns:rdf="http://www.w3.org/1999/02/22-rdf-syntax-ns#" xmlns:dc="http://purl.org/dc/elements/1.1/" xmlns:dcterms="http://purl.org/dc/terms/" xmlns:vCard="http://www.w3.org/2001/vcard-rdf/3.0#" xmlns:bqbiol="http://biomodels.net/biology-qualifiers/" xmlns:bqmodel="http://biomodels.net/model-qualifiers/">
            <rdf:Description rdf:about="#COPASI4">
	<bqbiol:is>
	<rdf:Bag>
	<rdf:li rdf:resource="http://identifiers.org/uniprot/Q99558"/>
	</rdf:Bag>
	</bqbiol:is>
	</rdf:Description>
	
	
	
          </rdf:RDF>
        </annotation>
            </species>
      <species boundaryCondition="false" compartment="compartment" constant="false" id="IkBd" initialConcentration="0" metaid="COPASI5" name="IkBd">
        <annotation>
          <COPASI xmlns="http://www.copasi.org/static/sbml">
            <rdf:RDF xmlns:CopasiMT="http://www.copasi.org/RDF/MiriamTerms#" xmlns:rdf="http://www.w3.org/1999/02/22-rdf-syntax-ns#">
              <rdf:Description rdf:about="#COPASI5">
                <CopasiMT:hasPart>
                  <rdf:Bag>
                    <rdf:li rdf:resource="http://identifiers.org/uniprot/Q00653"/>
                  </rdf:Bag>
                </CopasiMT:hasPart>
              </rdf:Description>
            </rdf:RDF>
          </COPASI>
          <rdf:RDF xmlns:rdf="http://www.w3.org/1999/02/22-rdf-syntax-ns#" xmlns:dc="http://purl.org/dc/elements/1.1/" xmlns:dcterms="http://purl.org/dc/terms/" xmlns:vCard="http://www.w3.org/2001/vcard-rdf/3.0#" xmlns:bqbiol="http://biomodels.net/biology-qualifiers/" xmlns:bqmodel="http://biomodels.net/model-qualifiers/">
            <rdf:Description rdf:about="#COPASI5">
	<bqbiol:hasPart>
	<rdf:Bag>
	<rdf:li rdf:resource="http://identifiers.org/uniprot/Q00653"/>
	</rdf:Bag>
	</bqbiol:hasPart>
	</rdf:Description>
	
	
	
          </rdf:RDF>
        </annotation>
            </species>
      <species boundaryCondition="false" compartment="compartment" constant="false" id="IkBd_NIK" initialConcentration="0" metaid="COPASI6" name="IkBd:NIK">
        <annotation>
          <COPASI xmlns="http://www.copasi.org/static/sbml">
            <rdf:RDF xmlns:CopasiMT="http://www.copasi.org/RDF/MiriamTerms#" xmlns:rdf="http://www.w3.org/1999/02/22-rdf-syntax-ns#">
              <rdf:Description rdf:about="#COPASI6">
                <CopasiMT:hasPart>
                  <rdf:Bag>
                    <rdf:li rdf:resource="http://identifiers.org/uniprot/Q99558"/>
                  </rdf:Bag>
                </CopasiMT:hasPart>
                <CopasiMT:hasPart>
                  <rdf:Bag>
                    <rdf:li rdf:resource="http://identifiers.org/uniprot/Q00653"/>
                  </rdf:Bag>
                </CopasiMT:hasPart>
              </rdf:Description>
            </rdf:RDF>
          </COPASI>
          <rdf:RDF xmlns:rdf="http://www.w3.org/1999/02/22-rdf-syntax-ns#" xmlns:dc="http://purl.org/dc/elements/1.1/" xmlns:dcterms="http://purl.org/dc/terms/" xmlns:vCard="http://www.w3.org/2001/vcard-rdf/3.0#" xmlns:bqbiol="http://biomodels.net/biology-qualifiers/" xmlns:bqmodel="http://biomodels.net/model-qualifiers/">
            <rdf:Description rdf:about="#COPASI6">
              <bqbiol:hasPart>
	<rdf:Bag>
	<rdf:li rdf:resource="http://identifiers.org/uniprot/Q99558"/>
	</rdf:Bag>
	</bqbiol:hasPart>
	
	<bqbiol:hasPart>
	<rdf:Bag>
	<rdf:li rdf:resource="http://identifiers.org/uniprot/Q00653"/>
	</rdf:Bag>
	</bqbiol:hasPart>
	</rdf:Description>
	
	
	
          </rdf:RDF>
        </annotation>
            </species>
      <species boundaryCondition="false" compartment="compartment" constant="false" id="p100_NIK" initialConcentration="0" metaid="COPASI7" name="p100:NIK">
        <annotation>
          <COPASI xmlns="http://www.copasi.org/static/sbml">
            <rdf:RDF xmlns:CopasiMT="http://www.copasi.org/RDF/MiriamTerms#" xmlns:rdf="http://www.w3.org/1999/02/22-rdf-syntax-ns#">
              <rdf:Description rdf:about="#COPASI7">
                <CopasiMT:hasPart>
                  <rdf:Bag>
                    <rdf:li rdf:resource="http://identifiers.org/uniprot/Q99558"/>
                  </rdf:Bag>
                </CopasiMT:hasPart>
                <CopasiMT:hasPart>
                  <rdf:Bag>
                    <rdf:li rdf:resource="http://identifiers.org/uniprot/Q00653"/>
                  </rdf:Bag>
                </CopasiMT:hasPart>
              </rdf:Description>
            </rdf:RDF>
          </COPASI>
          <rdf:RDF xmlns:rdf="http://www.w3.org/1999/02/22-rdf-syntax-ns#" xmlns:dc="http://purl.org/dc/elements/1.1/" xmlns:dcterms="http://purl.org/dc/terms/" xmlns:vCard="http://www.w3.org/2001/vcard-rdf/3.0#" xmlns:bqbiol="http://biomodels.net/biology-qualifiers/" xmlns:bqmodel="http://biomodels.net/model-qualifiers/">
            <rdf:Description rdf:about="#COPASI7">
              <bqbiol:hasPart>
	<rdf:Bag>
	<rdf:li rdf:resource="http://identifiers.org/uniprot/Q99558"/>
	</rdf:Bag>
	</bqbiol:hasPart>
	
	<bqbiol:hasPart>
	<rdf:Bag>
	<rdf:li rdf:resource="http://identifiers.org/uniprot/Q00653"/>
	</rdf:Bag>
	</bqbiol:hasPart>
	</rdf:Description>
	
	
	
          </rdf:RDF>
        </annotation>
            </species>
    </listOfSpecies>
    <listOfParameters>
      <parameter constant="false" id="p52_uM" metaid="COPASI17" name="p52_uM" value="0">
        <annotation>
          <COPASI xmlns="http://www.copasi.org/static/sbml">
            <rdf:RDF xmlns:dcterms="http://purl.org/dc/terms/" xmlns:rdf="http://www.w3.org/1999/02/22-rdf-syntax-ns#">
              <rdf:Description rdf:about="#COPASI17">
                <dcterms:created>
                  <rdf:Description>
                    <dcterms:W3CDTF>2019-11-19T16:21:06Z</dcterms:W3CDTF>
                  </rdf:Description>
                </dcterms:created>
              </rdf:Description>
            </rdf:RDF>
          </COPASI>
        </annotation>
            </parameter>
      <parameter constant="false" id="IkBd_uM" metaid="COPASI18" name="IkBd_uM" value="0">
        <annotation>
          <COPASI xmlns="http://www.copasi.org/static/sbml">
            <rdf:RDF xmlns:dcterms="http://purl.org/dc/terms/" xmlns:rdf="http://www.w3.org/1999/02/22-rdf-syntax-ns#">
              <rdf:Description rdf:about="#COPASI18">
                <dcterms:created>
                  <rdf:Description>
                    <dcterms:W3CDTF>2019-11-19T16:21:31Z</dcterms:W3CDTF>
                  </rdf:Description>
                </dcterms:created>
              </rdf:Description>
            </rdf:RDF>
          </COPASI>
        </annotation>
            </parameter>
    </listOfParameters>
    <listOfRules>
      <assignmentRule variable="p52_uM">
        <math xmlns="http://www.w3.org/1998/Math/MathML">        
          <apply>
            <divide/>
            <ci> p52 </ci>
            <cn> 1000 </cn>
          </apply>
        </math>
            </assignmentRule>
      <assignmentRule variable="IkBd_uM">
        <math xmlns="http://www.w3.org/1998/Math/MathML">        
          <apply>
            <divide/>
            <ci> IkBd </ci>
            <cn> 1000 </cn>
          </apply>
        </math>
            </assignmentRule>
    </listOfRules>
    <listOfReactions>
      <reaction id="p100_mRNA_Expressions" metaid="COPASI8" name="p100 mRNA Expressions" reversible="false">
        <annotation>
          <COPASI xmlns="http://www.copasi.org/static/sbml">
            <rdf:RDF xmlns:bqmodel="http://biomodels.net/model-qualifiers/" xmlns:rdf="http://www.w3.org/1999/02/22-rdf-syntax-ns#">
              <rdf:Description rdf:about="#COPASI8">
                <bqmodel:hasInstance>
                  <rdf:Bag>
                    <rdf:li rdf:resource="http://identifiers.org/ncit/C18888"/>
                  </rdf:Bag>
                </bqmodel:hasInstance>
              </rdf:Description>
            </rdf:RDF>
          </COPASI>
        </annotation>
              <listOfReactants>
          <speciesReference species="p100t" stoichiometry="1"/>
        </listOfReactants>
        <listOfProducts>
          <speciesReference species="p100" stoichiometry="1"/>
        </listOfProducts>
        <kineticLaw>
          <math xmlns="http://www.w3.org/1998/Math/MathML">          
            <apply>
              <times/>
              <ci> compartment </ci>
              <ci> k1 </ci>
              <ci> p100t </ci>
            </apply>
          </math>
                  <listOfParameters>
            <parameter id="k1" name="k1" value="0.2"/>
          </listOfParameters>
        </kineticLaw>
      </reaction>
      <reaction id="p100_processing" metaid="COPASI9" name="p100 processing" reversible="false">
        <annotation>
          <COPASI xmlns="http://www.copasi.org/static/sbml">
            <rdf:RDF xmlns:bqmodel="http://biomodels.net/model-qualifiers/" xmlns:rdf="http://www.w3.org/1999/02/22-rdf-syntax-ns#">
              <rdf:Description rdf:about="#COPASI9">
                <bqmodel:hasInstance>
                  <rdf:Bag>
                    <rdf:li rdf:resource="http://identifiers.org/go/GO:0006397"/>
                  </rdf:Bag>
                </bqmodel:hasInstance>
              </rdf:Description>
            </rdf:RDF>
          </COPASI>
        </annotation>
              <listOfReactants>
          <speciesReference species="p100_NIK" stoichiometry="1"/>
        </listOfReactants>
        <listOfProducts>
          <speciesReference species="p52" stoichiometry="1"/>
          <speciesReference species="NIK" stoichiometry="1"/>
        </listOfProducts>
        <kineticLaw>
          <math xmlns="http://www.w3.org/1998/Math/MathML">          
            <apply>
              <times/>
              <ci> compartment </ci>
              <ci> k1 </ci>
              <ci> p100_NIK </ci>
            </apply>
          </math>
                  <listOfParameters>
            <parameter id="k1" name="k1" value="0.05"/>
          </listOfParameters>
        </kineticLaw>
      </reaction>
      <reaction id="p52_degradation" metaid="COPASI10" name="p52 degradation" reversible="false">
        <annotation>
          <COPASI xmlns="http://www.copasi.org/static/sbml">
            <rdf:RDF xmlns:bqbiol="http://biomodels.net/biology-qualifiers/" xmlns:rdf="http://www.w3.org/1999/02/22-rdf-syntax-ns#">
              <rdf:Description rdf:about="#COPASI10">
                <bqbiol:hasProperty>
                  <rdf:Bag>
                    <rdf:li rdf:resource="http://identifiers.org/ncit/C61559"/>
                  </rdf:Bag>
                </bqbiol:hasProperty>
              </rdf:Description>
            </rdf:RDF>
          </COPASI>
          <rdf:RDF xmlns:rdf="http://www.w3.org/1999/02/22-rdf-syntax-ns#" xmlns:dc="http://purl.org/dc/elements/1.1/" xmlns:dcterms="http://purl.org/dc/terms/" xmlns:vCard="http://www.w3.org/2001/vcard-rdf/3.0#" xmlns:bqbiol="http://biomodels.net/biology-qualifiers/" xmlns:bqmodel="http://biomodels.net/model-qualifiers/">
            <rdf:Description rdf:about="#COPASI10">
	<bqbiol:hasProperty>
	<rdf:Bag>
	<rdf:li rdf:resource="http://identifiers.org/ncit/C61559"/>
	</rdf:Bag>
	</bqbiol:hasProperty>
	</rdf:Description>
	
	
	
          </rdf:RDF>
        </annotation>
              <listOfReactants>
          <speciesReference species="p52" stoichiometry="1"/>
        </listOfReactants>
        <kineticLaw>
          <math xmlns="http://www.w3.org/1998/Math/MathML">          
            <apply>
              <times/>
              <ci> compartment </ci>
              <ci> k1 </ci>
              <ci> p52 </ci>
            </apply>
          </math>
                  <listOfParameters>
            <parameter id="k1" name="k1" value="0.00038"/>
          </listOfParameters>
        </kineticLaw>
      </reaction>
      <reaction id="p100_degradation" metaid="COPASI11" name="p100 degradation" reversible="false">
        <annotation>
          <COPASI xmlns="http://www.copasi.org/static/sbml">
            <rdf:RDF xmlns:bqbiol="http://biomodels.net/biology-qualifiers/" xmlns:rdf="http://www.w3.org/1999/02/22-rdf-syntax-ns#">
              <rdf:Description rdf:about="#COPASI11">
                <bqbiol:hasProperty>
                  <rdf:Bag>
                    <rdf:li rdf:resource="http://identifiers.org/ncit/C61559"/>
                  </rdf:Bag>
                </bqbiol:hasProperty>
              </rdf:Description>
            </rdf:RDF>
          </COPASI>
          <rdf:RDF xmlns:rdf="http://www.w3.org/1999/02/22-rdf-syntax-ns#" xmlns:dc="http://purl.org/dc/elements/1.1/" xmlns:dcterms="http://purl.org/dc/terms/" xmlns:vCard="http://www.w3.org/2001/vcard-rdf/3.0#" xmlns:bqbiol="http://biomodels.net/biology-qualifiers/" xmlns:bqmodel="http://biomodels.net/model-qualifiers/">
            <rdf:Description rdf:about="#COPASI11">
	<bqbiol:hasProperty>
	<rdf:Bag>
	<rdf:li rdf:resource="http://identifiers.org/ncit/C61559"/>
	</rdf:Bag>
	</bqbiol:hasProperty>
	</rdf:Description>
	
	
	
          </rdf:RDF>
        </annotation>
              <listOfReactants>
          <speciesReference species="p100" stoichiometry="1"/>
        </listOfReactants>
        <kineticLaw>
          <math xmlns="http://www.w3.org/1998/Math/MathML">          
            <apply>
              <times/>
              <ci> compartment </ci>
              <ci> k1 </ci>
              <ci> p100 </ci>
            </apply>
          </math>
                  <listOfParameters>
            <parameter id="k1" name="k1" value="0.00038"/>
          </listOfParameters>
        </kineticLaw>
      </reaction>
      <reaction id="p100_dimerization" metaid="COPASI12" name="p100 dimerization" reversible="true">
        <annotation>
          <COPASI xmlns="http://www.copasi.org/static/sbml">
            <rdf:RDF xmlns:bqbiol="http://biomodels.net/biology-qualifiers/" xmlns:rdf="http://www.w3.org/1999/02/22-rdf-syntax-ns#">
              <rdf:Description rdf:about="#COPASI12">
                <bqbiol:hasProperty>
                  <rdf:Bag>
                    <rdf:li rdf:resource="http://identifiers.org/ncit/C97201"/>
                  </rdf:Bag>
                </bqbiol:hasProperty>
              </rdf:Description>
            </rdf:RDF>
          </COPASI>
          <rdf:RDF xmlns:rdf="http://www.w3.org/1999/02/22-rdf-syntax-ns#" xmlns:dc="http://purl.org/dc/elements/1.1/" xmlns:dcterms="http://purl.org/dc/terms/" xmlns:vCard="http://www.w3.org/2001/vcard-rdf/3.0#" xmlns:bqbiol="http://biomodels.net/biology-qualifiers/" xmlns:bqmodel="http://biomodels.net/model-qualifiers/">
            <rdf:Description rdf:about="#COPASI12">
	<bqbiol:hasProperty>
	<rdf:Bag>
	<rdf:li rdf:resource="http://identifiers.org/ncit/C97201"/>
	</rdf:Bag>
	</bqbiol:hasProperty>
	</rdf:Description>
	
	
	
          </rdf:RDF>
        </annotation>
              <listOfReactants>
          <speciesReference species="p100" stoichiometry="2"/>
        </listOfReactants>
        <listOfProducts>
          <speciesReference species="IkBd" stoichiometry="1"/>
        </listOfProducts>
        <kineticLaw>
          <math xmlns="http://www.w3.org/1998/Math/MathML">          
            <apply>
              <times/>
              <ci> compartment </ci>
              <apply>
                <minus/>
                <apply>
                  <times/>
                  <ci> k1 </ci>
                  <apply>
                    <power/>
                    <ci> p100 </ci>
                    <cn> 2 </cn>
                  </apply>
                </apply>
                <apply>
                  <times/>
                  <ci> k2 </ci>
                  <ci> IkBd </ci>
                </apply>
              </apply>
            </apply>
          </math>
                  <listOfParameters>
            <parameter id="k1" name="k1" value="1.6E-5"/>
            <parameter id="k2" name="k2" value="0.00024"/>
          </listOfParameters>
        </kineticLaw>
      </reaction>
      <reaction id="IkBd_degradation" metaid="COPASI13" name="IkBd degradation" reversible="false">
        <annotation>
          <COPASI xmlns="http://www.copasi.org/static/sbml">
            <rdf:RDF xmlns:bqbiol="http://biomodels.net/biology-qualifiers/" xmlns:rdf="http://www.w3.org/1999/02/22-rdf-syntax-ns#">
              <rdf:Description rdf:about="#COPASI13">
                <bqbiol:hasProperty>
                  <rdf:Bag>
                    <rdf:li rdf:resource="http://identifiers.org/ncit/C61559"/>
                  </rdf:Bag>
                </bqbiol:hasProperty>
              </rdf:Description>
            </rdf:RDF>
          </COPASI>
          <rdf:RDF xmlns:rdf="http://www.w3.org/1999/02/22-rdf-syntax-ns#" xmlns:dc="http://purl.org/dc/elements/1.1/" xmlns:dcterms="http://purl.org/dc/terms/" xmlns:vCard="http://www.w3.org/2001/vcard-rdf/3.0#" xmlns:bqbiol="http://biomodels.net/biology-qualifiers/" xmlns:bqmodel="http://biomodels.net/model-qualifiers/">
            <rdf:Description rdf:about="#COPASI13">
	<bqbiol:hasProperty>
	<rdf:Bag>
	<rdf:li rdf:resource="http://identifiers.org/ncit/C61559"/>
	</rdf:Bag>
	</bqbiol:hasProperty>
	</rdf:Description>
	
	
	
          </rdf:RDF>
        </annotation>
              <listOfReactants>
          <speciesReference species="IkBd" stoichiometry="1"/>
        </listOfReactants>
        <kineticLaw>
          <math xmlns="http://www.w3.org/1998/Math/MathML">          
            <apply>
              <times/>
              <ci> compartment </ci>
              <ci> k1 </ci>
              <ci> IkBd </ci>
            </apply>
          </math>
                  <listOfParameters>
            <parameter id="k1" name="k1" value="0.00038"/>
          </listOfParameters>
        </kineticLaw>
      </reaction>
      <reaction id="IkBd_degradation_by_NIK" metaid="COPASI14" name="IkBd degradation by NIK" reversible="false">
        <annotation>
          <COPASI xmlns="http://www.copasi.org/static/sbml">
            <rdf:RDF xmlns:bqbiol="http://biomodels.net/biology-qualifiers/" xmlns:rdf="http://www.w3.org/1999/02/22-rdf-syntax-ns#">
              <rdf:Description rdf:about="#COPASI14">
                <bqbiol:hasProperty>
                  <rdf:Bag>
                    <rdf:li rdf:resource="http://identifiers.org/ncit/C61559"/>
                  </rdf:Bag>
                </bqbiol:hasProperty>
              </rdf:Description>
            </rdf:RDF>
          </COPASI>
          <rdf:RDF xmlns:rdf="http://www.w3.org/1999/02/22-rdf-syntax-ns#" xmlns:dc="http://purl.org/dc/elements/1.1/" xmlns:dcterms="http://purl.org/dc/terms/" xmlns:vCard="http://www.w3.org/2001/vcard-rdf/3.0#" xmlns:bqbiol="http://biomodels.net/biology-qualifiers/" xmlns:bqmodel="http://biomodels.net/model-qualifiers/">
            <rdf:Description rdf:about="#COPASI14">
	<bqbiol:hasProperty>
	<rdf:Bag>
	<rdf:li rdf:resource="http://identifiers.org/ncit/C61559"/>
	</rdf:Bag>
	</bqbiol:hasProperty>
	</rdf:Description>
	
	
	
          </rdf:RDF>
        </annotation>
              <listOfReactants>
          <speciesReference species="IkBd_NIK" stoichiometry="1"/>
        </listOfReactants>
        <listOfProducts>
          <speciesReference species="NIK" stoichiometry="1"/>
        </listOfProducts>
        <kineticLaw>
          <math xmlns="http://www.w3.org/1998/Math/MathML">          
            <apply>
              <times/>
              <ci> compartment </ci>
              <ci> k1 </ci>
              <ci> IkBd_NIK </ci>
            </apply>
          </math>
                  <listOfParameters>
            <parameter id="k1" name="k1" value="0.05"/>
          </listOfParameters>
        </kineticLaw>
      </reaction>
      <reaction id="p100_NIK_binding" metaid="COPASI15" name="p100 NIK binding" reversible="true">
        <annotation>
          <COPASI xmlns="http://www.copasi.org/static/sbml">
            <rdf:RDF xmlns:bqmodel="http://biomodels.net/model-qualifiers/" xmlns:rdf="http://www.w3.org/1999/02/22-rdf-syntax-ns#">
              <rdf:Description rdf:about="#COPASI15">
                <bqmodel:hasInstance>
                  <rdf:Bag>
                    <rdf:li rdf:resource="http://identifiers.org/go/GO:0003729"/>
                  </rdf:Bag>
                </bqmodel:hasInstance>
              </rdf:Description>
            </rdf:RDF>
          </COPASI>
        </annotation>
              <listOfReactants>
          <speciesReference species="p100" stoichiometry="1"/>
          <speciesReference species="NIK" stoichiometry="1"/>
        </listOfReactants>
        <listOfProducts>
          <speciesReference species="p100_NIK" stoichiometry="1"/>
        </listOfProducts>
        <kineticLaw>
          <math xmlns="http://www.w3.org/1998/Math/MathML">          
            <apply>
              <times/>
              <ci> compartment </ci>
              <apply>
                <minus/>
                <apply>
                  <times/>
                  <ci> k1 </ci>
                  <ci> p100 </ci>
                  <ci> NIK </ci>
                </apply>
                <apply>
                  <times/>
                  <ci> k2 </ci>
                  <ci> p100_NIK </ci>
                </apply>
              </apply>
            </apply>
          </math>
                  <listOfParameters>
            <parameter id="k1" name="k1" value="0.005"/>
            <parameter id="k2" name="k2" value="0.00024"/>
          </listOfParameters>
        </kineticLaw>
      </reaction>
      <reaction id="IkBd_NIK_binding" metaid="COPASI16" name="IkBd NIK binding" reversible="true">
        <annotation>
          <COPASI xmlns="http://www.copasi.org/static/sbml">
            <rdf:RDF xmlns:bqbiol="http://biomodels.net/biology-qualifiers/" xmlns:rdf="http://www.w3.org/1999/02/22-rdf-syntax-ns#">
              <rdf:Description rdf:about="#COPASI16">
                <bqbiol:hasProperty>
                  <rdf:Bag>
                    <rdf:li rdf:resource="http://identifiers.org/go/GO:0003729"/>
                  </rdf:Bag>
                </bqbiol:hasProperty>
              </rdf:Description>
            </rdf:RDF>
          </COPASI>
          <rdf:RDF xmlns:rdf="http://www.w3.org/1999/02/22-rdf-syntax-ns#" xmlns:dc="http://purl.org/dc/elements/1.1/" xmlns:dcterms="http://purl.org/dc/terms/" xmlns:vCard="http://www.w3.org/2001/vcard-rdf/3.0#" xmlns:bqbiol="http://biomodels.net/biology-qualifiers/" xmlns:bqmodel="http://biomodels.net/model-qualifiers/">
            <rdf:Description rdf:about="#COPASI16">
	<bqbiol:hasProperty>
	<rdf:Bag>
	<rdf:li rdf:resource="http://identifiers.org/go/GO:0003729"/>
	</rdf:Bag>
	</bqbiol:hasProperty>
	</rdf:Description>
	
	
	
          </rdf:RDF>
        </annotation>
              <listOfReactants>
          <speciesReference species="IkBd" stoichiometry="1"/>
          <speciesReference species="NIK" stoichiometry="1"/>
        </listOfReactants>
        <listOfProducts>
          <speciesReference species="IkBd_NIK" stoichiometry="1"/>
        </listOfProducts>
        <kineticLaw>
          <math xmlns="http://www.w3.org/1998/Math/MathML">          
            <apply>
              <times/>
              <ci> compartment </ci>
              <apply>
                <minus/>
                <apply>
                  <times/>
                  <ci> k1 </ci>
                  <ci> IkBd </ci>
                  <ci> NIK </ci>
                </apply>
                <apply>
                  <times/>
                  <ci> k2 </ci>
                  <ci> IkBd_NIK </ci>
                </apply>
              </apply>
            </apply>
          </math>
                  <listOfParameters>
            <parameter id="k1" name="k1" value="0.005"/>
            <parameter id="k2" name="k2" value="0.00024"/>
          </listOfParameters>
        </kineticLaw>
      </reaction>
    </listOfReactions>
  </model>
</sbml>