<?xml version='1.0' encoding='UTF-8' standalone='no'?>
<sbml xmlns="http://www.sbml.org/sbml/level2" level="2" metaid="metaid_0000001" version="1">
  <model id="Weimann2004_CircadianOscillator" metaid="metaid_0000002" name="Weimann2004_CircadianOscillator">
    <notes>
      <p xmlns="http://www.w3.org/1999/xhtml">
    The model reproduces the time profile of the species as depicted in Fig 3A of the paper. Model successfully tested on MathSBML and Jarnac.</p>
      
    </notes>
    <annotation>
      <rdf:RDF xmlns:rdf="http://www.w3.org/1999/02/22-rdf-syntax-ns#" xmlns:bqmodel="http://biomodels.net/model-qualifiers/" xmlns:vCard="http://www.w3.org/2001/vcard-rdf/3.0#" xmlns:dc="http://purl.org/dc/elements/1.1/" xmlns:dcterms="http://purl.org/dc/terms/" xmlns:bqbiol="http://biomodels.net/biology-qualifiers/">
        <rdf:Description rdf:about="#metaid_0000002">
	<dc:creator>
	<rdf:Bag>
	<rdf:li rdf:parseType="Resource">
	<vCard:N rdf:parseType="Resource">
	<vCard:Family>Dharuri</vCard:Family>
	<vCard:Given>Harish</vCard:Given>
	</vCard:N>
	<vCard:EMAIL>hdharuri@cds.caltech.edu</vCard:EMAIL>
	<vCard:ORG rdf:parseType="Resource">
	<vCard:Orgname>California Institute of Technology</vCard:Orgname>
	</vCard:ORG>
	</rdf:li>
	</rdf:Bag>
	</dc:creator>
	<dcterms:created rdf:parseType="Resource">
	<dcterms:W3CDTF>2008-04-16T11:56:13Z</dcterms:W3CDTF>
	</dcterms:created>
	<dcterms:modified rdf:parseType="Resource">
	<dcterms:W3CDTF>2012-05-16T10:04:56Z</dcterms:W3CDTF>
	</dcterms:modified>
	<bqmodel:is>
	<rdf:Bag>
	<rdf:li rdf:resource="http://identifiers.org/biomodels.db/MODEL8378813456"/>
	</rdf:Bag>
	</bqmodel:is>
	<bqmodel:is>
	<rdf:Bag>
	<rdf:li rdf:resource="http://identifiers.org/biomodels.db/BIOMD0000000170"/>
	</rdf:Bag>
	</bqmodel:is>
	<bqmodel:isDescribedBy>
	<rdf:Bag>
	<rdf:li rdf:resource="http://identifiers.org/pubmed/15347590"/>
	</rdf:Bag>
	</bqmodel:isDescribedBy>
	<bqbiol:isPartOf>
	<rdf:Bag>
	<rdf:li rdf:resource="http://identifiers.org/kegg.pathway/hsa04710"/>
	</rdf:Bag>
	</bqbiol:isPartOf>
	<bqbiol:is>
	<rdf:Bag>
	<rdf:li rdf:resource="http://identifiers.org/obo.go/GO:0007623"/>
	</rdf:Bag>
	</bqbiol:is>
	<bqbiol:hasTaxon>
	<rdf:Bag>
	<rdf:li rdf:resource="http://identifiers.org/taxonomy/40674"/>
	</rdf:Bag>
	</bqbiol:hasTaxon>
	</rdf:Description>
	
      </rdf:RDF>
    </annotation>
      <listOfUnitDefinitions>
      <unitDefinition id="substance" metaid="metaid_0000061" name="nano mole">
        <listOfUnits>
          <unit kind="mole" metaid="_748528" multiplier="1" offset="0" scale="-9"/>
        </listOfUnits>
      </unitDefinition>
      <unitDefinition id="time" metaid="metaid_0000062" name="hour">
        <listOfUnits>
          <unit kind="second" metaid="_748540" multiplier="3600" offset="0"/>
        </listOfUnits>
      </unitDefinition>
      <unitDefinition id="nM" metaid="metaid_0000063" name="nM">
        <listOfUnits>
          <unit kind="mole" metaid="_748552" multiplier="1" offset="0" scale="-9"/>
          <unit exponent="-1" kind="litre" metaid="_748564" multiplier="1" offset="0"/>
        </listOfUnits>
      </unitDefinition>
      <unitDefinition id="nM_per_hour" metaid="metaid_0000064" name="nM_per_hour">
        <listOfUnits>
          <unit kind="mole" metaid="_748577" multiplier="1" offset="0" scale="-9"/>
          <unit exponent="-1" kind="litre" metaid="_748589" multiplier="1" offset="0"/>
          <unit exponent="-1" kind="second" metaid="_748601" multiplier="3600" offset="0"/>
        </listOfUnits>
      </unitDefinition>
      <unitDefinition id="time_inverse" metaid="metaid_0000065" name="hr_inv">
        <listOfUnits>
          <unit exponent="-1" kind="second" metaid="_748613" multiplier="3600" offset="0"/>
        </listOfUnits>
      </unitDefinition>
      <unitDefinition id="nM_inv_hr_inv" metaid="metaid_0000066" name="nM_inv_hr_inv">
        <listOfUnits>
          <unit exponent="-1" kind="mole" metaid="_748625" multiplier="1" offset="0" scale="-9"/>
          <unit kind="litre" metaid="_748638" multiplier="1" offset="0"/>
          <unit exponent="-1" kind="second" metaid="_748650" multiplier="3600" offset="0"/>
        </listOfUnits>
      </unitDefinition>
    </listOfUnitDefinitions>
    <listOfCompartments>
      <compartment id="Nucleus" metaid="metaid_0000030" name="Nucleus" size="1"/>
      <compartment id="Cytoplasm" metaid="metaid_0000031" name="Cytoplasm" size="1"/>
    </listOfCompartments>
    <listOfSpecies>
      <species compartment="Cytoplasm" id="y1" initialConcentration="0.2" metaid="metaid_0000033" name="Per2 or Cry mRNA">
        <annotation>
          <rdf:RDF xmlns:rdf="http://www.w3.org/1999/02/22-rdf-syntax-ns#" xmlns:bqmodel="http://biomodels.net/model-qualifiers/" xmlns:bqbiol="http://biomodels.net/biology-qualifiers/">
            <rdf:Description rdf:about="#metaid_0000033">
              <bqbiol:encodes>
	<rdf:Bag>
	<rdf:li rdf:resource="http://identifiers.org/uniprot/O15055"/>
	<rdf:li rdf:resource="http://identifiers.org/uniprot/Q16526"/>
	</rdf:Bag>
	</bqbiol:encodes>
	
	<bqbiol:isVersionOf>
	<rdf:Bag>
	<rdf:li rdf:resource="http://identifiers.org/obo.chebi/CHEBI:33699"/>
	<rdf:li rdf:resource="http://identifiers.org/kegg.compound/C00046"/>
	</rdf:Bag>
	</bqbiol:isVersionOf>
	</rdf:Description>
	
          </rdf:RDF>
        </annotation>
            </species>
      <species compartment="Cytoplasm" id="y2" initialConcentration="0" metaid="metaid_0000034" name="PER2_CRY_complex_cytoplasm">
        <annotation>
          <rdf:RDF xmlns:rdf="http://www.w3.org/1999/02/22-rdf-syntax-ns#" xmlns:bqmodel="http://biomodels.net/model-qualifiers/" xmlns:bqbiol="http://biomodels.net/biology-qualifiers/">
            <rdf:Description rdf:about="#metaid_0000034">
	<bqbiol:hasPart>
	<rdf:Bag>
	<rdf:li rdf:resource="http://identifiers.org/uniprot/O15055"/>
	<rdf:li rdf:resource="http://identifiers.org/uniprot/Q16526"/>
	</rdf:Bag>
	</bqbiol:hasPart>
	</rdf:Description>
	
          </rdf:RDF>
        </annotation>
            </species>
      <species compartment="Nucleus" id="y3" initialConcentration="1.1" metaid="metaid_0000035" name="PER2_CRY_complex_nucleus">
        <annotation>
          <rdf:RDF xmlns:rdf="http://www.w3.org/1999/02/22-rdf-syntax-ns#" xmlns:bqmodel="http://biomodels.net/model-qualifiers/" xmlns:bqbiol="http://biomodels.net/biology-qualifiers/">
            <rdf:Description rdf:about="#metaid_0000035">
	<bqbiol:hasPart>
	<rdf:Bag>
	<rdf:li rdf:resource="http://identifiers.org/uniprot/O15055"/>
	<rdf:li rdf:resource="http://identifiers.org/uniprot/Q16526"/>
	</rdf:Bag>
	</bqbiol:hasPart>
	</rdf:Description>
	
          </rdf:RDF>
        </annotation>
            </species>
      <species compartment="Cytoplasm" id="y4" initialConcentration="0.8" metaid="metaid_0000036" name="Bmal1 mRNA">
        <annotation>
          <rdf:RDF xmlns:rdf="http://www.w3.org/1999/02/22-rdf-syntax-ns#" xmlns:bqmodel="http://biomodels.net/model-qualifiers/" xmlns:bqbiol="http://biomodels.net/biology-qualifiers/">
            <rdf:Description rdf:about="#metaid_0000036">
              <bqbiol:isVersionOf>
	<rdf:Bag>
	<rdf:li rdf:resource="http://identifiers.org/obo.chebi/CHEBI:33699"/>
	<rdf:li rdf:resource="http://identifiers.org/kegg.compound/C00046"/>
	</rdf:Bag>
	</bqbiol:isVersionOf>
	
	<bqbiol:encodes>
	<rdf:Bag>
	<rdf:li rdf:resource="http://identifiers.org/uniprot/Q8IUT4"/>
	</rdf:Bag>
	</bqbiol:encodes>
	</rdf:Description>
	
          </rdf:RDF>
        </annotation>
            </species>
      <species compartment="Cytoplasm" id="y5" initialConcentration="1" metaid="metaid_0000037" name="BMAL1_cytoplasm">
        <annotation>
          <rdf:RDF xmlns:rdf="http://www.w3.org/1999/02/22-rdf-syntax-ns#" xmlns:bqmodel="http://biomodels.net/model-qualifiers/" xmlns:bqbiol="http://biomodels.net/biology-qualifiers/">
            <rdf:Description rdf:about="#metaid_0000037">
	<bqbiol:isVersionOf>
	<rdf:Bag>
	<rdf:li rdf:resource="http://identifiers.org/uniprot/Q8IUT4"/>
	</rdf:Bag>
	</bqbiol:isVersionOf>
	</rdf:Description>
	
          </rdf:RDF>
        </annotation>
            </species>
      <species compartment="Nucleus" id="y6" initialConcentration="1" metaid="metaid_0000038" name="BMAL1_nucleus">
        <annotation>
          <rdf:RDF xmlns:rdf="http://www.w3.org/1999/02/22-rdf-syntax-ns#" xmlns:bqmodel="http://biomodels.net/model-qualifiers/" xmlns:bqbiol="http://biomodels.net/biology-qualifiers/">
            <rdf:Description rdf:about="#metaid_0000038">
	<bqbiol:isVersionOf>
	<rdf:Bag>
	<rdf:li rdf:resource="http://identifiers.org/uniprot/Q8IUT4"/>
	</rdf:Bag>
	</bqbiol:isVersionOf>
	</rdf:Description>
	
          </rdf:RDF>
        </annotation>
            </species>
      <species compartment="Nucleus" id="y7" initialConcentration="1.05" metaid="metaid_0000039" name="Active BMAL1">
        <annotation>
          <rdf:RDF xmlns:rdf="http://www.w3.org/1999/02/22-rdf-syntax-ns#" xmlns:bqmodel="http://biomodels.net/model-qualifiers/" xmlns:bqbiol="http://biomodels.net/biology-qualifiers/">
            <rdf:Description rdf:about="#metaid_0000039">
	<bqbiol:isVersionOf>
	<rdf:Bag>
	<rdf:li rdf:resource="http://identifiers.org/uniprot/Q8IUT4"/>
	</rdf:Bag>
	</bqbiol:isVersionOf>
	</rdf:Description>
	
          </rdf:RDF>
        </annotation>
            </species>
    </listOfSpecies>
    <listOfParameters>
      <parameter constant="false" id="trans_per2_cry" metaid="metaid_0000003" units="nM_per_hour" value="0"/>
      <parameter id="v1b" metaid="metaid_0000004" units="nM_per_hour" value="9"/>
      <parameter id="c" metaid="metaid_0000005" units="nM" value="0.01"/>
      <parameter id="k1b" metaid="metaid_0000006" units="nM" value="1"/>
      <parameter id="k1i" metaid="metaid_0000007" units="nM" value="0.56"/>
      <parameter id="hill_coeff" metaid="metaid_0000008" units="dimensionless" value="8"/>
      <parameter constant="false" id="trans_Bmal1" metaid="metaid_0000009" units="nM_per_hour" value="0"/>
      <parameter id="v4b" metaid="metaid_0000010" units="nM_per_hour" value="3.6"/>
      <parameter id="r" metaid="metaid_0000011" units="dimensionless" value="3"/>
      <parameter id="k4b" metaid="metaid_0000012" units="nM" value="2.16"/>
      <parameter constant="false" id="y5_y6_y7" metaid="metaid_0000013" units="nM" value="3.05"/>
      <parameter id="k1d" metaid="metaid_0000014" units="time_inverse" value="0.12"/>
      <parameter id="k2b" metaid="metaid_0000015" units="nM_inv_hr_inv" value="0.3"/>
      <parameter id="q" metaid="metaid_0000016" units="dimensionless" value="2"/>
      <parameter id="k2d" metaid="metaid_0000017" units="time_inverse" value="0.05"/>
      <parameter id="k2t" metaid="metaid_0000018" units="time_inverse" value="0.24"/>
      <parameter id="k3t" metaid="metaid_0000019" units="time_inverse" value="0.02"/>
      <parameter id="k3d" metaid="metaid_0000020" units="time_inverse" value="0.12"/>
      <parameter id="k4d" metaid="metaid_0000021" units="time_inverse" value="0.75"/>
      <parameter id="k5b" metaid="metaid_0000022" units="time_inverse" value="0.24"/>
      <parameter id="k5d" metaid="metaid_0000023" units="time_inverse" value="0.06"/>
      <parameter id="k5t" metaid="metaid_0000024" units="time_inverse" value="0.45"/>
      <parameter id="k6t" metaid="metaid_0000025" units="time_inverse" value="0.06"/>
      <parameter id="k6d" metaid="metaid_0000026" units="time_inverse" value="0.12"/>
      <parameter id="k6a" metaid="metaid_0000027" units="time_inverse" value="0.09"/>
      <parameter id="k7a" metaid="metaid_0000028" units="time_inverse" value="0.003"/>
      <parameter id="k7d" metaid="metaid_0000029" units="time_inverse" value="0.09"/>
    </listOfParameters>
    <listOfRules>
      <assignmentRule metaid="metaid_0000041" variable="trans_per2_cry">
        <math xmlns="http://www.w3.org/1998/Math/MathML">        
          <apply>
            <divide/>
            <apply>
              <times/>
              <ci> v1b </ci>
              <apply>
                <plus/>
                <ci> y7 </ci>
                <ci> c </ci>
              </apply>
            </apply>
            <apply>
              <plus/>
              <apply>
                <times/>
                <ci> k1b </ci>
                <apply>
                  <plus/>
                  <cn type="integer"> 1 </cn>
                  <apply>
                    <power/>
                    <apply>
                      <divide/>
                      <ci> y3 </ci>
                      <ci> k1i </ci>
                    </apply>
                    <ci> hill_coeff </ci>
                  </apply>
                </apply>
              </apply>
              <ci> y7 </ci>
              <ci> c </ci>
            </apply>
          </apply>
        </math>
            </assignmentRule>
      <assignmentRule metaid="metaid_0000042" variable="trans_Bmal1">
        <math xmlns="http://www.w3.org/1998/Math/MathML">        
          <apply>
            <divide/>
            <apply>
              <times/>
              <ci> v4b </ci>
              <apply>
                <power/>
                <ci> y3 </ci>
                <ci> r </ci>
              </apply>
            </apply>
            <apply>
              <plus/>
              <apply>
                <power/>
                <ci> k4b </ci>
                <ci> r </ci>
              </apply>
              <apply>
                <power/>
                <ci> y3 </ci>
                <ci> r </ci>
              </apply>
            </apply>
          </apply>
        </math>
            </assignmentRule>
      <assignmentRule metaid="metaid_0000043" variable="y5_y6_y7">
        <math xmlns="http://www.w3.org/1998/Math/MathML">        
          <apply>
            <plus/>
            <ci> y5 </ci>
            <ci> y6 </ci>
            <ci> y7 </ci>
          </apply>
        </math>
            </assignmentRule>
    </listOfRules>
    <listOfReactions>
      <reaction id="per2_cry_transcription" metaid="metaid_0000044" name="per2_cry_transcription" reversible="false">
        <annotation>
          <rdf:RDF xmlns:rdf="http://www.w3.org/1999/02/22-rdf-syntax-ns#" xmlns:bqmodel="http://biomodels.net/model-qualifiers/" xmlns:bqbiol="http://biomodels.net/biology-qualifiers/">
            <rdf:Description rdf:about="#metaid_0000044">
	<bqbiol:isVersionOf>
	<rdf:Bag>
	<rdf:li rdf:resource="http://identifiers.org/obo.go/GO:0006351"/>
	</rdf:Bag>
	</bqbiol:isVersionOf>
	</rdf:Description>
	
          </rdf:RDF>
        </annotation>
              <listOfProducts>
          <speciesReference metaid="_748662" species="y1"/>
        </listOfProducts>
        <kineticLaw metaid="_748674">
          <math xmlns="http://www.w3.org/1998/Math/MathML">          
            <apply>
              <times/>
              <ci> Cytoplasm </ci>
              <ci> trans_per2_cry </ci>
            </apply>
          </math>
                </kineticLaw>
      </reaction>
      <reaction id="per2_cry_mRNA_degradation" metaid="metaid_0000045" name="per2_cry_mRNA_degradation" reversible="false">
        <annotation>
          <rdf:RDF xmlns:rdf="http://www.w3.org/1999/02/22-rdf-syntax-ns#" xmlns:bqmodel="http://biomodels.net/model-qualifiers/" xmlns:bqbiol="http://biomodels.net/biology-qualifiers/">
            <rdf:Description rdf:about="#metaid_0000045">
	<bqbiol:isVersionOf>
	<rdf:Bag>
	<rdf:li rdf:resource="http://identifiers.org/obo.go/GO:0006402"/>
	</rdf:Bag>
	</bqbiol:isVersionOf>
	</rdf:Description>
	
          </rdf:RDF>
        </annotation>
              <listOfReactants>
          <speciesReference metaid="_748686" species="y1"/>
        </listOfReactants>
        <kineticLaw metaid="_748698">
          <math xmlns="http://www.w3.org/1998/Math/MathML">          
            <apply>
              <times/>
              <ci> Cytoplasm </ci>
              <ci> k1d </ci>
              <ci> y1 </ci>
            </apply>
          </math>
                </kineticLaw>
      </reaction>
      <reaction id="per2_cry_complex_formation" metaid="metaid_0000046" name="per2_cry_complex_formation" reversible="false">
        <annotation>
          <rdf:RDF xmlns:rdf="http://www.w3.org/1999/02/22-rdf-syntax-ns#" xmlns:bqmodel="http://biomodels.net/model-qualifiers/" xmlns:bqbiol="http://biomodels.net/biology-qualifiers/">
            <rdf:Description rdf:about="#metaid_0000046">
	<bqbiol:isVersionOf>
	<rdf:Bag>
	<rdf:li rdf:resource="http://identifiers.org/obo.go/GO:0046982"/>
	</rdf:Bag>
	</bqbiol:isVersionOf>
	</rdf:Description>
	
          </rdf:RDF>
        </annotation>
              <listOfProducts>
          <speciesReference metaid="_748710" species="y2"/>
        </listOfProducts>
        <listOfModifiers>
          <modifierSpeciesReference metaid="_748722" species="y1"/>
        </listOfModifiers>
        <kineticLaw metaid="_748734">
          <math xmlns="http://www.w3.org/1998/Math/MathML">          
            <apply>
              <times/>
              <ci> Cytoplasm </ci>
              <ci> k2b </ci>
              <apply>
                <power/>
                <ci> y1 </ci>
                <ci> q </ci>
              </apply>
            </apply>
          </math>
                </kineticLaw>
      </reaction>
      <reaction id="cytoplasmic_per2_cry_complex_degradation" metaid="metaid_0000047" name="cytoplasmic_per2_cry_complex_degradation" reversible="false">
        <annotation>
          <rdf:RDF xmlns:rdf="http://www.w3.org/1999/02/22-rdf-syntax-ns#" xmlns:bqmodel="http://biomodels.net/model-qualifiers/" xmlns:bqbiol="http://biomodels.net/biology-qualifiers/">
            <rdf:Description rdf:about="#metaid_0000047">
	<bqbiol:isVersionOf>
	<rdf:Bag>
	<rdf:li rdf:resource="http://identifiers.org/obo.go/GO:0044257"/>
	</rdf:Bag>
	</bqbiol:isVersionOf>
	</rdf:Description>
	
          </rdf:RDF>
        </annotation>
              <listOfReactants>
          <speciesReference metaid="_748747" species="y2"/>
        </listOfReactants>
        <kineticLaw metaid="_748759">
          <math xmlns="http://www.w3.org/1998/Math/MathML">          
            <apply>
              <times/>
              <ci> Cytoplasm </ci>
              <ci> k2d </ci>
              <ci> y2 </ci>
            </apply>
          </math>
                </kineticLaw>
      </reaction>
      <reaction id="per2_cry_nuclear_import" metaid="metaid_0000048" name="per2_cry_nuclear_import" reversible="false">
        <annotation>
          <rdf:RDF xmlns:rdf="http://www.w3.org/1999/02/22-rdf-syntax-ns#" xmlns:bqmodel="http://biomodels.net/model-qualifiers/" xmlns:bqbiol="http://biomodels.net/biology-qualifiers/">
            <rdf:Description rdf:about="#metaid_0000048">
	<bqbiol:isVersionOf>
	<rdf:Bag>
	<rdf:li rdf:resource="http://identifiers.org/obo.go/GO:0051170"/>
	</rdf:Bag>
	</bqbiol:isVersionOf>
	</rdf:Description>
	
          </rdf:RDF>
        </annotation>
              <listOfReactants>
          <speciesReference metaid="_748771" species="y2"/>
        </listOfReactants>
        <listOfProducts>
          <speciesReference metaid="_748784" species="y3"/>
        </listOfProducts>
        <kineticLaw metaid="_748796">
          <math xmlns="http://www.w3.org/1998/Math/MathML">          
            <apply>
              <times/>
              <ci> Cytoplasm </ci>
              <ci> k2t </ci>
              <ci> y2 </ci>
            </apply>
          </math>
                </kineticLaw>
      </reaction>
      <reaction id="per2_cry_nuclear_export" metaid="metaid_0000049" name="per2_cry_nuclear_export" reversible="false">
        <annotation>
          <rdf:RDF xmlns:rdf="http://www.w3.org/1999/02/22-rdf-syntax-ns#" xmlns:bqmodel="http://biomodels.net/model-qualifiers/" xmlns:bqbiol="http://biomodels.net/biology-qualifiers/">
            <rdf:Description rdf:about="#metaid_0000049">
	<bqbiol:isVersionOf>
	<rdf:Bag>
	<rdf:li rdf:resource="http://identifiers.org/obo.go/GO:0051168"/>
	</rdf:Bag>
	</bqbiol:isVersionOf>
	</rdf:Description>
	
          </rdf:RDF>
        </annotation>
              <listOfReactants>
          <speciesReference metaid="_748808" species="y3"/>
        </listOfReactants>
        <listOfProducts>
          <speciesReference metaid="_748820" species="y2"/>
        </listOfProducts>
        <kineticLaw metaid="_748832">
          <math xmlns="http://www.w3.org/1998/Math/MathML">          
            <apply>
              <times/>
              <ci> Nucleus </ci>
              <ci> k3t </ci>
              <ci> y3 </ci>
            </apply>
          </math>
                </kineticLaw>
      </reaction>
      <reaction id="nuclear_per2_cry_complex_degradation" metaid="metaid_0000050" name="nuclear_per2_cry_complex_degradation" reversible="false">
        <annotation>
          <rdf:RDF xmlns:rdf="http://www.w3.org/1999/02/22-rdf-syntax-ns#" xmlns:bqmodel="http://biomodels.net/model-qualifiers/" xmlns:bqbiol="http://biomodels.net/biology-qualifiers/">
            <rdf:Description rdf:about="#metaid_0000050">
	<bqbiol:isVersionOf>
	<rdf:Bag>
	<rdf:li rdf:resource="http://identifiers.org/obo.go/GO:0044257"/>
	</rdf:Bag>
	</bqbiol:isVersionOf>
	</rdf:Description>
	
          </rdf:RDF>
        </annotation>
              <listOfReactants>
          <speciesReference metaid="_748844" species="y3"/>
        </listOfReactants>
        <kineticLaw metaid="_748856">
          <math xmlns="http://www.w3.org/1998/Math/MathML">          
            <apply>
              <times/>
              <ci> Nucleus </ci>
              <ci> k3d </ci>
              <ci> y3 </ci>
            </apply>
          </math>
                </kineticLaw>
      </reaction>
      <reaction id="Bmal1_transcription" metaid="metaid_0000051" name="Bmal1_transcription" reversible="false">
        <annotation>
          <rdf:RDF xmlns:rdf="http://www.w3.org/1999/02/22-rdf-syntax-ns#" xmlns:bqmodel="http://biomodels.net/model-qualifiers/" xmlns:bqbiol="http://biomodels.net/biology-qualifiers/">
            <rdf:Description rdf:about="#metaid_0000051">
	<bqbiol:isVersionOf>
	<rdf:Bag>
	<rdf:li rdf:resource="http://identifiers.org/obo.go/GO:0006351"/>
	</rdf:Bag>
	</bqbiol:isVersionOf>
	</rdf:Description>
	
          </rdf:RDF>
        </annotation>
              <listOfProducts>
          <speciesReference metaid="_748868" species="y4"/>
        </listOfProducts>
        <kineticLaw metaid="_748880">
          <math xmlns="http://www.w3.org/1998/Math/MathML">          
            <apply>
              <times/>
              <ci> Cytoplasm </ci>
              <ci> trans_Bmal1 </ci>
            </apply>
          </math>
                </kineticLaw>
      </reaction>
      <reaction id="Bmal1_mRNA_degradation" metaid="metaid_0000052" name="Bmal1_mRNA_degradation" reversible="false">
        <annotation>
          <rdf:RDF xmlns:rdf="http://www.w3.org/1999/02/22-rdf-syntax-ns#" xmlns:bqmodel="http://biomodels.net/model-qualifiers/" xmlns:bqbiol="http://biomodels.net/biology-qualifiers/">
            <rdf:Description rdf:about="#metaid_0000052">
	<bqbiol:isVersionOf>
	<rdf:Bag>
	<rdf:li rdf:resource="http://identifiers.org/obo.go/GO:0006402"/>
	</rdf:Bag>
	</bqbiol:isVersionOf>
	</rdf:Description>
	
          </rdf:RDF>
        </annotation>
              <listOfReactants>
          <speciesReference metaid="_748892" species="y4"/>
        </listOfReactants>
        <kineticLaw metaid="_748904">
          <math xmlns="http://www.w3.org/1998/Math/MathML">          
            <apply>
              <times/>
              <ci> Cytoplasm </ci>
              <ci> k4d </ci>
              <ci> y4 </ci>
            </apply>
          </math>
                </kineticLaw>
      </reaction>
      <reaction id="BMAL1_translation" metaid="metaid_0000053" name="BMAL1_translation" reversible="false">
        <annotation>
          <rdf:RDF xmlns:rdf="http://www.w3.org/1999/02/22-rdf-syntax-ns#" xmlns:bqmodel="http://biomodels.net/model-qualifiers/" xmlns:bqbiol="http://biomodels.net/biology-qualifiers/">
            <rdf:Description rdf:about="#metaid_0000053">
	<bqbiol:isVersionOf>
	<rdf:Bag>
	<rdf:li rdf:resource="http://identifiers.org/obo.go/GO:0006412"/>
	</rdf:Bag>
	</bqbiol:isVersionOf>
	</rdf:Description>
	
          </rdf:RDF>
        </annotation>
              <listOfProducts>
          <speciesReference metaid="_748916" species="y5"/>
        </listOfProducts>
        <listOfModifiers>
          <modifierSpeciesReference metaid="_748928" species="y4"/>
        </listOfModifiers>
        <kineticLaw metaid="_748940">
          <math xmlns="http://www.w3.org/1998/Math/MathML">          
            <apply>
              <times/>
              <ci> Cytoplasm </ci>
              <ci> k5b </ci>
              <ci> y4 </ci>
            </apply>
          </math>
                </kineticLaw>
      </reaction>
      <reaction id="cytoplasmic_BMAL1_degradation" metaid="metaid_0000054" name="cytoplasmic_BMAL1_degradation" reversible="false">
        <annotation>
          <rdf:RDF xmlns:rdf="http://www.w3.org/1999/02/22-rdf-syntax-ns#" xmlns:bqmodel="http://biomodels.net/model-qualifiers/" xmlns:bqbiol="http://biomodels.net/biology-qualifiers/">
            <rdf:Description rdf:about="#metaid_0000054">
	<bqbiol:isVersionOf>
	<rdf:Bag>
	<rdf:li rdf:resource="http://identifiers.org/obo.go/GO:0044257"/>
	</rdf:Bag>
	</bqbiol:isVersionOf>
	</rdf:Description>
	
          </rdf:RDF>
        </annotation>
              <listOfReactants>
          <speciesReference metaid="_748952" species="y5"/>
        </listOfReactants>
        <kineticLaw metaid="_748964">
          <math xmlns="http://www.w3.org/1998/Math/MathML">          
            <apply>
              <times/>
              <ci> Cytoplasm </ci>
              <ci> k5d </ci>
              <ci> y5 </ci>
            </apply>
          </math>
                </kineticLaw>
      </reaction>
      <reaction id="BMAL1_nuclear_import" metaid="metaid_0000055" name="BMAL1_nuclear_import" reversible="false">
        <annotation>
          <rdf:RDF xmlns:rdf="http://www.w3.org/1999/02/22-rdf-syntax-ns#" xmlns:bqmodel="http://biomodels.net/model-qualifiers/" xmlns:bqbiol="http://biomodels.net/biology-qualifiers/">
            <rdf:Description rdf:about="#metaid_0000055">
	<bqbiol:isVersionOf>
	<rdf:Bag>
	<rdf:li rdf:resource="http://identifiers.org/obo.go/GO:0051170"/>
	</rdf:Bag>
	</bqbiol:isVersionOf>
	</rdf:Description>
	
          </rdf:RDF>
        </annotation>
              <listOfReactants>
          <speciesReference metaid="_748976" species="y5"/>
        </listOfReactants>
        <listOfProducts>
          <speciesReference metaid="_748988" species="y6"/>
        </listOfProducts>
        <kineticLaw metaid="_749001">
          <math xmlns="http://www.w3.org/1998/Math/MathML">          
            <apply>
              <times/>
              <ci> Cytoplasm </ci>
              <ci> k5t </ci>
              <ci> y5 </ci>
            </apply>
          </math>
                </kineticLaw>
      </reaction>
      <reaction id="BMAL1_nuclear_export" metaid="metaid_0000056" name="BMAL1_nuclear_export" reversible="false">
        <annotation>
          <rdf:RDF xmlns:rdf="http://www.w3.org/1999/02/22-rdf-syntax-ns#" xmlns:bqmodel="http://biomodels.net/model-qualifiers/" xmlns:bqbiol="http://biomodels.net/biology-qualifiers/">
            <rdf:Description rdf:about="#metaid_0000056">
	<bqbiol:isVersionOf>
	<rdf:Bag>
	<rdf:li rdf:resource="http://identifiers.org/obo.go/GO:0051168"/>
	</rdf:Bag>
	</bqbiol:isVersionOf>
	</rdf:Description>
	
          </rdf:RDF>
        </annotation>
              <listOfReactants>
          <speciesReference metaid="_749013" species="y6"/>
        </listOfReactants>
        <listOfProducts>
          <speciesReference metaid="_749025" species="y5"/>
        </listOfProducts>
        <kineticLaw metaid="_749037">
          <math xmlns="http://www.w3.org/1998/Math/MathML">          
            <apply>
              <times/>
              <ci> Nucleus </ci>
              <ci> k6t </ci>
              <ci> y6 </ci>
            </apply>
          </math>
                </kineticLaw>
      </reaction>
      <reaction id="nuclear_BMAL1_degradation" metaid="metaid_0000057" name="nuclear_BMAL1_degradation" reversible="false">
        <annotation>
          <rdf:RDF xmlns:rdf="http://www.w3.org/1999/02/22-rdf-syntax-ns#" xmlns:bqmodel="http://biomodels.net/model-qualifiers/" xmlns:bqbiol="http://biomodels.net/biology-qualifiers/">
            <rdf:Description rdf:about="#metaid_0000057">
	<bqbiol:isVersionOf>
	<rdf:Bag>
	<rdf:li rdf:resource="http://identifiers.org/obo.go/GO:0044257"/>
	</rdf:Bag>
	</bqbiol:isVersionOf>
	</rdf:Description>
	
          </rdf:RDF>
        </annotation>
              <listOfReactants>
          <speciesReference metaid="_749049" species="y6"/>
        </listOfReactants>
        <kineticLaw metaid="_749062">
          <math xmlns="http://www.w3.org/1998/Math/MathML">          
            <apply>
              <times/>
              <ci> Nucleus </ci>
              <ci> k6d </ci>
              <ci> y6 </ci>
            </apply>
          </math>
                </kineticLaw>
      </reaction>
      <reaction id="BMAL1_activation" metaid="metaid_0000058" name="BMAL1_activation" reversible="false">
        <annotation>
          <rdf:RDF xmlns:rdf="http://www.w3.org/1999/02/22-rdf-syntax-ns#" xmlns:bqmodel="http://biomodels.net/model-qualifiers/" xmlns:bqbiol="http://biomodels.net/biology-qualifiers/">
            <rdf:Description rdf:about="#metaid_0000058">
	<bqbiol:isVersionOf>
	<rdf:Bag>
	<rdf:li rdf:resource="http://identifiers.org/obo.go/GO:0051091"/>
	</rdf:Bag>
	</bqbiol:isVersionOf>
	</rdf:Description>
	
          </rdf:RDF>
        </annotation>
              <listOfReactants>
          <speciesReference metaid="_749074" species="y6"/>
        </listOfReactants>
        <listOfProducts>
          <speciesReference metaid="_749086" species="y7"/>
        </listOfProducts>
        <kineticLaw metaid="_749098">
          <math xmlns="http://www.w3.org/1998/Math/MathML">          
            <apply>
              <times/>
              <ci> Nucleus </ci>
              <ci> k6a </ci>
              <ci> y6 </ci>
            </apply>
          </math>
                </kineticLaw>
      </reaction>
      <reaction id="BMAL1_deactivation" metaid="metaid_0000059" name="BMAL1_deactivation" reversible="false">
        <annotation>
          <rdf:RDF xmlns:rdf="http://www.w3.org/1999/02/22-rdf-syntax-ns#" xmlns:bqmodel="http://biomodels.net/model-qualifiers/" xmlns:bqbiol="http://biomodels.net/biology-qualifiers/">
            <rdf:Description rdf:about="#metaid_0000059">
	<bqbiol:isVersionOf>
	<rdf:Bag>
	<rdf:li rdf:resource="http://identifiers.org/obo.go/GO:0043433"/>
	</rdf:Bag>
	</bqbiol:isVersionOf>
	</rdf:Description>
	
          </rdf:RDF>
        </annotation>
              <listOfReactants>
          <speciesReference metaid="_749110" species="y7"/>
        </listOfReactants>
        <listOfProducts>
          <speciesReference metaid="_749122" species="y6"/>
        </listOfProducts>
        <kineticLaw metaid="_749134">
          <math xmlns="http://www.w3.org/1998/Math/MathML">          
            <apply>
              <times/>
              <ci> Nucleus </ci>
              <ci> k7a </ci>
              <ci> y7 </ci>
            </apply>
          </math>
                </kineticLaw>
      </reaction>
      <reaction id="Active_BMAL1_degradation" metaid="metaid_0000060" name="Active_BMAL1_degradation" reversible="false">
        <annotation>
          <rdf:RDF xmlns:rdf="http://www.w3.org/1999/02/22-rdf-syntax-ns#" xmlns:bqmodel="http://biomodels.net/model-qualifiers/" xmlns:bqbiol="http://biomodels.net/biology-qualifiers/">
            <rdf:Description rdf:about="#metaid_0000060">
	<bqbiol:isVersionOf>
	<rdf:Bag>
	<rdf:li rdf:resource="http://identifiers.org/obo.go/GO:0044257"/>
	</rdf:Bag>
	</bqbiol:isVersionOf>
	</rdf:Description>
	
          </rdf:RDF>
        </annotation>
              <listOfReactants>
          <speciesReference metaid="_749146" species="y7"/>
        </listOfReactants>
        <kineticLaw metaid="_749159">
          <math xmlns="http://www.w3.org/1998/Math/MathML">          
            <apply>
              <times/>
              <ci> Nucleus </ci>
              <ci> k7d </ci>
              <ci> y7 </ci>
            </apply>
          </math>
                </kineticLaw>
      </reaction>
    </listOfReactions>
  </model>
</sbml>