<?xml version='1.0' encoding='UTF-8' standalone='no'?>
<sbml xmlns="http://www.sbml.org/sbml/level2/version4" level="2" metaid="a18d9e55-4b06-445d-a523-dbbf93483b81" version="4">
  <model id="MODEL1408070000" metaid="COPASI0" name="Clarke2000 - One-hit model of cell death in neuronal degenerations">
    <notes>
      <body xmlns="http://www.w3.org/1999/xhtml">
        <div class="dc:title">Clarke2000 - One-hit model of cell death in
neuronal degenerations</div>
<div class="dc:description">This one-hit model fits different
neuronal-death associated diseases for different animal
models. </div>
<div class="dc:bibliographicCitation">
  <p>This model is described in the article:</p>
  <div class="bibo:title">
    <a href="http://identifiers.org/pubmed/10910361" title="Access to this publication">A one-hit model of cell
    death in inherited neuronal degenerations.</a>
  </div>
  <div class="bibo:authorList">Clarke G, Collins RA, Leavitt BR,
  Andrews DF, Hayden MR, Lumsden CJ, McInnes RR.</div>
  <div class="bibo:Journal">Nature 2000 Jul; 406(6792):
  195-199</div>
  <p>Abstract:</p>
  <div class="bibo:abstract">
    <p>In genetic disorders associated with premature neuronal
    death, symptoms may not appear for years or decades. This delay
    in clinical onset is often assumed to reflect the occurrence of
    age-dependent cumulative damage. For example, it has been
    suggested that oxidative stress disrupts metabolism in
    neurological degenerative disorders by the cumulative damage of
    essential macromolecules. A prediction of the cumulative damage
    hypothesis is that the probability of cell death will increase
    over time. Here we show in contrast that the kinetics of
    neuronal death in 12 models of photoreceptor degeneration,
    hippocampal neurons undergoing excitotoxic cell death, a mouse
    model of cerebellar degeneration and Parkinson's and
    Huntington's diseases are all exponential and better explained
    by mathematical models in which the risk of cell death remains
    constant or decreases exponentially with age. These kinetics
    argue against the cumulative damage hypothesis; instead, the
    time of death of any neuron is random. Our findings are most
    simply accommodated by a 'one-hit' biochemical model in which
    mutation imposes a mutant steady state on the neuron and a
    single event randomly initiates cell death. This model appears
    to be common to many forms of neurodegeneration and has
    implications for therapeutic strategies.</p>
  </div>
</div>
<div class="dc:publisher">
  <p>This model is hosted on 
  <a href="http://www.ebi.ac.uk/biomodels/">BioModels Database</a>
  and identified by: 
  <a href="http://identifiers.org/biomodels.db/BIOMD0000000538">BIOMD0000000538</a>.</p>
  <p>To cite BioModels Database, please use: 
  <a href="http://identifiers.org/pubmed/20587024" title="Latest BioModels Database publication">BioModels Database:
  An enhanced, curated and annotated resource for published
  quantitative kinetic models</a>.</p>
</div>
<div class="dc:license">
  <p>To the extent possible under law, all copyright and related or
  neighbouring rights to this encoded model have been dedicated to
  the public domain worldwide. Please refer to 
  <a href="http://creativecommons.org/publicdomain/zero/1.0/" title="Access to: CC0 1.0 Universal (CC0 1.0), Public Domain Dedication">CC0
  Public Domain Dedication</a> for more information.</p>
</div>
</body>
    </notes>
    <annotation>
      <COPASI xmlns="http://www.copasi.org/static/sbml">
        <rdf:RDF xmlns:dcterms="http://purl.org/dc/terms/" xmlns:rdf="http://www.w3.org/1999/02/22-rdf-syntax-ns#">
          <rdf:Description rdf:about="#COPASI0">
            <dcterms:created>
              <rdf:Description>
                <dcterms:W3CDTF>2014-08-06T16:26:11Z</dcterms:W3CDTF>
              </rdf:Description>
            </dcterms:created>
          </rdf:Description>
        </rdf:RDF>
      </COPASI>
	<rdf:RDF xmlns:rdf="http://www.w3.org/1999/02/22-rdf-syntax-ns#" xmlns:dc="http://purl.org/dc/elements/1.1/" xmlns:vCard="http://www.w3.org/2001/vcard-rdf/3.0#" xmlns:dcterms="http://purl.org/dc/terms/" xmlns:bqmodel="http://biomodels.net/model-qualifiers/" xmlns:bqbiol="http://biomodels.net/biology-qualifiers/">
        <rdf:Description rdf:about="#COPASI0">
	<dc:creator>
	<rdf:Bag>
	<rdf:li rdf:parseType="Resource">
	<vCard:N rdf:parseType="Resource">
	<vCard:Family>Lloret i Villas</vCard:Family>
	<vCard:Given>Audald</vCard:Given>
	</vCard:N>
	<vCard:EMAIL>lloret@ebi.ac.uk</vCard:EMAIL>
	<vCard:ORG rdf:parseType="Resource">
	<vCard:Orgname>EMBL-EBI</vCard:Orgname>
	</vCard:ORG>
	</rdf:li>
	</rdf:Bag>
	</dc:creator>
	<dcterms:created rdf:parseType="Resource">
	<dcterms:W3CDTF>2014-08-07T11:59:06Z</dcterms:W3CDTF>
	</dcterms:created>
	<dcterms:modified rdf:parseType="Resource">
	<dcterms:W3CDTF>2014-09-08T13:29:09Z</dcterms:W3CDTF>
	</dcterms:modified>
	<bqmodel:is>
	<rdf:Bag>
	<rdf:li rdf:resource="http://identifiers.org/biomodels.db/MODEL1408070000"/>
	</rdf:Bag>
	</bqmodel:is>
	<bqmodel:is>
	<rdf:Bag>
	<rdf:li rdf:resource="http://identifiers.org/biomodels.db/BIOMD0000000538"/>
	</rdf:Bag>
	</bqmodel:is>
	<bqmodel:isDescribedBy>
	<rdf:Bag>
	<rdf:li rdf:resource="http://identifiers.org/pubmed/10910361"/>
	</rdf:Bag>
	</bqmodel:isDescribedBy>
	<bqbiol:hasTaxon>
	<rdf:Bag>
	<rdf:li rdf:resource="http://identifiers.org/taxonomy/9606"/>
	<rdf:li rdf:resource="http://identifiers.org/taxonomy/10090"/>
	<rdf:li rdf:resource="http://identifiers.org/taxonomy/9685"/>
	<rdf:li rdf:resource="http://identifiers.org/taxonomy/9615"/>
	<rdf:li rdf:resource="http://identifiers.org/taxonomy/10116"/>
	</rdf:Bag>
	</bqbiol:hasTaxon>
	<bqbiol:hasVersion>
	<rdf:Bag>
	<rdf:li rdf:resource="http://identifiers.org/doid/DOID:8466"/>
	<rdf:li rdf:resource="http://identifiers.org/doid/DOID:1443"/>
	<rdf:li rdf:resource="http://identifiers.org/doid/DOID:5327"/>
	<rdf:li rdf:resource="http://identifiers.org/doid/DOID:5679"/>
	<rdf:li rdf:resource="http://identifiers.org/doid/DOID:0050633"/>
	<rdf:li rdf:resource="http://identifiers.org/doid/DOID:14330"/>
	<rdf:li rdf:resource="http://identifiers.org/doid/DOID:12858"/>
	</rdf:Bag>
	</bqbiol:hasVersion>
	<bqbiol:isVersionOf>
	<rdf:Bag>
	<rdf:li rdf:resource="http://identifiers.org/go/GO:0051402"/>
	</rdf:Bag>
	</bqbiol:isVersionOf>
	</rdf:Description>
	
	</rdf:RDF>
	</annotation>
      <listOfUnitDefinitions>
      <unitDefinition id="volume" metaid="f7964c42-f268-471b-a8a1-acca6c49d300" name="volume">
        <listOfUnits>
          <unit exponent="1" kind="litre" metaid="_771cf1bd-b5c2-4370-83d9-458ad99671bb" multiplier="1" scale="-3"/>
        </listOfUnits>
      </unitDefinition>
      <unitDefinition id="time" metaid="c03e99e4-ff8e-47b6-aba1-58df1ee39cb5" name="time">
        <listOfUnits>
          <unit exponent="1" kind="second" metaid="c28ae91f-1b1e-48c0-a195-0469561ebdcc" multiplier="86400" scale="0"/>
        </listOfUnits>
      </unitDefinition>
      <unitDefinition id="substance" metaid="a39d171a-271a-4fdb-bed7-9780b4e10081" name="substance">
        <listOfUnits>
          <unit exponent="1" kind="mole" metaid="a381ea4c-1856-460a-a9f3-d40580e70679" multiplier="1" scale="-3"/>
        </listOfUnits>
      </unitDefinition>
    </listOfUnitDefinitions>
    <listOfCompartments>
      <compartment constant="true" id="Brain" metaid="_1a90e367-c131-40b5-8ed7-bbd3951baf28" name="Brain" size="1" spatialDimensions="3">
        <annotation>
	<rdf:RDF xmlns:rdf="http://www.w3.org/1999/02/22-rdf-syntax-ns#" xmlns:bqmodel="http://biomodels.net/model-qualifiers/" xmlns:bqbiol="http://biomodels.net/biology-qualifiers/">
            <rdf:Description rdf:about="#_1a90e367-c131-40b5-8ed7-bbd3951baf28">
	<bqbiol:is>
	<rdf:Bag>
	<rdf:li rdf:resource="http://identifiers.org/bto/BTO:0000142"/>
	</rdf:Bag>
	</bqbiol:is>
	</rdf:Description>
	
	</rdf:RDF>
	</annotation>
            </compartment>
    </listOfCompartments>
    <listOfSpecies>
      <species boundaryCondition="true" compartment="Brain" constant="false" hasOnlySubstanceUnits="false" id="ONLnr" initialConcentration="100" metaid="COPASI1" name="ONLnr">
        <notes>
          <body xmlns="http://www.w3.org/1999/xhtml">
            <pre>Outer nuclear layer in nr/nr mice
Constant risk equation, according to the article</pre>
          </body>
        </notes>
        <annotation>
          <COPASI xmlns="http://www.copasi.org/static/sbml">
            <rdf:RDF xmlns:dcterms="http://purl.org/dc/terms/" xmlns:rdf="http://www.w3.org/1999/02/22-rdf-syntax-ns#">
              <rdf:Description rdf:about="#COPASI1">
                <dcterms:created>
                  <rdf:Description>
                    <dcterms:W3CDTF>2014-08-06T16:27:34Z</dcterms:W3CDTF>
                  </rdf:Description>
                </dcterms:created>
              </rdf:Description>
            </rdf:RDF>
          </COPASI>
	<rdf:RDF xmlns:rdf="http://www.w3.org/1999/02/22-rdf-syntax-ns#" xmlns:bqmodel="http://biomodels.net/model-qualifiers/" xmlns:bqbiol="http://biomodels.net/biology-qualifiers/">
            <rdf:Description rdf:about="#COPASI1">
	<bqbiol:is>
	<rdf:Bag>
	<rdf:li rdf:resource="http://identifiers.org/bto/BTO:0005600"/>
	</rdf:Bag>
	</bqbiol:is>
	</rdf:Description>
	
	</rdf:RDF>
	</annotation>
            </species>
      <species boundaryCondition="true" compartment="Brain" constant="false" hasOnlySubstanceUnits="false" id="ONLpcd" initialConcentration="100" metaid="COPASI2" name="ONLpcd">
        <notes>
          <body xmlns="http://www.w3.org/1999/xhtml">
            <pre>Outer nuclear layer in pcd/pcd mice
Constant risk equation, according to the article</pre>
          </body>
        </notes>
        <annotation>
          <COPASI xmlns="http://www.copasi.org/static/sbml">
            <rdf:RDF xmlns:dcterms="http://purl.org/dc/terms/" xmlns:rdf="http://www.w3.org/1999/02/22-rdf-syntax-ns#">
              <rdf:Description rdf:about="#COPASI2">
                <dcterms:created>
                  <rdf:Description>
                    <dcterms:W3CDTF>2014-08-06T16:43:28Z</dcterms:W3CDTF>
                  </rdf:Description>
                </dcterms:created>
              </rdf:Description>
            </rdf:RDF>
          </COPASI>
	<rdf:RDF xmlns:rdf="http://www.w3.org/1999/02/22-rdf-syntax-ns#" xmlns:bqmodel="http://biomodels.net/model-qualifiers/" xmlns:bqbiol="http://biomodels.net/biology-qualifiers/">
            <rdf:Description rdf:about="#COPASI2">
	<bqbiol:is>
	<rdf:Bag>
	<rdf:li rdf:resource="http://identifiers.org/bto/BTO:0005600"/>
	</rdf:Bag>
	</bqbiol:is>
	</rdf:Description>
	
	</rdf:RDF>
	</annotation>
            </species>
      <species boundaryCondition="true" compartment="Brain" constant="false" hasOnlySubstanceUnits="false" id="ONLrom" initialConcentration="100" metaid="COPASI3" name="ONLrom">
        <notes>
          <body xmlns="http://www.w3.org/1999/xhtml">
            <pre>Outer nuclear layer in Rom1-/- mice
Exponentially decreasing risk equation, according to supplementary information</pre>
          </body>
        </notes>
        <annotation>
          <COPASI xmlns="http://www.copasi.org/static/sbml">
            <rdf:RDF xmlns:dcterms="http://purl.org/dc/terms/" xmlns:rdf="http://www.w3.org/1999/02/22-rdf-syntax-ns#">
              <rdf:Description rdf:about="#COPASI3">
                <dcterms:created>
                  <rdf:Description>
                    <dcterms:W3CDTF>2014-08-06T16:58:29Z</dcterms:W3CDTF>
                  </rdf:Description>
                </dcterms:created>
              </rdf:Description>
            </rdf:RDF>
          </COPASI>
	<rdf:RDF xmlns:rdf="http://www.w3.org/1999/02/22-rdf-syntax-ns#" xmlns:bqmodel="http://biomodels.net/model-qualifiers/" xmlns:bqbiol="http://biomodels.net/biology-qualifiers/">
            <rdf:Description rdf:about="#COPASI3">
	<bqbiol:is>
	<rdf:Bag>
	<rdf:li rdf:resource="http://identifiers.org/bto/BTO:0005600"/>
	</rdf:Bag>
	</bqbiol:is>
	</rdf:Description>
	
	</rdf:RDF>
	</annotation>
            </species>
    </listOfSpecies>
    <listOfParameters>
      <parameter constant="true" id="Munr" metaid="COPASI4" name="Munr" value="0.278">
        <notes>
          <body xmlns="http://www.w3.org/1999/xhtml">
            <pre>Mu Value for nr/nr mice</pre>
          </body>
        </notes>
        <annotation>
          <COPASI xmlns="http://www.copasi.org/static/sbml">
            <rdf:RDF xmlns:dcterms="http://purl.org/dc/terms/" xmlns:rdf="http://www.w3.org/1999/02/22-rdf-syntax-ns#">
              <rdf:Description rdf:about="#COPASI4">
                <dcterms:created>
                  <rdf:Description>
                    <dcterms:W3CDTF>2014-08-06T16:31:09Z</dcterms:W3CDTF>
                  </rdf:Description>
                </dcterms:created>
              </rdf:Description>
            </rdf:RDF>
          </COPASI>
        </annotation>
            </parameter>
      <parameter constant="true" id="Mupcd" metaid="COPASI5" name="Mupcd" value="0.223">
        <notes>
          <body xmlns="http://www.w3.org/1999/xhtml">
            <pre>Mu Value for pcd/pcd mice</pre>
          </body>
        </notes>
        <annotation>
          <COPASI xmlns="http://www.copasi.org/static/sbml">
            <rdf:RDF xmlns:dcterms="http://purl.org/dc/terms/" xmlns:rdf="http://www.w3.org/1999/02/22-rdf-syntax-ns#">
              <rdf:Description rdf:about="#COPASI5">
                <dcterms:created>
                  <rdf:Description>
                    <dcterms:W3CDTF>2014-08-06T16:48:23Z</dcterms:W3CDTF>
                  </rdf:Description>
                </dcterms:created>
              </rdf:Description>
            </rdf:RDF>
          </COPASI>
        </annotation>
            </parameter>
      <parameter constant="true" id="Rrom" metaid="COPASI6" name="Rrom" value="0.103">
        <notes>
          <body xmlns="http://www.w3.org/1999/xhtml">
            <pre>R Value for Rom1-/- mice</pre>
          </body>
        </notes>
        <annotation>
          <COPASI xmlns="http://www.copasi.org/static/sbml">
            <rdf:RDF xmlns:dcterms="http://purl.org/dc/terms/" xmlns:rdf="http://www.w3.org/1999/02/22-rdf-syntax-ns#">
              <rdf:Description rdf:about="#COPASI6">
                <dcterms:created>
                  <rdf:Description>
                    <dcterms:W3CDTF>2014-08-06T16:46:44Z</dcterms:W3CDTF>
                  </rdf:Description>
                </dcterms:created>
              </rdf:Description>
            </rdf:RDF>
          </COPASI>
        </annotation>
            </parameter>
      <parameter constant="true" id="ONLrom_0" metaid="COPASI7" name="ONLrom" value="40.947">
        <notes>
          <body xmlns="http://www.w3.org/1999/xhtml">
            <pre>Initial ONL for Rom1-/- mice</pre>
          </body>
        </notes>
        <annotation>
          <COPASI xmlns="http://www.copasi.org/static/sbml">
            <rdf:RDF xmlns:dcterms="http://purl.org/dc/terms/" xmlns:rdf="http://www.w3.org/1999/02/22-rdf-syntax-ns#">
              <rdf:Description rdf:about="#COPASI7">
                <dcterms:created>
                  <rdf:Description>
                    <dcterms:W3CDTF>2014-08-06T16:46:57Z</dcterms:W3CDTF>
                  </rdf:Description>
                </dcterms:created>
              </rdf:Description>
            </rdf:RDF>
          </COPASI>
        </annotation>
            </parameter>
      <parameter constant="true" id="Murom" metaid="COPASI8" name="Murom" value="0.0708">
        <notes>
          <body xmlns="http://www.w3.org/1999/xhtml">
            <pre>Mu Value for Rom1-/- mice</pre>
          </body>
        </notes>
        <annotation>
          <COPASI xmlns="http://www.copasi.org/static/sbml">
            <rdf:RDF xmlns:dcterms="http://purl.org/dc/terms/" xmlns:rdf="http://www.w3.org/1999/02/22-rdf-syntax-ns#">
              <rdf:Description rdf:about="#COPASI8">
                <dcterms:created>
                  <rdf:Description>
                    <dcterms:W3CDTF>2014-08-06T16:46:55Z</dcterms:W3CDTF>
                  </rdf:Description>
                </dcterms:created>
              </rdf:Description>
            </rdf:RDF>
          </COPASI>
        </annotation>
            </parameter>
    </listOfParameters>
    <listOfRules>
      <assignmentRule metaid="_0aa75c5f-9717-40f3-b58d-d81232227270" variable="ONLrom">
        <math xmlns="http://www.w3.org/1998/Math/MathML">        
          <apply>
            <divide/>
            <apply>
              <times/>
              <ci> ONLrom_0 </ci>
              <apply>
                <exp/>
                <apply>
                  <divide/>
                  <apply>
                    <times/>
                    <apply>
                      <minus/>
                      <apply>
                        <exp/>
                        <apply>
                          <times/>
                          <apply>
                            <minus/>
                            <ci> Rrom </ci>
                          </apply>
                          <csymbol encoding="text" definitionURL="http://www.sbml.org/sbml/symbols/time"> time </csymbol>
                        </apply>
                      </apply>
                      <cn> 1 </cn>
                    </apply>
                    <ci> Murom </ci>
                  </apply>
                  <ci> Rrom </ci>
                </apply>
              </apply>
              <cn> 100 </cn>
            </apply>
            <ci> ONLrom_0 </ci>
          </apply>
        </math>
            </assignmentRule>
      <rateRule metaid="_45da2b3a-e172-46ef-aa7a-1c2ee04342ef" variable="ONLnr">
        <math xmlns="http://www.w3.org/1998/Math/MathML">        
          <apply>
            <times/>
            <apply>
              <minus/>
              <ci> Munr </ci>
            </apply>
            <ci> ONLnr </ci>
          </apply>
        </math>
            </rateRule>
      <rateRule metaid="_4891c94d-020a-45df-9e10-ef27b7229ace" variable="ONLpcd">
        <math xmlns="http://www.w3.org/1998/Math/MathML">        
          <apply>
            <times/>
            <apply>
              <minus/>
              <ci> Mupcd </ci>
            </apply>
            <ci> ONLpcd </ci>
          </apply>
        </math>
            </rateRule>
    </listOfRules>
  </model>
</sbml>