<?xml version='1.0' encoding='UTF-8' standalone='no'?>
<sbml xmlns="http://www.sbml.org/sbml/level2/version4" level="2" metaid="metaid_0000001" version="4">
  <model id="Fridlyand2010_GlucoseSensitivity_A" metaid="metaid_0000002" name="Fridlyand2010_GlucoseSensitivity_A">
    <notes>
      <body xmlns="http://www.w3.org/1999/xhtml">
        <p>
      This a model from the article:
      <br/>
        <strong> Glucose sensing in the pancreatic beta cell: a computational systems analysis.
</strong>
        <br/>
Fridlyand LE, Philipson LH.<em>Theor Biol Med Model.</em>2010 May 24;7:15.
      <a href="http://www.ncbi.nlm.nih.gov/pubmed/20497556">    20497556</a>,
      <br/>
        <strong>Abstract:</strong>
        <br/>
BACKGROUND:

Pancreatic beta-cells respond to rising blood glucose by increasing oxidative metabolism, leading to an increased ATP/ADP ratio in the cytoplasm. This leads to a closure of KATP channels, depolarization of the plasma membrane, influx of calcium and the eventual secretion of insulin. Such mechanism suggests that beta-cell metabolism should have a functional regulation specific to secretion, as opposed to coupling to contraction. The goal of this work is to uncover contributions of the cytoplasmic and mitochondrial processes in this secretory coupling mechanism using mathematical modeling in a systems biology approach.
METHODS:

We describe a mathematical model of beta-cell sensitivity to glucose. The cytoplasmic part of the model includes equations describing glucokinase, glycolysis, pyruvate reduction, NADH and ATP production and consumption. The mitochondrial part begins with production of NADH, which is regulated by pyruvate dehydrogenase. NADH is used in the electron transport chain to establish a proton motive force, driving the F1F0 ATPase. Redox shuttles and mitochondrial Ca2+ handling were also modeled.
RESULTS:

The model correctly predicts changes in the ATP/ADP ratio, Ca2+ and other metabolic parameters in response to changes in substrate delivery at steady-state and during cytoplasmic Ca2+ oscillations. Our analysis of the model simulations suggests that the mitochondrial membrane potential should be relatively lower in beta cells compared with other cell types to permit precise mitochondrial regulation of the cytoplasmic ATP/ADP ratio. This key difference may follow from a relative reduction in respiratory activity. The model demonstrates how activity of lactate dehydrogenase, uncoupling proteins and the redox shuttles can regulate beta-cell function in concert; that independent oscillations of cytoplasmic Ca2+ can lead to slow coupled metabolic oscillations; and that the relatively low production rate of reactive oxygen species in beta-cells under physiological conditions is a consequence of the relatively decreased mitochondrial membrane potential.
CONCLUSION:

This comprehensive model predicts a special role for mitochondrial control mechanisms in insulin secretion and ROS generation in the beta cell. The model can be used for testing and generating control hypotheses and will help to provide a more complete understanding of beta-cell glucose-sensing central to the physiology and pathology of pancreatic beta-cells.   </p>
        <p> This model was taken from the <a href="http://www.nrcam.uchc.edu/" target="_blank"> Vcell </a> MathModel directory and was converted to SBML 
</p>
        <p>This model originates from BioModels Database: A Database of Annotated Published Models (http://www.ebi.ac.uk/biomodels/). It is copyright (c) 2005-2011 The BioModels.net Team.<br/>
For more information see the <a href="http://www.ebi.ac.uk/biomodels/legal.html" target="_blank">terms of use</a>.<br/>
To cite BioModels Database, please use: <a href="http://www.ncbi.nlm.nih.gov/pubmed/20587024" target="_blank">Li C, Donizelli M, Rodriguez N, Dharuri H, Endler L, Chelliah V, Li L, He E, Henry A, Stefan MI, Snoep JL, Hucka M, Le Novère N, Laibe C (2010) BioModels Database: An enhanced, curated and annotated resource for published quantitative kinetic models. BMC Syst Biol., 4:92.</a>
      </p>
    </body>
  </notes>
    <annotation>
	<rdf:RDF xmlns:rdf="http://www.w3.org/1999/02/22-rdf-syntax-ns#" xmlns:dc="http://purl.org/dc/elements/1.1/" xmlns:vCard="http://www.w3.org/2001/vcard-rdf/3.0#" xmlns:dcterms="http://purl.org/dc/terms/" xmlns:bqmodel="http://biomodels.net/model-qualifiers/" xmlns:bqbiol="http://biomodels.net/biology-qualifiers/">
        <rdf:Description rdf:about="#metaid_0000002">
	<dc:creator>
	<rdf:Bag>
	<rdf:li rdf:parseType="Resource">
	<vCard:N rdf:parseType="Resource">
	<vCard:Family>Ajmera</vCard:Family>
	<vCard:Given>Ishan</vCard:Given>
	</vCard:N>
	<vCard:EMAIL>ajmera@ebi.ac.uk</vCard:EMAIL>
	<vCard:ORG rdf:parseType="Resource">
	<vCard:Orgname>EMBL-EBI</vCard:Orgname>
	</vCard:ORG>
	</rdf:li>
	</rdf:Bag>
	</dc:creator>
	<dcterms:created rdf:parseType="Resource">
	<dcterms:W3CDTF>2011-08-09T17:04:36Z</dcterms:W3CDTF>
	</dcterms:created>
	<dcterms:modified rdf:parseType="Resource">
	<dcterms:W3CDTF>2014-10-10T10:29:14Z</dcterms:W3CDTF>
	</dcterms:modified>
	<bqmodel:is>
	<rdf:Bag>
	<rdf:li rdf:resource="http://identifiers.org/biomodels.db/MODEL1108090000"/>
	</rdf:Bag>
	</bqmodel:is>
	<bqmodel:is>
	<rdf:Bag>
	<rdf:li rdf:resource="http://identifiers.org/biomodels.db/BIOMD0000000348"/>
	</rdf:Bag>
	</bqmodel:is>
	<bqmodel:isDescribedBy>
	<rdf:Bag>
	<rdf:li rdf:resource="http://identifiers.org/pubmed/20497556"/>
	</rdf:Bag>
	</bqmodel:isDescribedBy>
	<bqmodel:isDerivedFrom>
	<rdf:Bag>
	<rdf:li rdf:resource="http://identifiers.org/pubmed/9575813"/>
	<rdf:li rdf:resource="http://identifiers.org/pubmed/9575814"/>
	</rdf:Bag>
	</bqmodel:isDerivedFrom>
	<bqbiol:hasTaxon>
	<rdf:Bag>
	<rdf:li rdf:resource="http://identifiers.org/taxonomy/9606"/>
	</rdf:Bag>
	</bqbiol:hasTaxon>
	<bqbiol:occursIn>
	<rdf:Bag>
	<rdf:li rdf:resource="http://identifiers.org/bto/BTO:0000783"/>
	</rdf:Bag>
	</bqbiol:occursIn>
	<bqbiol:isVersionOf>
	<rdf:Bag>
	<rdf:li rdf:resource="http://identifiers.org/go/GO:0061178"/>
	<rdf:li rdf:resource="http://identifiers.org/go/GO:0044342"/>
	</rdf:Bag>
	</bqbiol:isVersionOf>
	<bqbiol:hasProperty>
	<rdf:Bag>
	<rdf:li rdf:resource="http://identifiers.org/doid/DOID:9351"/>
	</rdf:Bag>
	</bqbiol:hasProperty>
	</rdf:Description>
	
	</rdf:RDF>
	</annotation>
      <listOfCompartments>
      <compartment id="compartment" metaid="metaid_0000108"/>
    </listOfCompartments>
    <listOfSpecies>
      <species compartment="compartment" id="G3P" metaid="metaid_0000144" name="G3P" sboTerm="SBO:0000247">
        <annotation>
	<rdf:RDF xmlns:rdf="http://www.w3.org/1999/02/22-rdf-syntax-ns#" xmlns:bqmodel="http://biomodels.net/model-qualifiers/" xmlns:bqbiol="http://biomodels.net/biology-qualifiers/">
            <rdf:Description rdf:about="#metaid_0000144">
	<bqbiol:isVersionOf>
	<rdf:Bag>
	<rdf:li rdf:resource="http://identifiers.org/chebi/CHEBI:17138"/>
	</rdf:Bag>
	</bqbiol:isVersionOf>
	</rdf:Description>
	
	</rdf:RDF>
	</annotation>
            </species>
      <species compartment="compartment" id="PYR" metaid="metaid_0000145" name="PYR" sboTerm="SBO:0000247">
        <annotation>
	<rdf:RDF xmlns:rdf="http://www.w3.org/1999/02/22-rdf-syntax-ns#" xmlns:bqmodel="http://biomodels.net/model-qualifiers/" xmlns:bqbiol="http://biomodels.net/biology-qualifiers/">
            <rdf:Description rdf:about="#metaid_0000145">
	<bqbiol:isVersionOf>
	<rdf:Bag>
	<rdf:li rdf:resource="http://identifiers.org/chebi/CHEBI:15361"/>
	</rdf:Bag>
	</bqbiol:isVersionOf>
	</rdf:Description>
	
	</rdf:RDF>
	</annotation>
            </species>
      <species compartment="compartment" id="ATP" metaid="metaid_0000146" name="ATP" sboTerm="SBO:0000248">
        <annotation>
	<rdf:RDF xmlns:rdf="http://www.w3.org/1999/02/22-rdf-syntax-ns#" xmlns:bqmodel="http://biomodels.net/model-qualifiers/" xmlns:bqbiol="http://biomodels.net/biology-qualifiers/">
            <rdf:Description rdf:about="#metaid_0000146">
	<bqbiol:isVersionOf>
	<rdf:Bag>
	<rdf:li rdf:resource="http://identifiers.org/chebi/CHEBI:15422"/>
	</rdf:Bag>
	</bqbiol:isVersionOf>
	</rdf:Description>
	
	</rdf:RDF>
	</annotation>
            </species>
      <species compartment="compartment" id="NADHm" metaid="metaid_0000147" name="NADHm" sboTerm="SBO:0000248">
        <annotation>
	<rdf:RDF xmlns:rdf="http://www.w3.org/1999/02/22-rdf-syntax-ns#" xmlns:bqmodel="http://biomodels.net/model-qualifiers/" xmlns:bqbiol="http://biomodels.net/biology-qualifiers/">
            <rdf:Description rdf:about="#metaid_0000147">
	<bqbiol:isVersionOf>
	<rdf:Bag>
	<rdf:li rdf:resource="http://identifiers.org/chebi/CHEBI:16908"/>
	</rdf:Bag>
	</bqbiol:isVersionOf>
	</rdf:Description>
	
	</rdf:RDF>
	</annotation>
            </species>
      <species compartment="compartment" id="NADHc" metaid="metaid_0000148" name="NADHc" sboTerm="SBO:0000248">
        <annotation>
	<rdf:RDF xmlns:rdf="http://www.w3.org/1999/02/22-rdf-syntax-ns#" xmlns:bqmodel="http://biomodels.net/model-qualifiers/" xmlns:bqbiol="http://biomodels.net/biology-qualifiers/">
            <rdf:Description rdf:about="#metaid_0000148">
	<bqbiol:isVersionOf>
	<rdf:Bag>
	<rdf:li rdf:resource="http://identifiers.org/chebi/CHEBI:16908"/>
	</rdf:Bag>
	</bqbiol:isVersionOf>
	</rdf:Description>
	
	</rdf:RDF>
	</annotation>
            </species>
      <species compartment="compartment" id="Vm" metaid="metaid_0000149" name="Vm" sboTerm="SBO:0000002">
        <annotation>
	<rdf:RDF xmlns:rdf="http://www.w3.org/1999/02/22-rdf-syntax-ns#" xmlns:bqmodel="http://biomodels.net/model-qualifiers/" xmlns:bqbiol="http://biomodels.net/biology-qualifiers/">
            <rdf:Description rdf:about="#metaid_0000149">
	<bqbiol:isVersionOf>
	<rdf:Bag>
	<rdf:li rdf:resource="http://identifiers.org/pato/PATO:0001462"/>
	</rdf:Bag>
	</bqbiol:isVersionOf>
	</rdf:Description>
	
	</rdf:RDF>
	</annotation>
            </species>
      <species compartment="compartment" id="Cam" metaid="metaid_0000151" name="Cam" sboTerm="SBO:0000240">
        <annotation>
	<rdf:RDF xmlns:rdf="http://www.w3.org/1999/02/22-rdf-syntax-ns#" xmlns:bqmodel="http://biomodels.net/model-qualifiers/" xmlns:bqbiol="http://biomodels.net/biology-qualifiers/">
            <rdf:Description rdf:about="#metaid_0000151">
	<bqbiol:isVersionOf>
	<rdf:Bag>
	<rdf:li rdf:resource="http://identifiers.org/chebi/CHEBI:29108"/>
	</rdf:Bag>
	</bqbiol:isVersionOf>
	</rdf:Description>
	
	</rdf:RDF>
	</annotation>
            </species>
    </listOfSpecies>
    <listOfParameters>
      <parameter id="ai" metaid="metaid_0000003" sboTerm="SBO:0000009" value="0.341"/>
      <parameter id="am" metaid="metaid_0000004" sboTerm="SBO:0000009" value="0.2"/>
      <parameter id="Ao" metaid="metaid_0000005" sboTerm="SBO:0000196" value="4000"/>
      <parameter id="ATP_init" metaid="metaid_0000006" sboTerm="SBO:0000196" value="3700"/>
      <parameter id="Cac_init" metaid="metaid_0000007" sboTerm="SBO:0000196" value="0.1"/>
      <parameter id="Cam_init" metaid="metaid_0000008" sboTerm="SBO:0000196" value="0.2"/>
      <parameter id="CaR" metaid="metaid_0000009" sboTerm="SBO:0000196" value="0.09">
        <annotation>
	<rdf:RDF xmlns:rdf="http://www.w3.org/1999/02/22-rdf-syntax-ns#" xmlns:bqmodel="http://biomodels.net/model-qualifiers/" xmlns:bqbiol="http://biomodels.net/biology-qualifiers/">
            <rdf:Description rdf:about="#metaid_0000009">
	<bqmodel:is>
	<rdf:Bag>
	<rdf:li rdf:resource="http://identifiers.org/chebi/CHEBI:29108"/>
	</rdf:Bag>
	</bqmodel:is>
	</rdf:Description>
	
	</rdf:RDF>
	</annotation>
            </parameter>
      <parameter id="Cmit" metaid="metaid_0000010" sboTerm="SBO:0000258" value="5200"/>
      <parameter id="F" metaid="metaid_0000011" sboTerm="SBO:0000568" value="96480"/>
      <parameter id="fi" metaid="metaid_0000012" sboTerm="SBO:0000540" value="0.01"/>
      <parameter id="fm" metaid="metaid_0000013" sboTerm="SBO:0000540" value="0.0003"/>
      <parameter id="G3P_init" metaid="metaid_0000014" sboTerm="SBO:0000196" value="30"/>
      <parameter id="Glu" metaid="metaid_0000015" sboTerm="SBO:0000196" value="8">
        <annotation>
	<rdf:RDF xmlns:rdf="http://www.w3.org/1999/02/22-rdf-syntax-ns#" xmlns:bqmodel="http://biomodels.net/model-qualifiers/" xmlns:bqbiol="http://biomodels.net/biology-qualifiers/">
            <rdf:Description rdf:about="#metaid_0000015">
	<bqmodel:is>
	<rdf:Bag>
	<rdf:li rdf:resource="http://identifiers.org/chebi/CHEBI:17234"/>
	</rdf:Bag>
	</bqmodel:is>
	</rdf:Description>
	
	</rdf:RDF>
	</annotation>
            </parameter>
      <parameter id="hCa" metaid="metaid_0000016" sboTerm="SBO:0000190" value="4"/>
      <parameter id="hgl" metaid="metaid_0000017" sboTerm="SBO:0000190" value="1.7"/>
      <parameter id="hp" metaid="metaid_0000018" sboTerm="SBO:0000190" value="8"/>
      <parameter id="kACa" metaid="metaid_0000019" sboTerm="SBO:0000380" value="0.25"/>
      <parameter id="KAD" metaid="metaid_0000020" sboTerm="SBO:0000009" value="25"/>
      <parameter id="kat" metaid="metaid_0000021" sboTerm="SBO:0000009" value="-0.00492"/>
      <parameter id="kATP" metaid="metaid_0000022" sboTerm="SBO:0000009" value="4E-5"/>
      <parameter id="kATPCa" metaid="metaid_0000023" sboTerm="SBO:0000009" value="9E-5"/>
      <parameter id="kbt" metaid="metaid_0000024" sboTerm="SBO:0000009" value="-0.00443"/>
      <parameter id="kCaA" metaid="metaid_0000025" sboTerm="SBO:0000009" value="30"/>
      <parameter id="KCaj" metaid="metaid_0000026" sboTerm="SBO:0000009" value="8"/>
      <parameter id="KCam" metaid="metaid_0000027" sboTerm="SBO:0000009" value="0.05"/>
      <parameter id="KgNc" metaid="metaid_0000028" sboTerm="SBO:0000540" value="0.09"/>
      <parameter id="kgpd" metaid="metaid_0000029" sboTerm="SBO:0000009" value="1E-5"/>
      <parameter id="Klnc" metaid="metaid_0000030" sboTerm="SBO:0000540" value="1"/>
      <parameter id="klp" metaid="metaid_0000031" sboTerm="SBO:0000009" value="0.0305"/>
      <parameter id="Kmadp" metaid="metaid_0000032" sboTerm="SBO:0000027" value="20"/>
      <parameter id="KmATP" metaid="metaid_0000033" sboTerm="SBO:0000027" value="500"/>
      <parameter id="Kmg3p" metaid="metaid_0000034" sboTerm="SBO:0000027" value="200"/>
      <parameter id="Kmgl" metaid="metaid_0000035" sboTerm="SBO:0000027" value="7"/>
      <parameter id="KmLD" metaid="metaid_0000036" sboTerm="SBO:0000027" value="47.5"/>
      <parameter id="KmNh" metaid="metaid_0000037" sboTerm="SBO:0000027" value="3000"/>
      <parameter id="Kmph" metaid="metaid_0000038" sboTerm="SBO:0000027" value="131.4"/>
      <parameter id="Kmpyr" metaid="metaid_0000039" sboTerm="SBO:0000027" value="47.5"/>
      <parameter id="knadhc" metaid="metaid_0000040" sboTerm="SBO:0000009" value="0.0001"/>
      <parameter id="knadhm" metaid="metaid_0000041" sboTerm="SBO:0000009" value="0.0001"/>
      <parameter id="KNaj" metaid="metaid_0000042" sboTerm="SBO:0000009" value="8000"/>
      <parameter id="KpCam" metaid="metaid_0000043" sboTerm="SBO:0000009" value="0.165"/>
      <parameter id="KPNm" metaid="metaid_0000044" sboTerm="SBO:0000540" value="81"/>
      <parameter id="KTNc" metaid="metaid_0000045" sboTerm="SBO:0000231" value="0.002"/>
      <parameter id="KTNm" metaid="metaid_0000046" sboTerm="SBO:0000231" value="16.78"/>
      <parameter id="NADHc_init" metaid="metaid_0000047" sboTerm="SBO:0000196" value="10"/>
      <parameter id="NADHm_init" metaid="metaid_0000048" sboTerm="SBO:0000196" value="50"/>
      <parameter id="Nam" metaid="metaid_0000049" sboTerm="SBO:0000196" value="5000"/>
      <parameter id="Ni" metaid="metaid_0000050" sboTerm="SBO:0000196" value="10000"/>
      <parameter id="Ntc" metaid="metaid_0000051" sboTerm="SBO:0000196" value="2000"/>
      <parameter id="Ntm" metaid="metaid_0000052" sboTerm="SBO:0000196" value="2200"/>
      <parameter id="PCa" metaid="metaid_0000053" sboTerm="SBO:0000538" value="0.004"/>
      <parameter id="Plb" metaid="metaid_0000054" sboTerm="SBO:0000380" value="0.0012"/>
      <parameter id="Plr" metaid="metaid_0000055" sboTerm="SBO:0000380" value="0.0012"/>
      <parameter id="PYR_init" metaid="metaid_0000056" sboTerm="SBO:0000196" value="10"/>
      <parameter id="Tnadh" metaid="metaid_0000057" sboTerm="SBO:0000009" value="0.05"/>
      <parameter id="Tv" metaid="metaid_0000058" sboTerm="SBO:0000259" value="26.73"/>
      <parameter id="u1" metaid="metaid_0000059" sboTerm="SBO:0000009" value="1.5"/>
      <parameter id="u2" metaid="metaid_0000060" sboTerm="SBO:0000009" value="1.1"/>
      <parameter id="Vi" metaid="metaid_0000061" sboTerm="SBO:0000468" value="0.53"/>
      <parameter id="Vm_init" metaid="metaid_0000062" sboTerm="SBO:0000196" value="100"/>
      <parameter id="Vme" metaid="metaid_0000063" sboTerm="SBO:0000009" value="22"/>
      <parameter id="Vmglu" metaid="metaid_0000064" sboTerm="SBO:0000009" value="0.011"/>
      <parameter id="Vmgpd" metaid="metaid_0000065" sboTerm="SBO:0000009" value="0.5"/>
      <parameter id="Vmldh" metaid="metaid_0000066" sboTerm="SBO:0000009" value="1.2"/>
      <parameter id="Vmmit" metaid="metaid_0000067" sboTerm="SBO:0000468" value="0.0144"/>
      <parameter id="Vmnc" metaid="metaid_0000068" sboTerm="SBO:0000009" value="0.025"/>
      <parameter id="Vmpdh" metaid="metaid_0000069" sboTerm="SBO:0000009" value="0.3"/>
      <parameter id="Vmph" metaid="metaid_0000070" sboTerm="SBO:0000009" value="8"/>
      <parameter id="ZCa" metaid="metaid_0000071" sboTerm="SBO:0000545" value="2"/>
      <parameter constant="false" id="ACa" metaid="metaid_0000072"/>
      <parameter constant="false" id="AD" metaid="metaid_0000073"/>
      <parameter constant="false" id="ADP" metaid="metaid_0000074"/>
      <parameter constant="false" id="AT" metaid="metaid_0000075"/>
      <parameter constant="false" id="Cac" metaid="metaid_0000078"/>
      <parameter constant="false" id="DelJNCa" metaid="metaid_0000079"/>
      <parameter constant="false" id="FDe" metaid="metaid_0000080"/>
      <parameter constant="false" id="FLNADc" metaid="metaid_0000081"/>
      <parameter constant="false" id="FNADc" metaid="metaid_0000082"/>
      <parameter constant="false" id="FPCa" metaid="metaid_0000083"/>
      <parameter constant="false" id="FPNAD" metaid="metaid_0000084"/>
      <parameter constant="false" id="FPYR" metaid="metaid_0000085"/>
      <parameter constant="false" id="FTe" metaid="metaid_0000086"/>
      <parameter constant="false" id="JGlu" metaid="metaid_0000087"/>
      <parameter constant="false" id="Jgpd" metaid="metaid_0000088"/>
      <parameter constant="false" id="Jhl" metaid="metaid_0000089"/>
      <parameter constant="false" id="Jhres" metaid="metaid_0000090"/>
      <parameter constant="false" id="JLDH" metaid="metaid_0000091"/>
      <parameter constant="false" id="JNCa" metaid="metaid_0000092"/>
      <parameter constant="false" id="JO2" metaid="metaid_0000093"/>
      <parameter constant="false" id="Jph" metaid="metaid_0000094"/>
      <parameter constant="false" id="JPYR" metaid="metaid_0000095"/>
      <parameter constant="false" id="Jtnadh" metaid="metaid_0000096"/>
      <parameter constant="false" id="Juni" metaid="metaid_0000097"/>
      <parameter constant="false" id="MgADP" metaid="metaid_0000098"/>
      <parameter constant="false" id="NADc" metaid="metaid_0000099"/>
      <parameter constant="false" id="NADm" metaid="metaid_0000100"/>
      <parameter constant="false" id="ID" metaid="metaid_0000101" name="ID"/>
    </listOfParameters>
    <listOfInitialAssignments>
      <initialAssignment metaid="_6745662b-1cb6-4cd9-9d1b-27d622c93a8c" symbol="G3P">
        <math xmlns="http://www.w3.org/1998/Math/MathML">        
          <ci> G3P_init </ci>
        </math>
            </initialAssignment>
      <initialAssignment metaid="dee47c50-f827-4b07-bcc3-72df784881b6" symbol="PYR">
        <math xmlns="http://www.w3.org/1998/Math/MathML">        
          <ci> PYR_init </ci>
        </math>
            </initialAssignment>
      <initialAssignment metaid="_79a8558f-1d77-4d6f-81ac-154bd6fa1246" symbol="ATP">
        <math xmlns="http://www.w3.org/1998/Math/MathML">        
          <ci> ATP_init </ci>
        </math>
            </initialAssignment>
      <initialAssignment metaid="fee797e0-ad21-4f7b-84b0-b7b29f74b82b" symbol="NADHm">
        <math xmlns="http://www.w3.org/1998/Math/MathML">        
          <ci> NADHm_init </ci>
        </math>
            </initialAssignment>
      <initialAssignment metaid="_00592dd9-070c-4c97-baa3-9c3ba3f97c89" symbol="NADHc">
        <math xmlns="http://www.w3.org/1998/Math/MathML">        
          <ci> NADHc_init </ci>
        </math>
            </initialAssignment>
      <initialAssignment metaid="d2bf8ae5-9848-4879-b0e7-e56a27300b32" symbol="Vm">
        <math xmlns="http://www.w3.org/1998/Math/MathML">        
          <ci> Vm_init </ci>
        </math>
            </initialAssignment>
      <initialAssignment metaid="ec1ef745-a25b-447f-971c-7af6d15785e1" symbol="Cam">
        <math xmlns="http://www.w3.org/1998/Math/MathML">        
          <ci> Cam_init </ci>
        </math>
            </initialAssignment>
    </listOfInitialAssignments>
    <listOfRules>
      <assignmentRule metaid="metaid_0000109" variable="ACa">
        <math xmlns="http://www.w3.org/1998/Math/MathML">        
          <apply>
            <plus/>
            <cn> 1 </cn>
            <apply>
              <minus/>
              <apply>
                <times/>
                <cn> 1 </cn>
                <apply>
                  <divide/>
                  <cn> 1 </cn>
                  <apply>
                    <exp/>
                    <apply>
                      <times/>
                      <ci> Cam </ci>
                      <apply>
                        <divide/>
                        <cn> 1 </cn>
                        <ci> KpCam </ci>
                      </apply>
                    </apply>
                  </apply>
                </apply>
              </apply>
            </apply>
          </apply>
        </math>
            </assignmentRule>
      <assignmentRule metaid="metaid_0000110" variable="AD">
        <math xmlns="http://www.w3.org/1998/Math/MathML">        
          <apply>
            <times/>
            <ci> MgADP </ci>
            <ci> MgADP </ci>
            <apply>
              <divide/>
              <cn> 1 </cn>
              <apply>
                <plus/>
                <apply>
                  <times/>
                  <ci> MgADP </ci>
                  <ci> MgADP </ci>
                </apply>
                <apply>
                  <times/>
                  <ci> Kmadp </ci>
                  <ci> Kmadp </ci>
                </apply>
              </apply>
            </apply>
          </apply>
        </math>
            </assignmentRule>
      <assignmentRule metaid="metaid_0000111" variable="ADP">
        <math xmlns="http://www.w3.org/1998/Math/MathML">        
          <apply>
            <plus/>
            <ci> Ao </ci>
            <apply>
              <minus/>
              <ci> ATP </ci>
            </apply>
          </apply>
        </math>
            </assignmentRule>
      <assignmentRule metaid="metaid_0000112" variable="AT">
        <math xmlns="http://www.w3.org/1998/Math/MathML">        
          <apply>
            <times/>
            <apply>
              <power/>
              <ci> Vm </ci>
              <ci> hp </ci>
            </apply>
            <apply>
              <divide/>
              <cn> 1 </cn>
              <apply>
                <plus/>
                <apply>
                  <power/>
                  <ci> Kmph </ci>
                  <ci> hp </ci>
                </apply>
                <apply>
                  <power/>
                  <ci> Vm </ci>
                  <ci> hp </ci>
                </apply>
              </apply>
            </apply>
          </apply>
        </math>
            </assignmentRule>
      <assignmentRule metaid="metaid_0000113" variable="Cac">
        <math xmlns="http://www.w3.org/1998/Math/MathML">        
          <apply>
            <plus/>
            <ci> CaR </ci>
            <apply>
              <times/>
              <ci> kACa </ci>
              <apply>
                <power/>
                <apply>
                  <times/>
                  <ci> ATP </ci>
                  <apply>
                    <divide/>
                    <cn> 1 </cn>
                    <ci> ADP </ci>
                  </apply>
                </apply>
                <ci> hCa </ci>
              </apply>
              <apply>
                <divide/>
                <cn> 1 </cn>
                <apply>
                  <plus/>
                  <apply>
                    <power/>
                    <ci> KAD </ci>
                    <ci> hCa </ci>
                  </apply>
                  <apply>
                    <power/>
                    <apply>
                      <times/>
                      <ci> ATP </ci>
                      <apply>
                        <divide/>
                        <cn> 1 </cn>
                        <ci> ADP </ci>
                      </apply>
                    </apply>
                    <ci> hCa </ci>
                  </apply>
                </apply>
              </apply>
            </apply>
          </apply>
        </math>
            </assignmentRule>
      <assignmentRule metaid="metaid_0000114" variable="DelJNCa">
        <math xmlns="http://www.w3.org/1998/Math/MathML">        
          <apply>
            <plus/>
            <cn> 1 </cn>
            <apply>
              <times/>
              <apply>
                <power/>
                <ci> Ni </ci>
                <cn> 3 </cn>
              </apply>
              <apply>
                <divide/>
                <cn> 1 </cn>
                <apply>
                  <power/>
                  <ci> KNaj </ci>
                  <cn> 3 </cn>
                </apply>
              </apply>
            </apply>
            <apply>
              <times/>
              <ci> Cam </ci>
              <apply>
                <divide/>
                <cn> 1 </cn>
                <ci> KCaj </ci>
              </apply>
            </apply>
            <apply>
              <times/>
              <apply>
                <power/>
                <ci> Ni </ci>
                <cn> 3 </cn>
              </apply>
              <ci> Cam </ci>
              <apply>
                <divide/>
                <cn> 1 </cn>
                <apply>
                  <times/>
                  <apply>
                    <power/>
                    <ci> KNaj </ci>
                    <cn> 3 </cn>
                  </apply>
                  <ci> KCaj </ci>
                </apply>
              </apply>
            </apply>
            <apply>
              <times/>
              <apply>
                <power/>
                <ci> Nam </ci>
                <cn> 3 </cn>
              </apply>
              <apply>
                <divide/>
                <cn> 1 </cn>
                <apply>
                  <power/>
                  <ci> KNaj </ci>
                  <cn> 3 </cn>
                </apply>
              </apply>
            </apply>
            <apply>
              <times/>
              <ci> Cac </ci>
              <apply>
                <divide/>
                <cn> 1 </cn>
                <ci> KCaj </ci>
              </apply>
            </apply>
            <apply>
              <times/>
              <apply>
                <power/>
                <ci> Nam </ci>
                <cn> 3 </cn>
              </apply>
              <ci> Cac </ci>
              <apply>
                <divide/>
                <cn> 1 </cn>
                <apply>
                  <times/>
                  <apply>
                    <power/>
                    <ci> KNaj </ci>
                    <cn> 3 </cn>
                  </apply>
                  <ci> KCaj </ci>
                </apply>
              </apply>
            </apply>
          </apply>
        </math>
            </assignmentRule>
      <assignmentRule metaid="metaid_0000115" variable="FDe">
        <math xmlns="http://www.w3.org/1998/Math/MathML">        
          <apply>
            <times/>
            <ci> NADHm </ci>
            <apply>
              <divide/>
              <cn> 1 </cn>
              <apply>
                <plus/>
                <ci> KmNh </ci>
                <ci> NADHm </ci>
              </apply>
            </apply>
          </apply>
        </math>
            </assignmentRule>
      <assignmentRule metaid="metaid_0000116" variable="FLNADc">
        <math xmlns="http://www.w3.org/1998/Math/MathML">        
          <apply>
            <times/>
            <ci> NADHc </ci>
            <apply>
              <divide/>
              <cn> 1 </cn>
              <apply>
                <plus/>
                <ci> Klnc </ci>
                <apply>
                  <times/>
                  <ci> NADHc </ci>
                  <apply>
                    <divide/>
                    <cn> 1 </cn>
                    <ci> NADc </ci>
                  </apply>
                </apply>
              </apply>
            </apply>
            <apply>
              <divide/>
              <cn> 1 </cn>
              <ci> NADc </ci>
            </apply>
          </apply>
        </math>
            </assignmentRule>
      <assignmentRule metaid="metaid_0000117" variable="FNADc">
        <math xmlns="http://www.w3.org/1998/Math/MathML">        
          <apply>
            <times/>
            <ci> NADHc </ci>
            <apply>
              <divide/>
              <cn> 1 </cn>
              <apply>
                <plus/>
                <ci> KTNc </ci>
                <apply>
                  <times/>
                  <ci> NADHc </ci>
                  <apply>
                    <divide/>
                    <cn> 1 </cn>
                    <ci> NADc </ci>
                  </apply>
                </apply>
              </apply>
            </apply>
            <apply>
              <divide/>
              <cn> 1 </cn>
              <ci> NADc </ci>
            </apply>
          </apply>
        </math>
            </assignmentRule>
      <assignmentRule metaid="metaid_0000118" variable="FPCa">
        <math xmlns="http://www.w3.org/1998/Math/MathML">        
          <apply>
            <times/>
            <cn> 1 </cn>
            <apply>
              <divide/>
              <cn> 1 </cn>
              <apply>
                <plus/>
                <cn> 1 </cn>
                <apply>
                  <times/>
                  <ci> u2 </ci>
                  <apply>
                    <plus/>
                    <cn> 1 </cn>
                    <apply>
                      <times/>
                      <ci> u1 </ci>
                      <apply>
                        <divide/>
                        <cn> 1 </cn>
                        <apply>
                          <power/>
                          <apply>
                            <plus/>
                            <cn> 1 </cn>
                            <apply>
                              <times/>
                              <ci> Cam </ci>
                              <apply>
                                <divide/>
                                <cn> 1 </cn>
                                <ci> KCam </ci>
                              </apply>
                            </apply>
                          </apply>
                          <cn> 2 </cn>
                        </apply>
                      </apply>
                    </apply>
                  </apply>
                </apply>
              </apply>
            </apply>
          </apply>
        </math>
            </assignmentRule>
      <assignmentRule metaid="metaid_0000119" variable="FPNAD">
        <math xmlns="http://www.w3.org/1998/Math/MathML">        
          <apply>
            <times/>
            <ci> NADm </ci>
            <apply>
              <divide/>
              <cn> 1 </cn>
              <apply>
                <plus/>
                <ci> KPNm </ci>
                <apply>
                  <times/>
                  <ci> NADm </ci>
                  <apply>
                    <divide/>
                    <cn> 1 </cn>
                    <ci> NADHm </ci>
                  </apply>
                </apply>
              </apply>
            </apply>
            <apply>
              <divide/>
              <cn> 1 </cn>
              <ci> NADHm </ci>
            </apply>
          </apply>
        </math>
            </assignmentRule>
      <assignmentRule metaid="metaid_0000120" variable="FPYR">
        <math xmlns="http://www.w3.org/1998/Math/MathML">        
          <apply>
            <times/>
            <ci> PYR </ci>
            <apply>
              <divide/>
              <cn> 1 </cn>
              <apply>
                <plus/>
                <ci> Kmpyr </ci>
                <ci> PYR </ci>
              </apply>
            </apply>
          </apply>
        </math>
            </assignmentRule>
      <assignmentRule metaid="metaid_0000121" variable="FTe">
        <math xmlns="http://www.w3.org/1998/Math/MathML">        
          <apply>
            <times/>
            <apply>
              <plus/>
              <cn> 1 </cn>
              <apply>
                <times/>
                <ci> kat </ci>
                <ci> Vm </ci>
              </apply>
            </apply>
            <apply>
              <divide/>
              <cn> 1 </cn>
              <apply>
                <plus/>
                <cn> 1 </cn>
                <apply>
                  <times/>
                  <ci> kbt </ci>
                  <ci> Vm </ci>
                </apply>
              </apply>
            </apply>
          </apply>
        </math>
            </assignmentRule>
      <assignmentRule metaid="metaid_0000122" variable="JGlu">
        <math xmlns="http://www.w3.org/1998/Math/MathML">        
          <apply>
            <times/>
            <ci> Vmglu </ci>
            <apply>
              <power/>
              <ci> Glu </ci>
              <ci> hgl </ci>
            </apply>
            <ci> ATP </ci>
            <apply>
              <divide/>
              <cn> 1 </cn>
              <apply>
                <plus/>
                <apply>
                  <power/>
                  <ci> Kmgl </ci>
                  <ci> hgl </ci>
                </apply>
                <apply>
                  <power/>
                  <ci> Glu </ci>
                  <ci> hgl </ci>
                </apply>
              </apply>
            </apply>
            <apply>
              <divide/>
              <cn> 1 </cn>
              <apply>
                <plus/>
                <ci> KmATP </ci>
                <ci> ATP </ci>
              </apply>
            </apply>
          </apply>
        </math>
            </assignmentRule>
      <assignmentRule metaid="metaid_0000123" variable="Jgpd">
        <math xmlns="http://www.w3.org/1998/Math/MathML">        
          <apply>
            <times/>
            <ci> Vmgpd </ci>
            <ci> G3P </ci>
            <ci> NADc </ci>
            <apply>
              <divide/>
              <cn> 1 </cn>
              <apply>
                <plus/>
                <ci> G3P </ci>
                <ci> Kmg3p </ci>
              </apply>
            </apply>
            <apply>
              <divide/>
              <cn> 1 </cn>
              <apply>
                <plus/>
                <ci> KgNc </ci>
                <apply>
                  <times/>
                  <ci> NADc </ci>
                  <apply>
                    <divide/>
                    <cn> 1 </cn>
                    <ci> NADHc </ci>
                  </apply>
                </apply>
              </apply>
            </apply>
            <apply>
              <divide/>
              <cn> 1 </cn>
              <ci> NADHc </ci>
            </apply>
          </apply>
        </math>
            </assignmentRule>
      <assignmentRule metaid="metaid_0000124" variable="Jhl">
        <math xmlns="http://www.w3.org/1998/Math/MathML">        
          <apply>
            <times/>
            <apply>
              <plus/>
              <ci> Plb </ci>
              <ci> Plr </ci>
            </apply>
            <apply>
              <exp/>
              <apply>
                <times/>
                <ci> klp </ci>
                <ci> Vm </ci>
              </apply>
            </apply>
          </apply>
        </math>
            </assignmentRule>
      <assignmentRule metaid="metaid_0000125" variable="Jhres">
        <math xmlns="http://www.w3.org/1998/Math/MathML">        
          <apply>
            <times/>
            <ci> Vme </ci>
            <ci> FTe </ci>
            <ci> FDe </ci>
          </apply>
        </math>
            </assignmentRule>
      <assignmentRule metaid="metaid_0000126" variable="JLDH">
        <math xmlns="http://www.w3.org/1998/Math/MathML">        
          <apply>
            <times/>
            <ci> Vmldh </ci>
            <ci> FLNADc </ci>
            <ci> PYR </ci>
            <apply>
              <divide/>
              <cn> 1 </cn>
              <apply>
                <plus/>
                <ci> KmLD </ci>
                <ci> PYR </ci>
              </apply>
            </apply>
          </apply>
        </math>
            </assignmentRule>
      <assignmentRule metaid="metaid_0000127" variable="JNCa">
        <math xmlns="http://www.w3.org/1998/Math/MathML">        
          <apply>
            <times/>
            <ci> Vmnc </ci>
            <apply>
              <plus/>
              <apply>
                <exp/>
                <apply>
                  <times/>
                  <cn> 0.5 </cn>
                  <ci> Vm </ci>
                  <apply>
                    <power/>
                    <ci> Ni </ci>
                    <cn> 3 </cn>
                  </apply>
                  <ci> Cam </ci>
                  <apply>
                    <divide/>
                    <cn> 1 </cn>
                    <apply>
                      <times/>
                      <ci> Tv </ci>
                      <apply>
                        <power/>
                        <ci> KNaj </ci>
                        <cn> 3 </cn>
                      </apply>
                      <ci> KCaj </ci>
                    </apply>
                  </apply>
                </apply>
              </apply>
              <apply>
                <minus/>
                <apply>
                  <exp/>
                  <apply>
                    <minus/>
                    <apply>
                      <times/>
                      <cn> 0.5 </cn>
                      <ci> Vm </ci>
                      <apply>
                        <power/>
                        <ci> Nam </ci>
                        <cn> 3 </cn>
                      </apply>
                      <ci> Cac </ci>
                      <apply>
                        <divide/>
                        <cn> 1 </cn>
                        <apply>
                          <times/>
                          <ci> Tv </ci>
                          <apply>
                            <power/>
                            <ci> KNaj </ci>
                            <cn> 3 </cn>
                          </apply>
                          <ci> KCaj </ci>
                        </apply>
                      </apply>
                    </apply>
                  </apply>
                </apply>
              </apply>
            </apply>
            <apply>
              <divide/>
              <cn> 1 </cn>
              <ci> DelJNCa </ci>
            </apply>
          </apply>
        </math>
            </assignmentRule>
      <assignmentRule metaid="metaid_0000128" variable="JO2">
        <math xmlns="http://www.w3.org/1998/Math/MathML">        
          <apply>
            <times/>
            <cn> 0.1 </cn>
            <ci> Jhres </ci>
          </apply>
        </math>
            </assignmentRule>
      <assignmentRule metaid="metaid_0000129" variable="Jph">
        <math xmlns="http://www.w3.org/1998/Math/MathML">        
          <apply>
            <times/>
            <ci> Vmph </ci>
            <ci> AD </ci>
            <ci> AT </ci>
            <ci> ACa </ci>
          </apply>
        </math>
            </assignmentRule>
      <assignmentRule metaid="metaid_0000130" variable="JPYR">
        <math xmlns="http://www.w3.org/1998/Math/MathML">        
          <apply>
            <times/>
            <ci> Vmpdh </ci>
            <ci> FPNAD </ci>
            <ci> FPCa </ci>
            <ci> FPYR </ci>
          </apply>
        </math>
            </assignmentRule>
      <assignmentRule metaid="metaid_0000131" variable="Jtnadh">
        <math xmlns="http://www.w3.org/1998/Math/MathML">        
          <apply>
            <times/>
            <ci> Tnadh </ci>
            <ci> FNADc </ci>
            <ci> NADm </ci>
            <apply>
              <divide/>
              <cn> 1 </cn>
              <apply>
                <plus/>
                <ci> KTNm </ci>
                <apply>
                  <times/>
                  <ci> NADm </ci>
                  <apply>
                    <divide/>
                    <cn> 1 </cn>
                    <ci> NADHm </ci>
                  </apply>
                </apply>
              </apply>
            </apply>
            <apply>
              <divide/>
              <cn> 1 </cn>
              <ci> NADHm </ci>
            </apply>
          </apply>
        </math>
            </assignmentRule>
      <assignmentRule metaid="metaid_0000132" variable="Juni">
        <math xmlns="http://www.w3.org/1998/Math/MathML">        
          <apply>
            <times/>
            <ci> PCa </ci>
            <ci> ZCa </ci>
            <ci> Vm </ci>
            <apply>
              <plus/>
              <apply>
                <times/>
                <ci> am </ci>
                <ci> Cam </ci>
                <apply>
                  <exp/>
                  <apply>
                    <minus/>
                    <apply>
                      <times/>
                      <ci> Vm </ci>
                      <ci> ZCa </ci>
                      <apply>
                        <divide/>
                        <cn> 1 </cn>
                        <ci> Tv </ci>
                      </apply>
                    </apply>
                  </apply>
                </apply>
              </apply>
              <apply>
                <minus/>
                <apply>
                  <times/>
                  <ci> ai </ci>
                  <ci> Cac </ci>
                </apply>
              </apply>
            </apply>
            <apply>
              <divide/>
              <cn> 1 </cn>
              <ci> Tv </ci>
            </apply>
            <apply>
              <divide/>
              <cn> 1 </cn>
              <apply>
                <plus/>
                <cn> -1 </cn>
                <apply>
                  <exp/>
                  <apply>
                    <minus/>
                    <apply>
                      <times/>
                      <ci> Vm </ci>
                      <ci> ZCa </ci>
                      <apply>
                        <divide/>
                        <cn> 1 </cn>
                        <ci> Tv </ci>
                      </apply>
                    </apply>
                  </apply>
                </apply>
              </apply>
            </apply>
          </apply>
        </math>
            </assignmentRule>
      <assignmentRule metaid="metaid_0000133" variable="MgADP">
        <math xmlns="http://www.w3.org/1998/Math/MathML">        
          <apply>
            <times/>
            <cn> 0.055 </cn>
            <ci> ADP </ci>
          </apply>
        </math>
            </assignmentRule>
      <assignmentRule metaid="metaid_0000134" variable="NADc">
        <math xmlns="http://www.w3.org/1998/Math/MathML">        
          <apply>
            <plus/>
            <ci> Ntc </ci>
            <apply>
              <minus/>
              <ci> NADHc </ci>
            </apply>
          </apply>
        </math>
            </assignmentRule>
      <assignmentRule metaid="metaid_0000135" variable="NADm">
        <math xmlns="http://www.w3.org/1998/Math/MathML">        
          <apply>
            <plus/>
            <ci> Ntm </ci>
            <apply>
              <minus/>
              <ci> NADHm </ci>
            </apply>
          </apply>
        </math>
            </assignmentRule>
      <rateRule metaid="metaid_0000136" variable="G3P">
        <math xmlns="http://www.w3.org/1998/Math/MathML">        
          <apply>
            <plus/>
            <apply>
              <times/>
              <apply>
                <plus/>
                <apply>
                  <times/>
                  <cn> 2 </cn>
                  <ci> JGlu </ci>
                </apply>
                <apply>
                  <minus/>
                  <ci> Jgpd </ci>
                </apply>
              </apply>
              <apply>
                <divide/>
                <cn> 1 </cn>
                <ci> Vi </ci>
              </apply>
            </apply>
            <apply>
              <minus/>
              <apply>
                <times/>
                <ci> kgpd </ci>
                <ci> G3P </ci>
              </apply>
            </apply>
          </apply>
        </math>
            </rateRule>
      <rateRule metaid="metaid_0000137" variable="PYR">
        <math xmlns="http://www.w3.org/1998/Math/MathML">        
          <apply>
            <times/>
            <apply>
              <plus/>
              <ci> Jgpd </ci>
              <apply>
                <minus/>
                <ci> JPYR </ci>
              </apply>
              <apply>
                <minus/>
                <ci> JLDH </ci>
              </apply>
            </apply>
            <apply>
              <divide/>
              <cn> 1 </cn>
              <apply>
                <plus/>
                <ci> Vi </ci>
                <ci> Vmmit </ci>
              </apply>
            </apply>
          </apply>
        </math>
            </rateRule>
      <rateRule metaid="metaid_0000138" variable="ATP">
        <math xmlns="http://www.w3.org/1998/Math/MathML">        
          <apply>
            <plus/>
            <apply>
              <minus/>
              <apply>
                <times/>
                <apply>
                  <plus/>
                  <ci> kATP </ci>
                  <apply>
                    <times/>
                    <ci> kATPCa </ci>
                    <ci> Cac </ci>
                  </apply>
                </apply>
                <ci> ATP </ci>
              </apply>
            </apply>
            <apply>
              <times/>
              <apply>
                <plus/>
                <apply>
                  <times/>
                  <cn> 2 </cn>
                  <ci> JGlu </ci>
                </apply>
                <apply>
                  <times/>
                  <cn> 0.231 </cn>
                  <ci> Jph </ci>
                </apply>
              </apply>
              <apply>
                <divide/>
                <cn> 1 </cn>
                <ci> Vi </ci>
              </apply>
            </apply>
          </apply>
        </math>
            </rateRule>
      <rateRule metaid="metaid_0000139" variable="NADHm">
        <math xmlns="http://www.w3.org/1998/Math/MathML">        
          <apply>
            <plus/>
            <apply>
              <times/>
              <apply>
                <plus/>
                <apply>
                  <times/>
                  <cn> 4.6 </cn>
                  <ci> JPYR </ci>
                </apply>
                <apply>
                  <minus/>
                  <apply>
                    <times/>
                    <cn> 0.1 </cn>
                    <ci> Jhres </ci>
                  </apply>
                </apply>
                <ci> Jtnadh </ci>
              </apply>
              <apply>
                <divide/>
                <cn> 1 </cn>
                <ci> Vmmit </ci>
              </apply>
            </apply>
            <apply>
              <minus/>
              <apply>
                <times/>
                <ci> knadhm </ci>
                <ci> NADHm </ci>
              </apply>
            </apply>
          </apply>
        </math>
            </rateRule>
      <rateRule metaid="metaid_0000140" variable="NADHc">
        <math xmlns="http://www.w3.org/1998/Math/MathML">        
          <apply>
            <plus/>
            <apply>
              <times/>
              <apply>
                <plus/>
                <ci> Jgpd </ci>
                <apply>
                  <minus/>
                  <ci> Jtnadh </ci>
                </apply>
                <apply>
                  <minus/>
                  <ci> JLDH </ci>
                </apply>
              </apply>
              <apply>
                <divide/>
                <cn> 1 </cn>
                <ci> Vi </ci>
              </apply>
            </apply>
            <apply>
              <minus/>
              <apply>
                <times/>
                <ci> knadhc </ci>
                <ci> NADHc </ci>
              </apply>
            </apply>
          </apply>
        </math>
            </rateRule>
      <rateRule metaid="metaid_0000141" variable="Vm">
        <math xmlns="http://www.w3.org/1998/Math/MathML">        
          <apply>
            <times/>
            <apply>
              <plus/>
              <ci> Jhres </ci>
              <apply>
                <minus/>
                <ci> Jph </ci>
              </apply>
              <apply>
                <minus/>
                <ci> Jhl </ci>
              </apply>
              <apply>
                <minus/>
                <apply>
                  <times/>
                  <cn> 2 </cn>
                  <ci> Juni </ci>
                </apply>
              </apply>
              <apply>
                <minus/>
                <ci> JNCa </ci>
              </apply>
            </apply>
            <ci> F </ci>
            <apply>
              <divide/>
              <cn> 1 </cn>
              <ci> Cmit </ci>
            </apply>
          </apply>
        </math>
            </rateRule>
      <rateRule metaid="metaid_0000142" variable="Cam">
        <math xmlns="http://www.w3.org/1998/Math/MathML">        
          <apply>
            <times/>
            <ci> fm </ci>
            <apply>
              <plus/>
              <ci> Juni </ci>
              <apply>
                <minus/>
                <ci> JNCa </ci>
              </apply>
            </apply>
            <apply>
              <divide/>
              <cn> 1 </cn>
              <ci> Vmmit </ci>
            </apply>
          </apply>
        </math>
            </rateRule>
      <assignmentRule metaid="metaid_0000143" variable="ID">
        <math xmlns="http://www.w3.org/1998/Math/MathML">        
          <apply>
            <divide/>
            <ci> ATP </ci>
            <ci> ADP </ci>
          </apply>
        </math>
            </assignmentRule>
    </listOfRules>
  </model>
</sbml>